id,cpu,ram,disk,containers,uptime,ts
1,?,?,?,0,0d0h,2026-04-11 16:39:53
2,93%,8126M/15989M,70%,0,0d0h,2026-04-11 16:40:31
3,93%,8659M/15989M,70%,0,4d8h,2026-04-11 16:45:31
4,93%,8708M/15989M,70%,0,4d8h,2026-04-11 16:50:30
5,93%,8272M/15989M,70%,0,4d8h,2026-04-11 16:55:30
6,?,?,?,0,?,2026-04-11 16:57:19
7,93%,8843/15989MB,70%,0,8h,2026-04-11 17:00:36
8,93%,8939/15989MB,70%,0,8h,2026-04-11 17:05:30
9,93%,8526/15989MB,70%,0,8h,2026-04-11 17:10:31
10,93%,8580/15989MB,70%,0,9h,2026-04-11 17:15:30
11,93%,8805/15989MB,70%,0,9h,2026-04-11 17:20:30
12,93%,8599/15989MB,70%,0,9h,2026-04-11 17:25:30
13,93%,8754/15989MB,70%,0,9h,2026-04-11 17:30:33
14,93%,8821/15989MB,70%,0,9h,2026-04-11 17:35:30
15,93%,8932/15989MB,70%,0,9h,2026-04-11 17:40:32
16,93%,8513/15989MB,70%,0,9h,2026-04-11 17:45:30
17,93%,8897/15989MB,70%,94,4d9h,2026-04-11 17:50:32
18,93%,9054/15989MB,70%,94,4d9h,2026-04-11 17:50:33
19,93%,8794/15989MB,70%,94,4d9h,2026-04-11 17:55:31
20,93%,7391/15989MB,70%,92,4d9h,2026-04-11 18:00:46
21,92%,7077/15989MB,70%,92,4d9h,2026-04-11 18:05:30
22,92%,6897/15989MB,70%,92,4d9h,2026-04-11 18:10:31
23,92%,7481/15989MB,70%,94,4d10h,2026-04-11 18:15:32
24,92%,7463/15989MB,70%,92,4d10h,2026-04-11 18:20:33
25,92%,7485/15989MB,70%,94,4d10h,2026-04-11 18:25:31
26,92%,7277/15989MB,70%,92,4d10h,2026-04-11 18:30:35
27,92%,7319/15989MB,70%,92,4d10h,2026-04-11 18:35:31
28,92%,7015/15989MB,70%,92,4d10h,2026-04-11 18:40:32
29,92%,7394/15989MB,70%,92,4d10h,2026-04-11 18:45:32
30,92%,7378/15989MB,70%,92,4d10h,2026-04-11 18:50:33
31,92%,7270/15989MB,70%,92,4d10h,2026-04-11 18:55:32
32,92%,7266/15989MB,70%,92,4d10h,2026-04-11 19:00:33
33,92%,6929/15989MB,70%,92,4d10h,2026-04-11 19:05:31
34,92%,7551/15989MB,70%,94,4d10h,2026-04-11 19:10:32
35,92%,7469/15989MB,70%,92,4d11h,2026-04-11 19:15:33
36,92%,7416/15989MB,70%,92,4d11h,2026-04-11 19:15:51
37,92%,7517/15989MB,70%,92,4d11h,2026-04-11 19:20:35
38,92%,7186/15989MB,70%,92,4d11h,2026-04-11 19:25:31
39,92%,7344/15989MB,70%,92,4d11h,2026-04-11 19:30:33
40,92%,6885/15989MB,70%,92,4d11h,2026-04-11 19:35:32
41,92%,7417/15989MB,70%,92,4d11h,2026-04-11 19:40:34
42,92%,7618/15989MB,70%,94,4d11h,2026-04-11 19:45:32
43,92%,7280/15989MB,70%,92,4d11h,2026-04-11 19:50:35
44,92%,7704/15989MB,70%,96,4d11h,2026-04-11 19:55:33
45,92%,7535/15989MB,70%,94,4d11h,2026-04-11 20:00:45
46,92%,7584/15989MB,70%,94,4d11h,2026-04-11 20:05:33
47,92%,7769/15989MB,70%,96,4d11h,2026-04-11 20:10:35
48,91%,7465/15989MB,71%,92,4d12h,2026-04-11 20:15:32
49,91%,7081/15989MB,71%,92,4d12h,2026-04-11 20:20:35
50,91%,7474/15989MB,71%,92,4d12h,2026-04-11 20:25:32
51,91%,7620/15989MB,71%,94,4d12h,2026-04-11 20:30:34
52,91%,7513/15989MB,71%,95,4d12h,2026-04-11 20:35:32
53,91%,6975/15989MB,71%,92,4d12h,2026-04-11 20:40:32
54,91%,7561/15989MB,71%,92,4d12h,2026-04-11 20:45:33
55,91%,7395/15989MB,71%,92,4d12h,2026-04-11 20:50:34
56,91%,7467/15989MB,71%,92,4d12h,2026-04-11 20:55:16
57,91%,7564/15989MB,71%,93,4d12h,2026-04-11 20:55:31
58,91%,7723/15989MB,71%,94,4d12h,2026-04-11 21:00:36
59,91%,7626/15989MB,71%,97,4d12h,2026-04-11 21:05:32
60,91%,7703/15989MB,71%,96,4d12h,2026-04-11 21:10:34
61,91%,7507/15989MB,72%,94,4d13h,2026-04-11 21:15:32
62,91%,7241/15989MB,72%,92,4d13h,2026-04-11 21:20:32
63,91%,7688/15989MB,72%,95,4d13h,2026-04-11 21:25:31
64,91%,7510/15989MB,72%,92,4d13h,2026-04-11 21:30:35
65,91%,7670/15989MB,72%,94,4d13h,2026-04-11 21:35:31
66,91%,7300/15989MB,72%,92,4d13h,2026-04-11 21:40:35
67,91%,7051/15989MB,72%,92,4d13h,2026-04-11 21:45:33
68,91%,7538/15989MB,72%,92,4d13h,2026-04-11 21:50:32
69,91%,7575/15989MB,72%,94,4d13h,2026-04-11 21:55:31
70,91%,7583/15989MB,72%,92,4d13h,2026-04-11 22:00:47
71,91%,7151/15989MB,72%,94,4d13h,2026-04-11 22:05:32
72,91%,7600/15989MB,72%,94,4d13h,2026-04-11 22:05:46
73,91%,7749/15989MB,72%,94,4d13h,2026-04-11 22:10:35
74,91%,7649/15989MB,72%,92,4d14h,2026-04-11 22:15:33
75,91%,7468/15989MB,72%,92,4d14h,2026-04-11 22:20:32
76,91%,7005/15989MB,72%,93,4d14h,2026-04-11 22:25:33
77,91%,7561/15989MB,72%,92,4d14h,2026-04-11 22:30:33
78,91%,7344/15989MB,72%,92,4d14h,2026-04-11 22:35:32
79,91%,7587/15989MB,72%,92,4d14h,2026-04-11 22:40:34
80,91%,7516/15989MB,73%,95,4d14h,2026-04-11 22:45:33
81,91%,7698/15989MB,73%,94,4d14h,2026-04-11 22:50:36
82,91%,8002/15989MB,73%,94,4d14h,2026-04-11 22:55:31
83,90%,7591/15989MB,73%,92,4d14h,2026-04-11 23:00:36
84,90%,7504/15989MB,73%,92,4d14h,2026-04-11 23:05:32
85,90%,7563/15989MB,73%,92,4d14h,2026-04-11 23:10:32
86,90%,7608/15989MB,73%,92,4d15h,2026-04-11 23:15:33
87,90%,7297/15989MB,73%,92,4d15h,2026-04-11 23:20:33
88,90%,7371/15989MB,73%,92,4d15h,2026-04-11 23:25:32
89,90%,7433/15989MB,73%,92,4d15h,2026-04-11 23:30:36
90,90%,7437/15989MB,73%,92,4d15h,2026-04-11 23:35:32
91,90%,7452/15989MB,73%,92,4d15h,2026-04-11 23:40:32
92,90%,7643/15989MB,73%,92,4d15h,2026-04-11 23:45:34
93,90%,7629/15989MB,73%,94,4d15h,2026-04-11 23:50:33
94,90%,7555/15989MB,73%,92,4d15h,2026-04-11 23:55:32
95,90%,7518/15989MB,73%,92,4d15h,2026-04-11 23:55:40
96,90%,7459/15989MB,72%,92,4d15h,2026-04-12 00:00:44
97,90%,6962/15989MB,56%,92,4d15h,2026-04-12 00:05:32
98,90%,7493/15989MB,56%,93,4d15h,2026-04-12 00:10:34
99,90%,7594/15989MB,56%,95,4d16h,2026-04-12 00:15:33
100,90%,7372/15989MB,56%,93,4d16h,2026-04-12 00:20:32
101,90%,7798/15989MB,56%,94,4d16h,2026-04-12 00:25:31
102,90%,7478/15989MB,56%,93,4d16h,2026-04-12 00:30:33
103,90%,7440/15989MB,56%,93,4d16h,2026-04-12 00:35:31
104,90%,7327/15989MB,56%,93,4d16h,2026-04-12 00:40:33
105,90%,7492/15989MB,56%,93,4d16h,2026-04-12 00:45:32
106,90%,7693/15989MB,56%,95,4d16h,2026-04-12 00:50:31
107,90%,7516/15989MB,56%,93,4d16h,2026-04-12 00:55:31
108,90%,7453/15989MB,56%,93,4d16h,2026-04-12 00:55:35
109,90%,7421/15989MB,56%,93,4d16h,2026-04-12 01:00:38
110,90%,7486/15989MB,56%,93,4d16h,2026-04-12 01:05:31
111,90%,7535/15989MB,56%,93,4d16h,2026-04-12 01:10:32
112,90%,7685/15989MB,56%,95,4d16h,2026-04-12 01:10:55
113,89%,7655/15989MB,56%,95,4d17h,2026-04-12 01:15:31
114,89%,7593/15989MB,56%,93,4d17h,2026-04-12 01:20:32
115,89%,7447/15989MB,56%,93,4d17h,2026-04-12 01:25:31
116,89%,7602/15989MB,56%,93,4d17h,2026-04-12 01:30:32
117,89%,7499/15989MB,56%,93,4d17h,2026-04-12 01:35:31
118,89%,7583/15989MB,56%,93,4d17h,2026-04-12 01:40:31
119,89%,7456/15989MB,56%,93,4d17h,2026-04-12 01:45:32
120,89%,7754/15989MB,56%,95,4d17h,2026-04-12 01:50:31
121,89%,7477/15989MB,56%,93,4d17h,2026-04-12 01:55:31
122,89%,7374/15989MB,56%,93,4d17h,2026-04-12 02:00:36
123,89%,7259/15989MB,56%,93,4d17h,2026-04-12 02:05:30
124,89%,7246/15989MB,56%,93,4d17h,2026-04-12 02:10:30
125,89%,7232/15989MB,56%,93,4d18h,2026-04-12 02:15:32
126,89%,7101/15989MB,56%,93,4d18h,2026-04-12 02:20:31
127,89%,7089/15989MB,56%,93,4d18h,2026-04-12 02:25:30
128,89%,7613/15989MB,56%,93,4d18h,2026-04-12 02:30:33
129,89%,7262/15989MB,56%,95,4d18h,2026-04-12 02:31:41
130,89%,7631/15989MB,56%,93,4d18h,2026-04-12 02:35:31
131,89%,7718/15989MB,56%,93,4d18h,2026-04-12 02:40:31
132,89%,7609/15989MB,56%,93,4d18h,2026-04-12 02:45:31
133,89%,7631/15989MB,56%,95,4d18h,2026-04-12 02:50:31
134,89%,7621/15989MB,56%,93,4d18h,2026-04-12 02:55:30
135,89%,7611/15989MB,56%,93,4d18h,2026-04-12 03:00:34
136,89%,7237/15989MB,56%,95,4d18h,2026-04-12 03:01:55
137,89%,7134/15989MB,56%,93,4d18h,2026-04-12 03:05:03
138,89%,7371/15989MB,56%,93,4d18h,2026-04-12 03:05:30
139,89%,7188/15989MB,56%,93,4d18h,2026-04-12 03:10:05
140,89%,7364/15989MB,56%,93,4d18h,2026-04-12 03:10:30
141,89%,7078/15989MB,56%,93,4d19h,2026-04-12 03:15:04
142,89%,7732/15989MB,56%,93,4d19h,2026-04-12 03:15:30
143,89%,7675/15989MB,56%,93,4d19h,2026-04-12 03:20:30
144,89%,7426/15989MB,56%,93,4d19h,2026-04-12 03:25:30
145,89%,7521/15989MB,56%,93,4d19h,2026-04-12 03:30:31
146,88%,7384/15989MB,56%,93,4d19h,2026-04-12 03:35:30
147,88%,7355/15989MB,56%,93,4d19h,2026-04-12 03:40:30
148,88%,7776/15989MB,56%,95,4d19h,2026-04-12 03:45:04
149,88%,7346/15989MB,56%,95,4d19h,2026-04-12 03:45:30
150,88%,7255/15989MB,56%,93,4d19h,2026-04-12 03:50:30
151,88%,7197/15989MB,56%,93,4d19h,2026-04-12 03:55:30
152,88%,7378/15989MB,56%,93,4d19h,2026-04-12 03:55:44
153,88%,7633/15989MB,56%,93,4d19h,2026-04-12 04:00:53
154,88%,7218/15989MB,56%,93,4d19h,2026-04-12 04:05:44
155,88%,7169/15989MB,56%,93,4d19h,2026-04-12 04:10:44
156,88%,7634/15989MB,56%,93,4d20h,2026-04-12 04:15:44
157,88%,7740/15989MB,56%,95,4d20h,2026-04-12 04:20:44
158,88%,7341/15989MB,56%,93,4d20h,2026-04-12 04:25:10
159,88%,7653/15989MB,56%,93,4d20h,2026-04-12 04:25:44
160,88%,7320/15989MB,56%,93,4d20h,2026-04-12 04:30:10
161,88%,7640/15989MB,56%,93,4d20h,2026-04-12 04:30:49
162,88%,7155/15989MB,56%,93,4d20h,2026-04-12 04:35:02
163,88%,7484/15989MB,56%,93,4d20h,2026-04-12 04:35:44
164,88%,7638/15989MB,56%,93,4d20h,2026-04-12 04:40:05
165,88%,7439/15989MB,56%,93,4d20h,2026-04-12 04:40:44
166,88%,7126/15989MB,56%,93,4d20h,2026-04-12 04:45:19
167,88%,7676/15989MB,56%,93,4d20h,2026-04-12 04:45:44
168,88%,7658/15989MB,56%,93,4d20h,2026-04-12 04:50:44
169,88%,7739/15989MB,56%,95,4d20h,2026-04-12 04:55:44
170,88%,7638/15989MB,56%,93,4d20h,2026-04-12 05:00:54
171,88%,7640/15989MB,56%,93,4d20h,2026-04-12 05:05:11
172,88%,7447/15989MB,56%,93,4d20h,2026-04-12 05:05:44
173,88%,7634/15989MB,56%,93,4d20h,2026-04-12 05:10:09
174,88%,7450/15989MB,56%,93,4d20h,2026-04-12 05:10:44
175,88%,7656/15989MB,56%,93,4d21h,2026-04-12 05:15:10
176,88%,7463/15989MB,56%,93,4d21h,2026-04-12 05:15:45
177,88%,7667/15989MB,56%,93,4d21h,2026-04-12 05:20:11
178,88%,7615/15989MB,56%,93,4d21h,2026-04-12 05:20:46
179,88%,7789/15989MB,56%,93,4d21h,2026-04-12 05:25:13
180,88%,7471/15989MB,56%,93,4d21h,2026-04-12 05:25:44
181,88%,7594/15989MB,56%,93,4d21h,2026-04-12 05:30:08
182,88%,7668/15989MB,56%,93,4d21h,2026-04-12 05:30:51
183,88%,7090/15989MB,56%,93,4d21h,2026-04-12 05:35:21
184,88%,7420/15989MB,56%,93,4d21h,2026-04-12 05:35:44
185,88%,7652/15989MB,56%,93,4d21h,2026-04-12 05:40:10
186,88%,7675/15989MB,56%,93,4d21h,2026-04-12 05:40:45
187,88%,7820/15989MB,56%,97,4d21h,2026-04-12 05:45:46
188,88%,7931/15989MB,57%,97,4d21h,2026-04-12 05:50:46
189,88%,7828/15989MB,58%,95,4d21h,2026-04-12 05:55:44
190,88%,7159/15989MB,58%,93,4d21h,2026-04-12 06:00:59
191,87%,7644/15989MB,58%,93,4d21h,2026-04-12 06:05:44
192,87%,7784/15989MB,58%,93,4d21h,2026-04-12 06:10:45
193,87%,7731/15989MB,58%,94,4d22h,2026-04-12 06:15:49
194,87%,7890/15989MB,56%,93,4d22h,2026-04-12 06:20:46
195,87%,7412/15989MB,56%,93,4d22h,2026-04-12 06:25:44
196,87%,7359/15989MB,56%,93,4d22h,2026-04-12 06:30:52
197,87%,7728/15989MB,56%,93,4d22h,2026-04-12 06:35:44
198,87%,7714/15989MB,56%,93,4d22h,2026-04-12 06:40:46
199,87%,7742/15989MB,56%,93,4d22h,2026-04-12 06:45:45
200,87%,7778/15989MB,56%,93,4d22h,2026-04-12 06:50:46
201,87%,7671/15989MB,56%,93,4d22h,2026-04-12 06:55:44
202,87%,7234/15989MB,56%,93,4d22h,2026-04-12 07:01:03
203,87%,7632/15989MB,56%,93,4d22h,2026-04-12 07:05:44
204,87%,7722/15989MB,56%,0,4d22h,2026-04-12 07:11:00
205,87%,7677/15989MB,56%,93,4d23h,2026-04-12 07:15:45
206,87%,7568/15989MB,56%,93,4d23h,2026-04-12 07:20:45
207,87%,7872/15989MB,55%,0,4d23h,2026-04-12 07:25:59
208,87%,7838/15989MB,56%,95,4d23h,2026-04-12 07:30:53
209,8.51 5.41 3.92,7537/15989MB,56%,95,live,2026-04-12 07:31:19
210,87%,7536/15989MB,56%,93,4d23h,2026-04-12 07:35:44
211,87%,7416/15989MB,56%,93,4d23h,2026-04-12 07:40:45
212,87%,7325/15989MB,57%,93,4d23h,2026-04-12 07:45:45
213,87%,7126/15989MB,57%,93,4d23h,2026-04-12 07:50:45
214,87%,7648/15989MB,57%,93,4d23h,2026-04-12 07:55:44
215,87%,7121/15989MB,57%,93,4d23h,2026-04-12 08:00:59
216,87%,5890/15989MB,59%,86,4d23h,2026-04-12 08:05:44
217,87%,6666/15989MB,58%,86,4d23h,2026-04-12 08:10:44
218,87%,7265/15989MB,58%,86,5d0h,2026-04-12 08:15:44
219,87%,6478/15989MB,58%,86,5d0h,2026-04-12 08:20:45
220,87%,5807/15989MB,58%,86,5d0h,2026-04-12 08:25:44
221,87%,6908/15989MB,58%,86,5d0h,2026-04-12 08:30:49
222,87%,7157/15989MB,58%,86,5d0h,2026-04-12 08:35:44
223,87%,6279/15989MB,58%,86,5d0h,2026-04-12 08:40:44
224,87%,7454/15989MB,58%,86,5d0h,2026-04-12 08:45:45
225,87%,7132/15989MB,58%,86,5d0h,2026-04-12 08:50:44
226,87%,6746/15989MB,58%,87,5d0h,2026-04-12 08:55:44
227,87%,5349/15989MB,53%,84,5d0h,2026-04-12 09:00:54
228,87%,7607/15989MB,54%,86,5d0h,2026-04-12 09:05:44
229,87%,6607/15989MB,54%,0,5d0h,2026-04-12 09:10:59
230,87%,5947/15989MB,55%,88,5d1h,2026-04-12 09:15:34
231,87%,6250/15989MB,52%,0,5d1h,2026-04-12 09:20:49
232,87%,6406/15989MB,52%,85,5d1h,2026-04-12 09:25:34
233,87%,6490/15989MB,52%,87,5d1h,2026-04-12 09:30:34
234,87%,6253/15989MB,52%,85,5d1h,2026-04-12 09:35:34
235,86%,6231/15989MB,52%,85,5d1h,2026-04-12 09:40:34
236,86%,6352/15989MB,52%,85,5d1h,2026-04-12 09:45:34
237,86%,6381/15989MB,52%,85,5d1h,2026-04-12 09:50:34
238,86%,6381/15989MB,52%,85,5d1h,2026-04-12 09:55:34
239,86%,7097/15989MB,52%,0,5d1h,2026-04-12 10:00:52
240,86%,6566/15989MB,52%,82,5d1h,2026-04-12 10:05:34
241,86%,6600/15989MB,52%,85,5d1h,2026-04-12 10:10:34
242,86%,6504/15989MB,53%,83,5d2h,2026-04-12 10:15:34
243,86%,6302/15989MB,53%,83,5d2h,2026-04-12 10:20:34
244,86%,6322/15989MB,53%,83,5d2h,2026-04-12 10:25:34
245,86%,6321/15989MB,53%,83,5d2h,2026-04-12 10:30:35
246,86%,6155/15989MB,53%,83,5d2h,2026-04-12 10:35:34
247,86%,5832/15989MB,53%,83,5d2h,2026-04-12 10:40:34
248,86%,6335/15989MB,53%,83,5d2h,2026-04-12 10:45:34
249,86%,6438/15989MB,53%,83,5d2h,2026-04-12 10:50:35
250,86%,6525/15989MB,53%,84,5d2h,2026-04-12 10:55:43
251,86%,6238/15989MB,53%,83,5d2h,2026-04-12 11:00:39
252,86%,6147/15989MB,53%,83,5d2h,2026-04-12 11:05:34
253,86%,6101/15989MB,53%,83,5d2h,2026-04-12 11:10:34
254,86%,5856/15989MB,53%,83,5d3h,2026-04-12 11:15:34
255,86%,6178/15989MB,53%,83,5d3h,2026-04-12 11:20:36
256,86%,6137/15989MB,53%,81,5d3h,2026-04-12 11:25:34
257,86%,6197/15989MB,53%,83,5d3h,2026-04-12 11:30:35
258,86%,5899/15989MB,53%,81,5d3h,2026-04-12 11:35:34
259,86%,6115/15989MB,53%,81,5d3h,2026-04-12 11:40:35
260,86%,6176/15989MB,53%,83,5d3h,2026-04-12 11:45:35
261,86%,5896/15989MB,53%,81,5d3h,2026-04-12 11:50:36
262,86%,5883/15989MB,53%,80,5d3h,2026-04-12 11:55:34
263,86%,6074/15989MB,53%,80,5d3h,2026-04-12 12:00:46
264,86%,6082/15989MB,53%,80,5d3h,2026-04-12 12:05:34
265,86%,6115/15989MB,53%,80,5d3h,2026-04-12 12:10:36
266,86%,6830/15989MB,53%,80,5d4h,2026-04-12 12:15:35
267,86%,5539/15989MB,53%,66,5d4h,2026-04-12 12:20:36
268,86%,6061/15989MB,52%,67,5d4h,2026-04-12 12:25:34
269,86%,5705/15989MB,52%,69,5d4h,2026-04-12 12:30:39
270,86%,5322/15989MB,52%,67,5d4h,2026-04-12 12:35:34
271,86%,5374/15989MB,52%,66,5d4h,2026-04-12 12:40:35
272,85%,5288/15989MB,52%,64,5d4h,2026-04-12 12:45:34
273,85%,5391/15989MB,52%,66,5d4h,2026-04-12 12:50:35
274,85%,5158/15989MB,52%,66,5d4h,2026-04-12 12:55:34
275,85%,5335/15989MB,52%,66,5d4h,2026-04-12 13:00:41
276,85%,5076/15989MB,52%,66,5d4h,2026-04-12 13:05:34
277,85%,5150/15989MB,52%,66,5d4h,2026-04-12 13:10:37
278,85%,4993/15989MB,52%,66,5d5h,2026-04-12 13:15:35
279,85%,5000/15989MB,52%,66,5d5h,2026-04-12 13:20:37
280,85%,4911/15989MB,52%,66,5d5h,2026-04-12 13:25:34
281,85%,4982/15989MB,52%,66,5d5h,2026-04-12 13:30:41
282,85%,4954/15989MB,52%,68,5d5h,2026-04-12 13:35:34
283,85%,4842/15989MB,52%,66,5d5h,2026-04-12 13:40:36
284,85%,5352/15989MB,52%,66,5d5h,2026-04-12 13:45:36
285,85%,5359/15989MB,52%,66,5d5h,2026-04-12 13:50:36
286,85%,5372/15989MB,52%,66,5d5h,2026-04-12 13:55:34
287,85%,5381/15989MB,52%,66,5d5h,2026-04-12 14:00:40
288,85%,5376/15989MB,52%,66,5d5h,2026-04-12 14:05:34
289,85%,5375/15989MB,52%,66,5d5h,2026-04-12 14:10:35
290,85%,5365/15989MB,52%,66,5d6h,2026-04-12 14:15:36
291,85%,5290/15989MB,52%,66,5d6h,2026-04-12 14:20:37
292,85%,5461/15989MB,52%,66,5d6h,2026-04-12 14:25:34
293,85%,5255/15989MB,52%,66,5d6h,2026-04-12 14:30:39
294,85%,5325/15989MB,52%,66,5d6h,2026-04-12 14:35:35
295,85%,5484/15989MB,52%,68,5d6h,2026-04-12 14:40:37
296,85%,5366/15989MB,52%,66,5d6h,2026-04-12 14:45:35
297,85%,5385/15989MB,52%,66,5d6h,2026-04-12 14:50:36
298,85%,5380/15989MB,52%,66,5d6h,2026-04-12 14:55:35
299,84%,5302/15989MB,52%,66,5d6h,2026-04-12 15:00:42
300,84%,5371/15989MB,52%,66,5d6h,2026-04-12 15:05:35
301,84%,5398/15989MB,52%,66,5d6h,2026-04-12 15:10:35
302,84%,5389/15989MB,52%,66,5d7h,2026-04-12 15:15:36
303,84%,5266/15989MB,52%,66,5d7h,2026-04-12 15:20:36
304,84%,5316/15989MB,52%,66,5d7h,2026-04-12 15:25:35
305,84%,5422/15989MB,52%,66,5d7h,2026-04-12 15:30:39
306,84%,5285/15989MB,52%,66,5d7h,2026-04-12 15:35:34
307,84%,5140/15989MB,52%,66,5d7h,2026-04-12 15:40:35
308,84%,5036/15989MB,52%,68,5d7h,2026-04-12 15:45:36
309,84%,4852/15989MB,52%,66,5d7h,2026-04-12 15:50:36
310,84%,5483/15989MB,52%,65,5d7h,2026-04-12 15:55:35
311,84%,4925/15989MB,52%,65,5d7h,2026-04-12 16:00:47
312,84%,5225/15989MB,52%,65,5d7h,2026-04-12 16:05:35
313,84%,5626/15989MB,52%,65,5d7h,2026-04-12 16:10:37
314,84%,4964/15989MB,52%,65,5d8h,2026-04-12 16:15:36
315,84%,4826/15989MB,52%,64,5d8h,2026-04-12 16:20:38
316,84%,4745/15989MB,52%,64,5d8h,2026-04-12 16:25:34
317,84%,4958/15989MB,52%,64,5d8h,2026-04-12 16:30:37
318,84%,4974/15989MB,52%,64,5d8h,2026-04-12 16:35:34
319,84%,4830/15989MB,52%,64,5d8h,2026-04-12 16:40:36
320,84%,4870/15989MB,52%,64,5d8h,2026-04-12 16:45:34
321,84%,4928/15989MB,52%,66,5d8h,2026-04-12 16:50:34
322,84%,6025/15989MB,52%,66,5d8h,2026-04-12 16:55:34
323,84%,5164/15989MB,52%,0,5d8h,2026-04-12 17:00:58
324,84%,5345/15989MB,52%,68,5d8h,2026-04-12 17:05:34
325,84%,5058/15989MB,52%,65,5d8h,2026-04-12 17:10:35
326,84%,5015/15989MB,52%,65,5d9h,2026-04-12 17:15:36
327,84%,5185/15989MB,52%,65,5d9h,2026-04-12 17:20:34
328,84%,5192/15989MB,52%,65,5d9h,2026-04-12 17:25:34
329,84%,5188/15989MB,52%,65,5d9h,2026-04-12 17:30:37
330,84%,5181/15989MB,52%,65,5d9h,2026-04-12 17:35:34
331,83%,4786/15989MB,52%,0,5d9h,2026-04-12 17:40:49
332,83%,4700/15989MB,52%,0,5d9h,2026-04-12 17:45:50
333,83%,4673/15989MB,52%,0,5d9h,2026-04-12 17:50:49
334,83%,5296/15989MB,52%,67,5d9h,2026-04-12 17:55:34
335,83%,5174/15989MB,52%,65,5d9h,2026-04-12 18:00:38
336,83%,4801/15989MB,52%,0,5d9h,2026-04-12 18:05:49
337,83%,5330/15989MB,52%,67,5d9h,2026-04-12 18:10:34
338,83%,5216/15989MB,52%,65,5d10h,2026-04-12 18:15:34
339,83%,5218/15989MB,52%,65,5d10h,2026-04-12 18:20:34
340,83%,5229/15989MB,52%,65,5d10h,2026-04-12 18:25:34
341,83%,5228/15989MB,52%,65,5d10h,2026-04-12 18:30:34
342,83%,5230/15989MB,52%,65,5d10h,2026-04-12 18:35:34
343,83%,4996/15989MB,52%,65,5d10h,2026-04-12 18:40:34
344,83%,5012/15989MB,52%,65,5d10h,2026-04-12 18:45:34
345,83%,5106/15989MB,52%,67,5d10h,2026-04-12 18:50:34
346,83%,5204/15989MB,52%,65,5d10h,2026-04-12 18:55:34
347,83%,5208/15989MB,52%,65,5d10h,2026-04-12 19:00:36
348,83%,5329/15989MB,52%,67,5d10h,2026-04-12 19:05:34
349,83%,5227/15989MB,52%,65,5d10h,2026-04-12 19:10:34
350,83%,5224/15989MB,52%,65,5d11h,2026-04-12 19:15:34
351,83%,5222/15989MB,52%,65,5d11h,2026-04-12 19:20:34
352,83%,5237/15989MB,52%,65,5d11h,2026-04-12 19:25:34
353,83%,5059/15989MB,52%,65,5d11h,2026-04-12 19:30:34
354,83%,5220/15989MB,52%,65,5d11h,2026-04-12 19:35:34
355,83%,5193/15989MB,52%,65,5d11h,2026-04-12 19:40:34
356,83%,5342/15989MB,52%,67,5d11h,2026-04-12 19:45:25
357,83%,5264/15989MB,52%,65,5d11h,2026-04-12 19:50:25
358,83%,5176/15989MB,52%,65,5d11h,2026-04-12 19:55:25
359,83%,5370/15989MB,52%,67,5d11h,2026-04-12 20:00:25
360,82%,5204/15989MB,52%,65,5d11h,2026-04-12 20:05:25
361,82%,5202/15989MB,52%,65,5d11h,2026-04-12 20:10:24
362,82%,5002/15989MB,52%,65,5d12h,2026-04-12 20:15:25
363,82%,5165/15989MB,52%,65,5d12h,2026-04-12 20:20:25
364,82%,5060/15989MB,52%,65,5d12h,2026-04-12 20:25:25
365,82%,5200/15989MB,52%,65,5d12h,2026-04-12 20:30:24
366,82%,5249/15989MB,52%,65,5d12h,2026-04-12 20:35:25
367,82%,5170/15989MB,52%,66,5d12h,2026-04-12 20:40:26
368,82%,5198/15989MB,52%,65,5d12h,2026-04-12 20:45:25
369,82%,5193/15989MB,52%,65,5d12h,2026-04-12 20:50:25
370,82%,5230/15989MB,52%,65,5d12h,2026-04-12 20:55:24
371,82%,4696/15989MB,52%,65,5d12h,2026-04-12 21:00:25
372,82%,4787/15989MB,52%,67,5d12h,2026-04-12 21:05:24
373,82%,4672/15989MB,52%,65,5d12h,2026-04-12 21:10:25
374,82%,4808/15989MB,52%,65,5d13h,2026-04-12 21:15:25
375,82%,5256/15989MB,52%,67,5d13h,2026-04-12 21:20:25
376,82%,5219/15989MB,52%,65,5d13h,2026-04-12 21:25:25
377,82%,5031/15989MB,52%,65,5d13h,2026-04-12 21:30:25
378,82%,5030/15989MB,52%,65,5d13h,2026-04-12 21:35:25
379,82%,5032/15989MB,52%,65,5d13h,2026-04-12 21:40:25
380,82%,5071/15989MB,52%,65,5d13h,2026-04-12 21:45:24
381,82%,5177/15989MB,52%,65,5d13h,2026-04-12 21:50:25
382,82%,5187/15989MB,52%,65,5d13h,2026-04-12 21:55:25
383,82%,5079/15989MB,52%,67,5d13h,2026-04-12 22:00:25
384,82%,5146/15989MB,52%,65,5d13h,2026-04-12 22:05:25
385,82%,5205/15989MB,52%,65,5d13h,2026-04-12 22:10:25
386,82%,5330/15989MB,52%,67,5d14h,2026-04-12 22:15:25
387,82%,5135/15989MB,52%,65,5d14h,2026-04-12 22:20:25
388,82%,5198/15989MB,52%,65,5d14h,2026-04-12 22:25:25
389,82%,5198/15989MB,52%,65,5d14h,2026-04-12 22:30:24
390,82%,5201/15989MB,52%,65,5d14h,2026-04-12 22:35:25
391,81%,4708/15989MB,52%,65,5d14h,2026-04-12 22:40:25
392,81%,4662/15989MB,52%,65,5d14h,2026-04-12 22:45:25
393,81%,4667/15989MB,52%,65,5d14h,2026-04-12 22:50:25
394,81%,4833/15989MB,52%,67,5d14h,2026-04-12 22:55:25
395,81%,4943/15989MB,52%,65,5d14h,2026-04-12 23:00:25
396,81%,5157/15989MB,52%,65,5d14h,2026-04-12 23:05:25
397,81%,5333/15989MB,52%,67,5d14h,2026-04-12 23:10:24
398,81%,5098/15989MB,52%,65,5d15h,2026-04-12 23:15:25
399,81%,4995/15989MB,52%,65,5d15h,2026-04-12 23:20:25
400,81%,5207/15989MB,52%,65,5d15h,2026-04-12 23:25:24
401,81%,5247/15989MB,52%,65,5d15h,2026-04-12 23:30:25
402,81%,5165/15989MB,52%,65,5d15h,2026-04-12 23:35:25
403,81%,4945/15989MB,52%,65,5d15h,2026-04-12 23:40:25
404,81%,5097/15989MB,52%,65,5d15h,2026-04-12 23:45:24
405,81%,5335/15989MB,52%,67,5d15h,2026-04-12 23:50:25
406,81%,5188/15989MB,52%,65,5d15h,2026-04-12 23:55:25
407,81%,5257/15989MB,52%,65,5d15h,2026-04-13 00:00:25
408,81%,5280/15989MB,45%,67,5d15h,2026-04-13 00:05:25
409,81%,5208/15989MB,45%,66,5d15h,2026-04-13 00:10:25
410,81%,5188/15989MB,45%,65,5d16h,2026-04-13 00:15:24
411,81%,4687/15989MB,45%,65,5d16h,2026-04-13 00:20:25
412,81%,4672/15989MB,45%,65,5d16h,2026-04-13 00:25:25
413,81%,4746/15989MB,45%,65,5d16h,2026-04-13 00:30:25
414,81%,5067/15989MB,45%,65,5d16h,2026-04-13 00:35:25
415,81%,5067/15989MB,45%,65,5d16h,2026-04-13 00:40:25
416,81%,5086/15989MB,45%,64,5d16h,2026-04-13 00:45:25
417,81%,5037/15989MB,45%,64,5d16h,2026-04-13 00:50:25
418,81%,5257/15989MB,45%,66,5d16h,2026-04-13 00:55:25
419,81%,5157/15989MB,45%,64,5d16h,2026-04-13 01:00:25
420,81%,5161/15989MB,45%,64,5d16h,2026-04-13 01:05:25
421,81%,5287/15989MB,45%,66,5d16h,2026-04-13 01:10:25
422,81%,4641/15989MB,45%,64,5d17h,2026-04-13 01:15:24
423,80%,4629/15989MB,45%,64,5d17h,2026-04-13 01:20:25
424,80%,4619/15989MB,45%,64,5d17h,2026-04-13 01:25:25
425,80%,4645/15989MB,45%,64,5d17h,2026-04-13 01:30:24
426,80%,4631/15989MB,45%,64,5d17h,2026-04-13 01:35:25
427,80%,4867/15989MB,45%,64,5d17h,2026-04-13 01:40:24
428,80%,4931/15989MB,45%,64,5d17h,2026-04-13 01:45:25
429,80%,5057/15989MB,45%,64,5d17h,2026-04-13 01:50:25
430,80%,4928/15989MB,45%,64,5d17h,2026-04-13 01:55:25
431,80%,5070/15989MB,45%,64,5d17h,2026-04-13 02:00:25
432,80%,5153/15989MB,45%,64,5d17h,2026-04-13 02:05:25
433,80%,4948/15989MB,45%,64,5d17h,2026-04-13 02:10:25
434,80%,5278/15989MB,45%,66,5d18h,2026-04-13 02:15:25
435,80%,5130/15989MB,45%,64,5d18h,2026-04-13 02:20:25
436,80%,5166/15989MB,45%,64,5d18h,2026-04-13 02:25:25
437,80%,5140/15989MB,45%,64,5d18h,2026-04-13 02:30:25
438,80%,5147/15989MB,45%,64,5d18h,2026-04-13 02:35:24
439,80%,5160/15989MB,45%,64,5d18h,2026-04-13 02:40:24
440,80%,5184/15989MB,45%,65,5d18h,2026-04-13 02:45:25
441,80%,5151/15989MB,45%,64,5d18h,2026-04-13 02:50:25
442,80%,5138/15989MB,45%,64,5d18h,2026-04-13 02:55:25
443,80%,5171/15989MB,45%,64,5d18h,2026-04-13 03:00:25
444,80%,5150/15989MB,45%,64,5d18h,2026-04-13 03:05:25
445,80%,5161/15989MB,45%,64,5d18h,2026-04-13 03:10:25
446,80%,5206/15989MB,45%,65,5d19h,2026-04-13 03:15:25
447,80%,5295/15989MB,45%,66,5d19h,2026-04-13 03:20:25
448,80%,5161/15989MB,45%,64,5d19h,2026-04-13 03:25:25
449,80%,5181/15989MB,45%,64,5d19h,2026-04-13 03:30:25
450,80%,5195/15989MB,45%,64,5d19h,2026-04-13 03:35:24
451,80%,5171/15989MB,45%,64,5d19h,2026-04-13 03:40:25
452,80%,5240/15989MB,45%,65,5d19h,2026-04-13 03:45:25
453,80%,5186/15989MB,45%,64,5d19h,2026-04-13 03:50:25
454,80%,5155/15989MB,45%,64,5d19h,2026-04-13 03:55:25
455,79%,5171/15989MB,45%,64,5d19h,2026-04-13 04:00:25
456,79%,4979/15989MB,45%,64,5d19h,2026-04-13 04:05:25
457,79%,4995/15989MB,45%,64,5d19h,2026-04-13 04:10:25
458,79%,5135/15989MB,45%,65,5d20h,2026-04-13 04:15:30
459,79%,5398/15989MB,45%,66,5d20h,2026-04-13 04:20:25
460,79%,5094/15989MB,45%,64,5d20h,2026-04-13 04:25:25
461,79%,5011/15989MB,45%,64,5d20h,2026-04-13 04:30:25
462,79%,5348/15989MB,45%,66,5d20h,2026-04-13 04:35:25
463,79%,5024/15989MB,45%,64,5d20h,2026-04-13 04:40:25
464,79%,4928/15989MB,45%,64,5d20h,2026-04-13 04:45:25
465,79%,5153/15989MB,45%,64,5d20h,2026-04-13 04:50:25
466,79%,4934/15989MB,45%,64,5d20h,2026-04-13 04:55:25
467,79%,5100/15989MB,45%,64,5d20h,2026-04-13 05:00:25
468,79%,5157/15989MB,45%,64,5d20h,2026-04-13 05:05:25
469,79%,5303/15989MB,45%,66,5d20h,2026-04-13 05:10:25
470,79%,5185/15989MB,45%,64,5d21h,2026-04-13 05:15:25
471,79%,5188/15989MB,45%,64,5d21h,2026-04-13 05:20:25
472,1.91 1.77 1.61,4680/15989MB,45%,64,live,2026-04-13 05:20:38
473,79%,5185/15989MB,45%,64,5d21h,2026-04-13 05:25:25
474,1.53 1.60 1.57,4666/15989MB,45%,64,live,2026-04-13 05:25:31
475,79%,5195/15989MB,45%,64,5d21h,2026-04-13 05:30:25
476,1.55 1.59 1.56,5249/15989MB,45%,66,live,2026-04-13 05:31:06
477,79%,5184/15989MB,45%,64,5d21h,2026-04-13 05:35:25
478,79%,4889/15989MB,45%,64,5d21h,2026-04-13 05:40:40
479,1.58 1.74 1.65,4780/15989MB,45%,66,live,2026-04-13 05:45:29
480,79%,5260/15989MB,45%,66,5d21h,2026-04-13 05:45:40
481,79%,4910/15989MB,45%,64,5d21h,2026-04-13 05:50:41
482,79%,4933/15989MB,45%,66,5d21h,2026-04-13 05:55:37
483,79%,5150/15989MB,45%,64,5d21h,2026-04-13 06:00:58
484,1.44 1.51 1.59,4699/15989MB,45%,64,live,2026-04-13 06:01:40
485,79%,4643/15989MB,45%,64,5d21h,2026-04-13 06:05:38
486,79%,4634/15989MB,45%,64,5d21h,2026-04-13 06:10:43
487,2.02 1.60 1.62,5171/15989MB,45%,64,live,2026-04-13 06:15:25
488,79%,4678/15989MB,45%,64,5d22h,2026-04-13 06:15:42
489,79%,4685/15989MB,45%,64,5d22h,2026-04-13 06:20:45
490,79%,5192/15989MB,45%,64,5d22h,2026-04-13 06:25:40
491,0.96 1.27 1.45,5192/15989MB,45%,64,live,2026-04-13 06:25:39
492,1.79 1.56 1.52,5297/15989MB,45%,66,live,2026-04-13 06:30:37
493,79%,4802/15989MB,45%,66,5d22h,2026-04-13 06:30:51
494,79%,5153/15989MB,45%,64,5d22h,2026-04-13 06:35:38
495,79%,5189/15989MB,45%,64,5d22h,2026-04-13 06:40:43
496,0.97 1.38 1.52,5000/15989MB,45%,64,live,2026-04-13 06:45:36
497,79%,5166/15989MB,45%,64,5d22h,2026-04-13 06:45:39
498,78%,5183/15989MB,45%,64,5d22h,2026-04-13 06:50:44
499,78%,5187/15989MB,45%,64,5d22h,2026-04-13 06:55:38
500,78%,4715/15989MB,45%,64,5d22h,2026-04-13 07:01:00
501,1.49 1.73 1.63,5133/15989MB,45%,66,live,2026-04-13 07:05:22
502,78%,5245/15989MB,45%,66,5d22h,2026-04-13 07:05:39
503,78%,5188/15989MB,45%,64,5d22h,2026-04-13 07:10:45
504,78%,5282/15989MB,45%,66,5d23h,2026-04-13 07:15:43
505,78%,5144/15989MB,45%,64,5d23h,2026-04-13 07:20:44
506,78%,5061/15989MB,45%,66,5d23h,2026-04-13 07:25:38
507,78%,4961/15989MB,45%,64,5d23h,2026-04-13 07:30:48
508,78%,4694/15989MB,45%,64,5d23h,2026-04-13 07:35:38
509,78%,4668/15989MB,45%,64,5d23h,2026-04-13 07:40:41
510,78%,5172/15989MB,45%,64,5d23h,2026-04-13 07:45:43
511,78%,5146/15989MB,45%,66,5d23h,2026-04-13 07:50:44
512,78%,4976/15989MB,45%,64,5d23h,2026-04-13 07:55:39
513,78%,5184/15989MB,45%,64,5d23h,2026-04-13 08:00:51
514,78%,4962/15989MB,45%,64,5d23h,2026-04-13 08:05:39
515,78%,5073/15989MB,45%,64,5d23h,2026-04-13 08:10:47
516,78%,5199/15989MB,45%,66,6d0h,2026-04-13 08:15:40
517,78%,5025/15989MB,45%,64,6d0h,2026-04-13 08:20:41
518,78%,5201/15989MB,45%,64,6d0h,2026-04-13 08:25:39
519,78%,4993/15989MB,45%,64,6d0h,2026-04-13 08:30:52
520,78%,5195/15989MB,45%,64,6d0h,2026-04-13 08:35:39
521,78%,4982/15989MB,45%,64,6d0h,2026-04-13 08:40:46
522,78%,5029/15989MB,45%,64,6d0h,2026-04-13 08:45:42
523,78%,5079/15989MB,45%,64,6d0h,2026-04-13 08:50:43
524,78%,5061/15989MB,45%,64,6d0h,2026-04-13 08:55:39
525,78%,5200/15989MB,45%,64,6d0h,2026-04-13 09:00:57
526,78%,5210/15989MB,45%,64,6d0h,2026-04-13 09:05:38
527,78%,5053/15989MB,45%,64,6d0h,2026-04-13 09:10:46
528,78%,5219/15989MB,45%,66,6d1h,2026-04-13 09:15:40
529,78%,5251/15989MB,45%,64,6d1h,2026-04-13 09:20:41
530,78%,5315/15989MB,45%,66,6d1h,2026-04-13 09:25:37
531,78%,5205/15989MB,45%,64,6d1h,2026-04-13 09:30:45
532,78%,4935/15989MB,45%,64,6d1h,2026-04-13 09:35:38
533,78%,5101/15989MB,45%,64,6d1h,2026-04-13 09:40:39
534,78%,4892/15989MB,45%,64,6d1h,2026-04-13 09:45:40
535,1.26 1.39 1.42,5138/15989MB,45%,66,live,2026-04-13 09:45:57
536,77%,4790/15989MB,45%,64,6d1h,2026-04-13 09:50:39
537,77%,4776/15989MB,45%,64,6d1h,2026-04-13 09:55:37
538,77%,5058/15989MB,45%,64,6d1h,2026-04-13 10:00:50
539,77%,5180/15989MB,45%,64,6d1h,2026-04-13 10:05:37
540,77%,4684/15989MB,45%,64,6d1h,2026-04-13 10:10:40
541,1.14 1.32 1.40,5210/15989MB,45%,64,live,2026-04-13 10:15:30
542,77%,4690/15989MB,45%,64,6d2h,2026-04-13 10:15:38
543,77%,4682/15989MB,45%,64,6d2h,2026-04-13 10:20:40
544,77%,5192/15989MB,45%,64,6d2h,2026-04-13 10:25:37
545,77%,5199/15989MB,45%,64,6d2h,2026-04-13 10:30:45
546,1.17 1.64 1.63,4703/15989MB,45%,64,live,2026-04-13 10:30:53
547,77%,5104/15989MB,45%,64,6d2h,2026-04-13 10:35:36
548,77%,5150/15989MB,45%,64,6d2h,2026-04-13 10:40:39
549,77%,5304/15989MB,45%,66,6d2h,2026-04-13 10:45:38
550,77%,5041/15989MB,45%,65,6d2h,2026-04-13 10:50:40
551,77%,5011/15989MB,45%,64,6d2h,2026-04-13 10:55:36
552,77%,5260/15989MB,45%,64,6d2h,2026-04-13 11:00:50
553,77%,5060/15989MB,45%,64,6d2h,2026-04-13 11:05:36
554,77%,5087/15989MB,45%,64,6d2h,2026-04-13 11:10:37
555,77%,5234/15989MB,45%,64,6d3h,2026-04-13 11:15:38
556,1.32 1.58 1.62,5076/15989MB,45%,64,live,2026-04-13 11:15:38
557,77%,4853/15989MB,45%,65,6d3h,2026-04-13 11:20:38
558,77%,4693/15989MB,45%,64,6d3h,2026-04-13 11:25:37
559,77%,4907/15989MB,45%,66,6d3h,2026-04-13 11:30:44
560,77%,5167/15989MB,45%,64,6d3h,2026-04-13 11:35:36
561,77%,5286/15989MB,45%,66,6d3h,2026-04-13 11:40:36
562,77%,5192/15989MB,45%,64,6d3h,2026-04-13 11:45:37
563,1.53 1.45 1.45,5126/15989MB,45%,64,live,2026-04-13 11:45:42
564,3.31 1.96 1.62,5198/15989MB,45%,65,live,2026-04-13 11:50:26
565,77%,5087/15989MB,45%,65,6d3h,2026-04-13 11:50:36
566,77%,5165/15989MB,45%,64,6d3h,2026-04-13 11:55:36
567,77%,5214/15989MB,45%,64,6d3h,2026-04-13 12:00:04
568,77%,5286/15989MB,45%,66,6d3h,2026-04-13 12:05:04
569,77%,5215/15989MB,45%,64,6d3h,2026-04-13 12:10:04
570,77%,5041/15989MB,45%,66,6d4h,2026-04-13 12:15:04
571,77%,5209/15989MB,45%,65,6d4h,2026-04-13 12:20:04
572,77%,4657/15989MB,45%,64,6d4h,2026-04-13 12:25:04
573,2.13 1.83 1.68,5247/15989MB,45%,64,live,2026-04-13 12:25:34
574,77%,4670/15989MB,45%,64,6d4h,2026-04-13 12:30:04
575,1.24 1.49 1.58,5181/15989MB,45%,64,live,2026-04-13 12:30:48
576,77%,4723/15989MB,45%,64,6d4h,2026-04-13 12:35:04
577,77%,4707/15989MB,45%,64,6d4h,2026-04-13 12:40:04
578,77%,4696/15989MB,45%,64,6d4h,2026-04-13 12:45:04
579,1.14 1.33 1.43,5170/15989MB,45%,64,live,2026-04-13 12:45:43
580,77%,4909/15989MB,45%,66,6d4h,2026-04-13 12:50:04
581,77%,4735/15989MB,45%,64,6d4h,2026-04-13 12:55:04
582,1.95 1.67 1.53,5391/15989MB,45%,66,live,2026-04-13 12:55:19
583,76%,4697/15989MB,45%,64,6d4h,2026-04-13 13:00:04
584,76%,4665/15989MB,45%,64,6d4h,2026-04-13 13:05:04
585,76%,4673/15989MB,45%,64,6d4h,2026-04-13 13:10:04
586,76%,4672/15989MB,45%,64,6d5h,2026-04-13 13:15:04
587,1.18 1.29 1.42,5217/15989MB,45%,64,live,2026-04-13 13:15:25
588,76%,4676/15989MB,45%,64,6d5h,2026-04-13 13:20:04
589,76%,5209/15989MB,45%,64,6d5h,2026-04-13 13:25:04
590,76%,5229/15989MB,45%,64,6d5h,2026-04-13 13:30:04
591,1.57 1.40 1.41,5241/15989MB,45%,64,live,2026-04-13 13:30:37
592,76%,5287/15989MB,45%,66,6d5h,2026-04-13 13:35:04
593,1.43 1.55 1.48,4792/15989MB,45%,66,live,2026-04-13 13:35:23
594,76%,5190/15989MB,45%,64,6d5h,2026-04-13 13:40:04
595,76%,5197/15989MB,45%,64,6d5h,2026-04-13 13:45:04
596,1.41 1.30 1.37,5080/15989MB,45%,64,live,2026-04-13 13:45:39
597,76%,5127/15989MB,45%,64,6d5h,2026-04-13 13:50:04
598,76%,5118/15989MB,45%,64,6d5h,2026-04-13 13:55:04
599,1.60 1.44 1.42,5010/15989MB,45%,64,live,2026-04-13 13:55:14
600,76%,5373/15989MB,46%,70,6d5h,2026-04-13 14:00:04
601,8.52 3.54 2.15,5321/15989MB,49%,66,live,2026-04-13 14:00:56
602,76%,5271/15989MB,49%,68,6d5h,2026-04-13 14:05:04
603,76%,4970/15989MB,49%,64,6d5h,2026-04-13 14:10:04
604,76%,5203/15989MB,49%,64,6d6h,2026-04-13 14:15:04
605,76%,5120/15989MB,49%,66,6d6h,2026-04-13 14:20:04
606,76%,4835/15989MB,49%,64,6d6h,2026-04-13 14:25:04
607,2.41 1.87 1.92,5056/15989MB,49%,64,live,2026-04-13 14:25:28
608,76%,4804/15989MB,49%,66,6d6h,2026-04-13 14:30:04
609,1.24 1.55 1.76,5338/15989MB,49%,66,live,2026-04-13 14:30:53
610,76%,4692/15989MB,49%,64,6d6h,2026-04-13 14:35:04
611,76%,4740/15989MB,49%,65,6d6h,2026-04-13 14:40:04
612,76%,4685/15989MB,49%,64,6d6h,2026-04-13 14:45:04
613,1.17 1.49 1.58,4993/15989MB,49%,64,live,2026-04-13 14:45:39
614,76%,4675/15989MB,49%,64,6d6h,2026-04-13 14:50:04
615,76%,4736/15989MB,49%,64,6d6h,2026-04-13 14:55:04
616,1.28 1.49 1.62,4954/15989MB,49%,64,live,2026-04-13 14:55:22
617,76%,4735/15989MB,49%,64,6d6h,2026-04-13 15:00:04
618,76%,4877/15989MB,49%,65,6d6h,2026-04-13 15:05:04
619,76%,4743/15989MB,49%,64,6d6h,2026-04-13 15:10:04
620,1.71 1.45 1.48,5116/15989MB,49%,64,live,2026-04-13 15:10:36
621,76%,4885/15989MB,49%,66,6d7h,2026-04-13 15:15:04
622,1.79 1.43 1.44,5441/15989MB,49%,67,live,2026-04-13 15:15:24
623,76%,4718/15989MB,49%,64,6d7h,2026-04-13 15:20:04
624,1.22 1.30 1.37,5162/15989MB,49%,64,live,2026-04-13 15:21:29
625,76%,4755/15989MB,49%,64,6d7h,2026-04-13 15:25:04
626,76%,4820/15989MB,49%,64,6d7h,2026-04-13 15:30:04
627,1.45 1.31 1.34,5015/15989MB,49%,64,live,2026-04-13 15:31:15
628,76%,4775/15989MB,49%,64,6d7h,2026-04-13 15:35:04
629,76%,4806/15989MB,49%,64,6d7h,2026-04-13 15:40:04
630,76%,4770/15989MB,49%,64,6d7h,2026-04-13 15:45:04
631,1.20 1.28 1.33,5123/15989MB,49%,64,live,2026-04-13 15:45:30
632,76%,4832/15989MB,49%,64,6d7h,2026-04-13 15:50:04
633,2.69 1.58 1.41,5147/15989MB,49%,64,live,2026-04-13 15:50:25
634,76%,4783/15989MB,49%,64,6d7h,2026-04-13 15:55:04
635,1.73 1.54 1.42,5164/15989MB,49%,64,live,2026-04-13 15:55:35
636,76%,4971/15989MB,49%,66,6d7h,2026-04-13 16:00:04
637,1.29 1.47 1.43,4674/15989MB,49%,64,live,2026-04-13 16:01:56
638,76%,4800/15989MB,49%,64,6d7h,2026-04-13 16:05:04
639,76%,4914/15989MB,49%,64,6d7h,2026-04-13 16:10:04
640,75%,5047/15989MB,49%,64,6d8h,2026-04-13 16:15:04
641,1.52 1.43 1.47,5015/15989MB,49%,64,live,2026-04-13 16:15:31
642,75%,5074/15989MB,49%,64,6d8h,2026-04-13 16:20:04
643,75%,5068/15989MB,49%,64,6d8h,2026-04-13 16:25:04
644,75%,5231/15989MB,49%,64,6d8h,2026-04-13 16:30:04
645,1.82 1.71 1.62,4839/15989MB,49%,66,live,2026-04-13 16:31:47
646,75%,5002/15989MB,49%,64,6d8h,2026-04-13 16:35:04
647,1.56 1.59 1.59,5218/15989MB,49%,64,live,2026-04-13 16:35:14
648,75%,5117/15989MB,49%,64,6d8h,2026-04-13 16:40:04
649,75%,5224/15989MB,49%,64,6d8h,2026-04-13 16:45:04
650,75%,5179/15989MB,49%,64,6d8h,2026-04-13 16:50:04
651,75%,5157/15989MB,49%,65,6d8h,2026-04-13 16:55:04
652,75%,5106/15989MB,49%,64,6d8h,2026-04-13 17:00:04
653,0.92 1.30 1.41,5152/15989MB,49%,64,live,2026-04-13 17:02:59
654,75%,5234/15989MB,49%,64,6d8h,2026-04-13 17:05:04
655,75%,5104/15989MB,49%,64,6d8h,2026-04-13 17:10:04
656,75%,5257/15989MB,49%,64,6d9h,2026-04-13 17:15:04
657,75%,5389/15989MB,49%,66,6d9h,2026-04-13 17:20:04
658,75%,5239/15989MB,49%,64,6d9h,2026-04-13 17:25:04
659,75%,5120/15989MB,49%,64,6d9h,2026-04-13 17:30:04
660,75%,5201/15989MB,49%,64,6d9h,2026-04-13 17:35:04
661,75%,5116/15989MB,49%,64,6d9h,2026-04-13 17:40:04
662,75%,5183/15989MB,49%,66,6d9h,2026-04-13 17:45:04
663,75%,5246/15989MB,49%,64,6d9h,2026-04-13 17:50:04
664,1.21 1.29 1.36,5203/15989MB,49%,64,live,2026-04-13 17:52:32
665,75%,5065/15989MB,49%,65,6d9h,2026-04-13 17:55:04
666,75%,5157/15989MB,49%,64,6d9h,2026-04-13 18:00:04
667,75%,5057/15989MB,49%,64,6d9h,2026-04-13 18:05:04
668,75%,4964/15989MB,49%,64,6d9h,2026-04-13 18:10:04
669,75%,5131/15989MB,49%,64,6d10h,2026-04-13 18:15:04
670,75%,5174/15989MB,49%,64,6d10h,2026-04-13 18:20:04
671,75%,5238/15989MB,49%,65,6d10h,2026-04-13 18:25:04
672,75%,4644/15989MB,49%,64,6d10h,2026-04-13 18:30:04
673,75%,4661/15989MB,49%,64,6d10h,2026-04-13 18:35:04
674,75%,4883/15989MB,49%,64,6d10h,2026-04-13 18:40:04
675,75%,5288/15989MB,49%,66,6d10h,2026-04-13 18:45:04
676,75%,5062/15989MB,49%,64,6d10h,2026-04-13 18:50:04
677,75%,5242/15989MB,49%,65,6d10h,2026-04-13 18:55:04
678,75%,5072/15989MB,49%,64,6d10h,2026-04-13 19:00:04
679,75%,5232/15989MB,49%,64,6d10h,2026-04-13 19:05:04
680,75%,5289/15989MB,49%,66,6d10h,2026-04-13 19:10:04
681,75%,5055/15989MB,49%,64,6d11h,2026-04-13 19:15:04
682,75%,5080/15989MB,49%,64,6d11h,2026-04-13 19:20:04
683,75%,4987/15989MB,49%,64,6d11h,2026-04-13 19:25:04
684,75%,4963/15989MB,49%,64,6d11h,2026-04-13 19:30:04
685,75%,5277/15989MB,49%,66,6d11h,2026-04-13 19:35:04
686,74%,5187/15989MB,49%,64,6d11h,2026-04-13 19:40:04
687,1.53 1.40 1.52,5193/15989MB,49%,64,live,2026-04-13 19:41:46
688,74%,5192/15989MB,49%,64,6d11h,2026-04-13 19:45:05
689,74%,5168/15989MB,49%,64,6d11h,2026-04-13 19:50:04
690,74%,4648/15989MB,49%,64,6d11h,2026-04-13 19:55:04
691,74%,4680/15989MB,49%,64,6d11h,2026-04-13 20:00:04
692,74%,4664/15989MB,49%,64,6d11h,2026-04-13 20:05:04
693,74%,4716/15989MB,49%,64,6d11h,2026-04-13 20:10:04
694,74%,4747/15989MB,49%,64,6d12h,2026-04-13 20:15:04
695,74%,4890/15989MB,49%,64,6d12h,2026-04-13 20:20:04
696,74%,5156/15989MB,49%,64,6d12h,2026-04-13 20:25:04
697,74%,5182/15989MB,49%,64,6d12h,2026-04-13 20:30:04
698,74%,5079/15989MB,49%,64,6d12h,2026-04-13 20:35:04
699,74%,5008/15989MB,49%,64,6d12h,2026-04-13 20:40:04
700,74%,5068/15989MB,49%,64,6d12h,2026-04-13 20:45:04
701,0.94 1.32 1.42,5078/15989MB,49%,64,live,2026-04-13 20:45:27
702,74%,5189/15989MB,49%,64,6d12h,2026-04-13 20:50:04
703,74%,5048/15989MB,49%,64,6d12h,2026-04-13 20:55:04
704,74%,5322/15989MB,49%,66,6d12h,2026-04-13 21:00:04
705,74%,5114/15989MB,49%,64,6d12h,2026-04-13 21:05:04
706,74%,5207/15989MB,49%,64,6d12h,2026-04-13 21:10:04
707,74%,5041/15989MB,49%,64,6d13h,2026-04-13 21:15:04
708,74%,5103/15989MB,49%,64,6d13h,2026-04-13 21:20:04
709,74%,5166/15989MB,49%,64,6d13h,2026-04-13 21:25:04
710,74%,5187/15989MB,49%,64,6d13h,2026-04-13 21:30:04
711,74%,5194/15989MB,49%,64,6d13h,2026-04-13 21:35:04
712,74%,4811/15989MB,49%,66,6d13h,2026-04-13 21:40:04
713,74%,4651/15989MB,49%,64,6d13h,2026-04-13 21:45:04
714,74%,4834/15989MB,49%,66,6d13h,2026-04-13 21:50:04
715,74%,4823/15989MB,49%,64,6d13h,2026-04-13 21:55:04
716,1.12 1.25 1.35,5166/15989MB,49%,64,live,2026-04-13 21:55:51
717,74%,4944/15989MB,49%,64,6d13h,2026-04-13 22:00:04
718,1.18 1.43 1.42,4819/15989MB,49%,64,live,2026-04-13 22:02:06
719,74%,4953/15989MB,49%,66,6d13h,2026-04-13 22:05:04
720,74%,4904/15989MB,49%,64,6d13h,2026-04-13 22:10:04
721,74%,5119/15989MB,49%,66,6d14h,2026-04-13 22:15:04
722,1.88 1.44 1.42,5295/15989MB,49%,66,live,2026-04-13 22:16:03
723,74%,5082/15989MB,49%,64,6d14h,2026-04-13 22:20:04
724,74%,5118/15989MB,49%,64,6d14h,2026-04-13 22:25:04
725,1.58 1.36 1.35,4988/15989MB,49%,64,live,2026-04-13 22:27:16
726,74%,4978/15989MB,49%,64,6d14h,2026-04-13 22:30:04
727,74%,5162/15989MB,49%,64,6d14h,2026-04-13 22:35:04
728,74%,5008/15989MB,49%,64,6d14h,2026-04-13 22:40:04
729,74%,5195/15989MB,49%,64,6d14h,2026-04-13 22:45:04
730,74%,5288/15989MB,49%,66,6d14h,2026-04-13 22:50:04
731,74%,5174/15989MB,49%,64,6d14h,2026-04-13 22:55:04
732,74%,4678/15989MB,49%,64,6d14h,2026-04-13 23:00:04
733,73%,4671/15989MB,49%,64,6d14h,2026-04-13 23:05:04
734,73%,4796/15989MB,49%,64,6d14h,2026-04-13 23:10:04
735,73%,5150/15989MB,49%,64,6d15h,2026-04-13 23:15:04
736,73%,5016/15989MB,49%,64,6d15h,2026-04-13 23:20:04
737,73%,5212/15989MB,49%,64,6d15h,2026-04-13 23:25:04
738,73%,4991/15989MB,49%,64,6d15h,2026-04-13 23:30:04
739,73%,5154/15989MB,49%,64,6d15h,2026-04-13 23:35:04
740,73%,5310/15989MB,49%,66,6d15h,2026-04-13 23:40:04
741,73%,5143/15989MB,49%,64,6d15h,2026-04-13 23:45:04
742,73%,5175/15989MB,49%,64,6d15h,2026-04-13 23:50:04
743,73%,5191/15989MB,49%,64,6d15h,2026-04-13 23:55:04
744,73%,5260/15989MB,49%,65,6d15h,2026-04-14 00:00:04
745,73%,5218/15989MB,45%,64,6d15h,2026-04-14 00:05:04
746,73%,4653/15989MB,45%,65,6d15h,2026-04-14 00:10:04
747,73%,4821/15989MB,45%,67,6d16h,2026-04-14 00:15:04
748,73%,4830/15989MB,45%,65,6d16h,2026-04-14 00:20:04
749,73%,4897/15989MB,45%,65,6d16h,2026-04-14 00:25:04
750,73%,5041/15989MB,45%,65,6d16h,2026-04-14 00:30:04
751,73%,5040/15989MB,45%,64,6d16h,2026-04-14 00:35:04
752,73%,5051/15989MB,45%,64,6d16h,2026-04-14 00:40:04
753,73%,5131/15989MB,45%,64,6d16h,2026-04-14 00:45:04
754,73%,5333/15989MB,45%,66,6d16h,2026-04-14 00:50:04
755,73%,5219/15989MB,45%,64,6d16h,2026-04-14 00:55:04
756,73%,5321/15989MB,45%,65,6d16h,2026-04-14 01:00:04
757,73%,5173/15989MB,45%,64,6d16h,2026-04-14 01:05:04
758,73%,4691/15989MB,45%,64,6d16h,2026-04-14 01:10:04
759,73%,5016/15989MB,45%,66,6d17h,2026-04-14 01:15:04
760,1.43 1.38 1.40,4823/15989MB,45%,66,live,2026-04-14 01:15:56
761,73%,5120/15989MB,45%,64,6d17h,2026-04-14 01:20:04
762,73%,5165/15989MB,45%,64,6d17h,2026-04-14 01:25:04
763,73%,5042/15989MB,45%,65,6d17h,2026-04-14 01:30:04
764,73%,5183/15989MB,45%,64,6d17h,2026-04-14 01:35:04
765,73%,5187/15989MB,45%,66,6d17h,2026-04-14 01:40:04
766,73%,5192/15989MB,45%,64,6d17h,2026-04-14 01:45:04
767,73%,5127/15989MB,45%,64,6d17h,2026-04-14 01:50:04
768,73%,5009/15989MB,45%,64,6d17h,2026-04-14 01:55:04
769,73%,4993/15989MB,45%,65,6d17h,2026-04-14 02:00:09
770,73%,5131/15989MB,45%,64,6d17h,2026-04-14 02:05:04
771,73%,5031/15989MB,45%,64,6d17h,2026-04-14 02:10:04
772,73%,5194/15989MB,45%,64,6d18h,2026-04-14 02:15:04
773,73%,5232/15989MB,45%,64,6d18h,2026-04-14 02:20:04
774,73%,4965/15989MB,45%,64,6d18h,2026-04-14 02:25:04
775,73%,5177/15989MB,45%,64,6d18h,2026-04-14 02:30:04
776,73%,5246/15989MB,45%,64,6d18h,2026-04-14 02:35:04
777,73%,4692/15989MB,45%,64,6d18h,2026-04-14 02:40:04
778,72%,4771/15989MB,45%,64,6d18h,2026-04-14 02:45:04
779,72%,4844/15989MB,45%,64,6d18h,2026-04-14 02:50:04
780,72%,5006/15989MB,45%,64,6d18h,2026-04-14 02:55:04
781,72%,5113/15989MB,45%,66,6d18h,2026-04-14 03:00:04
782,1.30 1.43 1.40,5100/15989MB,45%,64,live,2026-04-14 03:05:05
783,72%,5305/15989MB,45%,64,6d18h,2026-04-14 03:05:05
784,2.68 1.68 1.47,5246/15989MB,45%,65,live,2026-04-14 03:10:06
785,72%,5266/15989MB,45%,65,6d18h,2026-04-14 03:10:06
786,72%,5040/15989MB,45%,65,6d19h,2026-04-14 03:15:04
787,1.94 1.72 1.53,5172/15989MB,45%,65,live,2026-04-14 03:15:13
788,72%,5344/15989MB,45%,67,6d19h,2026-04-14 03:20:04
789,72%,5312/15989MB,45%,67,6d19h,2026-04-14 03:25:04
790,72%,5261/15989MB,45%,65,6d19h,2026-04-14 03:30:04
791,72%,5090/15989MB,45%,64,6d19h,2026-04-14 03:35:04
792,1.48 1.79 1.87,5128/15989MB,45%,64,live,2026-04-14 03:40:06
793,72%,5265/15989MB,45%,64,6d19h,2026-04-14 03:40:06
794,72%,5297/15989MB,45%,66,6d19h,2026-04-14 03:45:04
795,1.36 1.63 1.80,5332/15989MB,45%,66,live,2026-04-14 03:45:20
796,72%,5092/15989MB,45%,64,6d19h,2026-04-14 03:50:04
797,2.52 1.89 1.85,5232/15989MB,45%,64,live,2026-04-14 03:50:18
798,72%,5127/15989MB,45%,64,6d19h,2026-04-14 03:55:04
799,1.13 1.44 1.67,5079/15989MB,45%,64,live,2026-04-14 03:55:09
800,72%,5298/15989MB,45%,64,6d19h,2026-04-14 04:00:04
801,1.59 1.45 1.60,5214/15989MB,45%,64,live,2026-04-14 04:00:32
802,72%,5110/15989MB,45%,64,6d19h,2026-04-14 04:05:04
803,1.24 1.33 1.51,5060/15989MB,45%,64,live,2026-04-14 04:05:13
804,72%,5205/15989MB,45%,64,6d19h,2026-04-14 04:10:04
805,2.19 1.67 1.59,5201/15989MB,45%,64,live,2026-04-14 04:10:17
806,72%,5176/15989MB,45%,64,6d20h,2026-04-14 04:15:04
807,0.91 1.25 1.43,4950/15989MB,45%,64,live,2026-04-14 04:15:18
808,1.39 1.34 1.42,5216/15989MB,45%,64,live,2026-04-14 04:20:13
809,72%,5252/15989MB,45%,64,6d20h,2026-04-14 04:20:32
810,1.49 1.33 1.37,5317/15989MB,45%,66,live,2026-04-14 04:25:12
811,72%,5328/15989MB,45%,66,6d20h,2026-04-14 04:25:32
812,2.36 1.58 1.43,5237/15989MB,45%,65,live,2026-04-14 04:30:20
813,72%,4699/15989MB,45%,64,6d20h,2026-04-14 04:30:32
814,1.35 1.45 1.42,5199/15989MB,45%,64,live,2026-04-14 04:35:14
815,72%,4714/15989MB,45%,64,6d20h,2026-04-14 04:35:32
816,1.61 1.65 1.52,4826/15989MB,45%,66,live,2026-04-14 04:40:23
817,72%,4860/15989MB,45%,64,6d20h,2026-04-14 04:40:32
818,1.88 1.54 1.49,4689/15989MB,45%,64,live,2026-04-14 04:45:19
819,72%,5095/15989MB,45%,64,6d20h,2026-04-14 04:45:32
820,72%,5051/15989MB,45%,64,6d20h,2026-04-14 04:50:32
821,72%,5040/15989MB,45%,64,6d20h,2026-04-14 04:55:32
822,72%,5274/15989MB,45%,65,6d20h,2026-04-14 05:00:34
823,72%,5192/15989MB,45%,64,6d20h,2026-04-14 05:05:32
824,72%,5047/15989MB,45%,64,6d20h,2026-04-14 05:10:32
825,1.00 1.23 1.42,5275/15989MB,45%,66,live,2026-04-14 05:15:17
826,72%,5355/15989MB,45%,66,6d21h,2026-04-14 05:15:33
827,72%,5226/15989MB,45%,64,6d21h,2026-04-14 05:20:33
828,72%,5238/15989MB,45%,64,6d21h,2026-04-14 05:25:32
829,72%,5241/15989MB,45%,64,6d21h,2026-04-14 05:30:34
830,72%,5237/15989MB,45%,64,6d21h,2026-04-14 05:35:32
831,72%,5209/15989MB,45%,64,6d21h,2026-04-14 05:40:32
832,72%,5215/15989MB,45%,64,6d21h,2026-04-14 05:45:33
833,72%,5226/15989MB,45%,64,6d21h,2026-04-14 05:50:32
834,72%,5214/15989MB,45%,64,6d21h,2026-04-14 05:55:32
835,72%,4801/15989MB,45%,66,6d21h,2026-04-14 06:00:35
836,72%,4692/15989MB,45%,64,6d21h,2026-04-14 06:05:32
837,72%,4697/15989MB,45%,64,6d21h,2026-04-14 06:10:32
838,72%,4986/15989MB,45%,66,6d22h,2026-04-14 06:15:33
839,72%,5210/15989MB,45%,64,6d22h,2026-04-14 06:20:33
840,72%,5128/15989MB,45%,64,6d22h,2026-04-14 06:25:32
841,72%,5003/15989MB,45%,64,6d22h,2026-04-14 06:30:36
842,71%,5105/15989MB,45%,64,6d22h,2026-04-14 06:35:32
843,71%,5179/15989MB,45%,64,6d22h,2026-04-14 06:40:33
844,71%,5271/15989MB,45%,64,6d22h,2026-04-14 06:45:33
845,71%,5224/15989MB,45%,64,6d22h,2026-04-14 06:50:33
846,71%,5065/15989MB,45%,64,6d22h,2026-04-14 06:55:32
847,71%,5206/15989MB,45%,64,6d22h,2026-04-14 07:00:42
848,71%,4997/15989MB,45%,64,6d22h,2026-04-14 07:05:33
849,71%,5137/15989MB,45%,66,6d22h,2026-04-14 07:10:34
850,71%,5135/15989MB,45%,64,6d23h,2026-04-14 07:15:33
851,71%,5208/15989MB,45%,64,6d23h,2026-04-14 07:20:33
852,71%,5207/15989MB,45%,64,6d23h,2026-04-14 07:25:32
853,71%,5229/15989MB,45%,64,6d23h,2026-04-14 07:30:35
854,71%,5019/15989MB,45%,65,6d23h,2026-04-14 07:35:33
855,71%,5206/15989MB,45%,64,6d23h,2026-04-14 07:40:32
856,71%,5172/15989MB,45%,64,6d23h,2026-04-14 07:45:33
857,71%,5214/15989MB,45%,64,6d23h,2026-04-14 07:50:32
858,71%,5048/15989MB,45%,64,6d23h,2026-04-14 07:55:33
859,71%,5222/15989MB,45%,64,6d23h,2026-04-14 08:00:34
860,71%,5156/15989MB,45%,65,6d23h,2026-04-14 08:05:32
861,71%,5233/15989MB,45%,64,6d23h,2026-04-14 08:10:33
862,71%,5213/15989MB,45%,66,7d0h,2026-04-14 08:15:32
863,71%,5248/15989MB,45%,64,7d0h,2026-04-14 08:20:32
864,71%,5212/15989MB,45%,64,7d0h,2026-04-14 08:25:32
865,71%,5090/15989MB,45%,66,7d0h,2026-04-14 08:30:34
866,71%,5314/15989MB,45%,65,7d0h,2026-04-14 08:35:32
867,71%,5137/15989MB,45%,64,7d0h,2026-04-14 08:40:32
868,71%,5039/15989MB,45%,64,7d0h,2026-04-14 08:45:33
869,71%,5207/15989MB,45%,64,7d0h,2026-04-14 08:50:32
870,71%,5249/15989MB,45%,66,7d0h,2026-04-14 08:55:32
871,71%,5240/15989MB,45%,64,7d0h,2026-04-14 09:00:34
872,71%,5212/15989MB,45%,65,7d0h,2026-04-14 09:05:33
873,71%,5302/15989MB,45%,66,7d0h,2026-04-14 09:10:33
874,71%,5142/15989MB,45%,64,7d1h,2026-04-14 09:15:33
875,71%,4865/15989MB,45%,64,7d1h,2026-04-14 09:20:32
876,71%,4916/15989MB,45%,64,7d1h,2026-04-14 09:25:32
877,71%,5065/15989MB,45%,64,7d1h,2026-04-14 09:30:33
878,71%,5251/15989MB,45%,64,7d1h,2026-04-14 09:35:32
879,71%,5191/15989MB,45%,64,7d1h,2026-04-14 09:40:33
880,71%,5129/15989MB,45%,64,7d1h,2026-04-14 09:45:33
881,71%,5159/15989MB,45%,64,7d1h,2026-04-14 09:50:32
882,71%,5111/15989MB,45%,64,7d1h,2026-04-14 09:55:32
883,71%,5231/15989MB,45%,64,7d1h,2026-04-14 10:00:34
884,71%,5133/15989MB,45%,64,7d1h,2026-04-14 10:05:32
885,71%,4770/15989MB,45%,64,7d1h,2026-04-14 10:10:32
886,71%,4815/15989MB,45%,66,7d2h,2026-04-14 10:15:32
887,71%,4706/15989MB,45%,64,7d2h,2026-04-14 10:20:32
888,71%,4700/15989MB,45%,64,7d2h,2026-04-14 10:25:32
889,71%,4714/15989MB,45%,64,7d2h,2026-04-14 10:30:32
890,71%,4702/15989MB,45%,64,7d2h,2026-04-14 10:35:32
891,70%,5210/15989MB,45%,64,7d2h,2026-04-14 10:40:32
892,70%,5205/15989MB,45%,64,7d2h,2026-04-14 10:45:32
893,70%,5214/15989MB,45%,64,7d2h,2026-04-14 10:50:32
894,70%,5208/15989MB,45%,64,7d2h,2026-04-14 10:55:32
895,70%,5211/15989MB,45%,64,7d2h,2026-04-14 11:00:33
896,70%,5123/15989MB,45%,64,7d2h,2026-04-14 11:05:32
897,70%,5212/15989MB,45%,64,7d2h,2026-04-14 11:10:32
898,70%,5239/15989MB,45%,64,7d3h,2026-04-14 11:15:32
899,70%,5048/15989MB,45%,66,7d3h,2026-04-14 11:20:32
900,70%,4697/15989MB,45%,64,7d3h,2026-04-14 11:25:32
901,70%,5201/15989MB,45%,64,7d3h,2026-04-14 11:30:32
902,70%,5239/15989MB,45%,64,7d3h,2026-04-14 11:35:32
903,70%,5119/15989MB,45%,64,7d3h,2026-04-14 11:40:32
904,70%,5221/15989MB,45%,64,7d3h,2026-04-14 11:45:32
905,70%,5042/15989MB,45%,64,7d3h,2026-04-14 11:50:32
906,70%,5205/15989MB,45%,64,7d3h,2026-04-14 11:55:32
907,70%,5141/15989MB,45%,64,7d3h,2026-04-14 12:00:32
908,70%,4696/15989MB,45%,64,7d3h,2026-04-14 12:05:32
909,70%,4733/15989MB,45%,64,7d3h,2026-04-14 12:10:32
910,70%,4695/15989MB,45%,64,7d4h,2026-04-14 12:15:32
911,70%,4697/15989MB,45%,64,7d4h,2026-04-14 12:20:32
912,70%,5307/15989MB,45%,66,7d4h,2026-04-14 12:25:32
913,70%,5248/15989MB,45%,64,7d4h,2026-04-14 12:30:32
914,70%,5231/15989MB,45%,64,7d4h,2026-04-14 12:35:32
915,70%,5231/15989MB,45%,64,7d4h,2026-04-14 12:40:32
916,70%,5216/15989MB,45%,64,7d4h,2026-04-14 12:45:32
917,70%,5078/15989MB,45%,64,7d4h,2026-04-14 12:50:32
918,70%,5227/15989MB,45%,64,7d4h,2026-04-14 12:55:32
919,70%,5207/15989MB,45%,64,7d4h,2026-04-14 13:00:32
920,70%,5189/15989MB,45%,64,7d4h,2026-04-14 13:05:32
921,70%,4972/15989MB,45%,64,7d4h,2026-04-14 13:10:32
922,70%,5015/15989MB,45%,64,7d5h,2026-04-14 13:15:35
923,70%,4989/15989MB,45%,64,7d5h,2026-04-14 13:20:33
924,70%,5227/15989MB,45%,64,7d5h,2026-04-14 13:25:32
925,70%,4999/15989MB,45%,64,7d5h,2026-04-14 13:30:39
926,70%,4999/15989MB,45%,64,7d5h,2026-04-14 13:35:32
927,70%,5242/15989MB,45%,64,7d5h,2026-04-14 13:40:32
928,70%,5012/15989MB,45%,64,7d5h,2026-04-14 13:45:32
929,70%,4995/15989MB,45%,64,7d5h,2026-04-14 13:50:32
930,70%,5223/15989MB,45%,64,7d5h,2026-04-14 13:55:32
931,70%,5182/15989MB,45%,64,7d5h,2026-04-14 14:00:32
932,70%,5093/15989MB,45%,64,7d5h,2026-04-14 14:05:32
933,70%,5215/15989MB,45%,64,7d5h,2026-04-14 14:10:32
934,70%,5119/15989MB,45%,64,7d6h,2026-04-14 14:15:32
935,70%,5273/15989MB,45%,65,7d6h,2026-04-14 14:20:32
936,70%,5075/15989MB,45%,64,7d6h,2026-04-14 14:25:32
937,70%,5237/15989MB,45%,64,7d6h,2026-04-14 14:30:32
938,70%,5339/15989MB,45%,66,7d6h,2026-04-14 14:35:32
939,70%,5136/15989MB,45%,64,7d6h,2026-04-14 14:40:32
940,70%,5232/15989MB,45%,64,7d6h,2026-04-14 14:45:32
941,70%,5223/15989MB,45%,64,7d6h,2026-04-14 14:50:32
942,69%,5208/15989MB,45%,64,7d6h,2026-04-14 14:55:32
943,69%,5226/15989MB,45%,64,7d6h,2026-04-14 15:00:32
944,69%,5225/15989MB,45%,64,7d6h,2026-04-14 15:05:32
945,69%,5393/15989MB,45%,65,7d6h,2026-04-14 15:10:01
946,69%,5090/15989MB,45%,64,7d7h,2026-04-14 15:15:01
947,69%,5268/15989MB,45%,64,7d7h,2026-04-14 15:20:01
948,69%,5236/15989MB,45%,64,7d7h,2026-04-14 15:25:01
949,69%,5257/15989MB,45%,64,7d7h,2026-04-14 15:30:01
950,69%,5240/15989MB,45%,64,7d7h,2026-04-14 15:35:01
951,69%,4900/15989MB,45%,67,7d7h,2026-04-14 15:40:01
952,69%,4766/15989MB,45%,64,7d7h,2026-04-14 15:45:01
953,69%,4880/15989MB,45%,64,7d7h,2026-04-14 15:50:01
954,69%,4975/15989MB,45%,64,7d7h,2026-04-14 15:55:01
955,69%,5259/15989MB,45%,64,7d7h,2026-04-14 16:00:01
956,69%,5066/15989MB,45%,64,7d7h,2026-04-14 16:05:01
957,69%,5316/15989MB,45%,64,7d7h,2026-04-14 16:10:02
958,69%,4971/15989MB,45%,64,7d8h,2026-04-14 16:15:01
959,69%,4969/15989MB,45%,64,7d8h,2026-04-14 16:20:01
960,69%,5002/15989MB,45%,64,7d8h,2026-04-14 16:25:01
961,69%,5195/15989MB,45%,64,7d8h,2026-04-14 16:30:01
962,69%,5180/15989MB,45%,64,7d8h,2026-04-14 16:35:01
963,69%,5155/15989MB,45%,64,7d8h,2026-04-14 16:40:01
964,69%,5352/15989MB,45%,66,7d8h,2026-04-14 16:45:02
965,69%,5175/15989MB,45%,64,7d8h,2026-04-14 16:50:01
966,69%,5082/15989MB,45%,64,7d8h,2026-04-14 16:55:01
967,69%,5258/15989MB,45%,64,7d8h,2026-04-14 17:00:01
968,69%,5246/15989MB,45%,64,7d8h,2026-04-14 17:05:01
969,69%,4740/15989MB,45%,64,7d8h,2026-04-14 17:10:01
970,69%,4727/15989MB,45%,64,7d9h,2026-04-14 17:15:02
971,69%,4861/15989MB,45%,64,7d9h,2026-04-14 17:20:01
972,69%,4947/15989MB,45%,64,7d9h,2026-04-14 17:25:01
973,69%,5284/15989MB,45%,64,7d9h,2026-04-14 17:30:01
974,69%,5187/15989MB,45%,64,7d9h,2026-04-14 17:35:01
975,69%,5359/15989MB,45%,64,7d9h,2026-04-14 17:40:01
976,69%,5333/15989MB,45%,64,7d9h,2026-04-14 17:45:01
977,69%,5371/15989MB,45%,66,7d9h,2026-04-14 17:50:01
978,69%,5238/15989MB,45%,64,7d9h,2026-04-14 17:55:01
979,69%,5277/15989MB,45%,64,7d9h,2026-04-14 18:00:01
980,69%,4741/15989MB,45%,64,7d9h,2026-04-14 18:05:01
981,69%,4807/15989MB,45%,64,7d9h,2026-04-14 18:10:01
982,69%,4818/15989MB,45%,64,7d10h,2026-04-14 18:15:01
983,69%,5010/15989MB,45%,64,7d10h,2026-04-14 18:20:01
984,69%,4972/15989MB,45%,64,7d10h,2026-04-14 18:25:01
985,69%,5276/15989MB,45%,64,7d10h,2026-04-14 18:30:01
986,69%,5051/15989MB,45%,64,7d10h,2026-04-14 18:35:01
987,69%,5166/15989MB,45%,64,7d10h,2026-04-14 18:40:01
988,69%,5089/15989MB,45%,64,7d10h,2026-04-14 18:45:01
989,69%,5110/15989MB,45%,64,7d10h,2026-04-14 18:50:01
990,69%,5246/15989MB,45%,64,7d10h,2026-04-14 18:55:01
991,69%,5270/15989MB,45%,64,7d10h,2026-04-14 19:00:01
992,69%,4805/15989MB,45%,64,7d10h,2026-04-14 19:05:01
993,69%,5046/15989MB,45%,66,7d10h,2026-04-14 19:10:01
994,68%,4946/15989MB,45%,64,7d11h,2026-04-14 19:15:01
995,68%,5120/15989MB,45%,64,7d11h,2026-04-14 19:20:01
996,68%,5201/15989MB,45%,64,7d11h,2026-04-14 19:25:01
997,68%,5103/15989MB,45%,64,7d11h,2026-04-14 19:30:01
998,68%,5266/15989MB,45%,64,7d11h,2026-04-14 19:35:02
999,68%,5241/15989MB,45%,64,7d11h,2026-04-14 19:40:01
1000,68%,5107/15989MB,45%,64,7d11h,2026-04-14 19:45:01
1001,68%,5252/15989MB,45%,64,7d11h,2026-04-14 19:50:01
1002,68%,5237/15989MB,45%,64,7d11h,2026-04-14 19:55:01
1003,68%,4871/15989MB,45%,66,7d11h,2026-04-14 20:00:01
1004,68%,4936/15989MB,45%,64,7d11h,2026-04-14 20:05:01
1005,68%,5082/15989MB,45%,64,7d11h,2026-04-14 20:06:12
1006,68%,5167/15989MB,45%,64,7d11h,2026-04-14 20:11:02
1007,68%,5021/15989MB,45%,64,7d12h,2026-04-14 20:16:00
1008,68%,5357/15989MB,45%,64,7d12h,2026-04-14 20:21:00
1009,68%,5235/15989MB,45%,64,7d12h,2026-04-14 20:26:02
1010,68%,5042/15989MB,45%,64,7d12h,2026-04-14 20:31:05
1011,68%,5201/15989MB,45%,64,7d12h,2026-04-14 20:36:00
1012,68%,5337/15989MB,45%,66,7d12h,2026-04-14 20:41:01
1013,68%,4747/15989MB,45%,64,7d12h,2026-04-14 20:46:03
1014,68%,4928/15989MB,45%,64,7d12h,2026-04-14 20:51:00
1015,68%,5430/15989MB,45%,66,7d12h,2026-04-14 20:56:02
1016,68%,5085/15989MB,45%,64,7d12h,2026-04-14 21:01:06
1017,68%,5238/15989MB,45%,64,7d12h,2026-04-14 21:06:01
1018,68%,5253/15989MB,45%,64,7d12h,2026-04-14 21:11:02
1019,68%,5239/15989MB,45%,64,7d13h,2026-04-14 21:16:01
1020,68%,4746/15989MB,45%,64,7d13h,2026-04-14 21:21:03
1021,68%,5165/15989MB,45%,64,7d13h,2026-04-14 21:26:02
1022,68%,5263/15989MB,45%,64,7d13h,2026-04-14 21:31:04
1023,68%,5180/15989MB,45%,64,7d13h,2026-04-14 21:36:02
1024,68%,5248/15989MB,45%,64,7d13h,2026-04-14 21:41:03
1025,68%,5186/15989MB,45%,64,7d13h,2026-04-14 21:46:02
1026,68%,5238/15989MB,45%,64,7d13h,2026-04-14 21:51:02
1027,68%,4712/15989MB,45%,64,7d13h,2026-04-14 21:56:02
1028,68%,4991/15989MB,45%,66,7d13h,2026-04-14 22:01:04
1029,68%,5029/15989MB,45%,64,7d13h,2026-04-14 22:06:02
1030,68%,5053/15989MB,45%,64,7d13h,2026-04-14 22:11:01
1031,68%,5171/15989MB,45%,64,7d14h,2026-04-14 22:16:02
1032,68%,5239/15989MB,45%,64,7d14h,2026-04-14 22:21:03
1033,68%,5230/15989MB,45%,64,7d14h,2026-04-14 22:26:02
1034,68%,4726/15989MB,45%,64,7d14h,2026-04-14 22:31:00
1035,68%,5097/15989MB,45%,64,7d14h,2026-04-14 22:36:02
1036,68%,5069/15989MB,45%,64,7d14h,2026-04-14 22:41:00
1037,68%,5232/15989MB,45%,64,7d14h,2026-04-14 22:46:02
1038,68%,5256/15989MB,45%,64,7d14h,2026-04-14 22:51:01
1039,68%,4736/15989MB,45%,64,7d14h,2026-04-14 22:56:02
1040,68%,5004/15989MB,45%,64,7d14h,2026-04-14 23:01:04
1041,68%,5299/15989MB,45%,66,7d14h,2026-04-14 23:06:03
1042,68%,5102/15989MB,45%,64,7d14h,2026-04-14 23:11:02
1043,68%,5263/15989MB,45%,64,7d15h,2026-04-14 23:16:02
1044,68%,4729/15989MB,45%,64,7d15h,2026-04-14 23:21:02
1045,68%,4868/15989MB,45%,64,7d15h,2026-04-14 23:26:02
1046,68%,5055/15989MB,45%,64,7d15h,2026-04-14 23:31:03
1047,68%,5242/15989MB,45%,64,7d15h,2026-04-14 23:36:02
1048,68%,5350/15989MB,45%,64,7d15h,2026-04-14 23:41:00
1049,68%,5250/15989MB,45%,64,7d15h,2026-04-14 23:46:02
1050,67%,4708/15989MB,45%,64,7d15h,2026-04-14 23:51:02
1051,67%,4938/15989MB,45%,64,7d15h,2026-04-14 23:56:01
1052,67%,5274/15989MB,45%,64,7d15h,2026-04-15 00:01:05
1053,67%,5232/15989MB,45%,64,7d15h,2026-04-15 00:06:02
1054,67%,5275/15989MB,45%,67,7d15h,2026-04-15 00:11:00
1055,67%,5281/15989MB,45%,65,7d16h,2026-04-15 00:16:00
1056,67%,4741/15989MB,45%,64,7d16h,2026-04-15 00:21:00
1057,67%,5092/15989MB,45%,64,7d16h,2026-04-15 00:26:02
1058,67%,4997/15989MB,45%,64,7d16h,2026-04-15 00:31:00
1059,67%,5219/15989MB,45%,64,7d16h,2026-04-15 00:36:00
1060,67%,5218/15989MB,45%,64,7d16h,2026-04-15 00:41:00
1061,67%,5329/15989MB,45%,65,7d16h,2026-04-15 00:46:03
1062,67%,4733/15989MB,45%,64,7d16h,2026-04-15 00:51:00
1063,67%,5095/15989MB,45%,64,7d16h,2026-04-15 00:56:00
1064,67%,5035/15989MB,45%,64,7d16h,2026-04-15 01:01:00
1065,67%,5105/15989MB,45%,64,7d16h,2026-04-15 01:06:00
1066,67%,5252/15989MB,45%,64,7d16h,2026-04-15 01:11:00
1067,67%,5366/15989MB,45%,68,7d17h,2026-04-15 01:16:00
1068,67%,4712/15989MB,45%,64,7d17h,2026-04-15 01:21:00
1069,67%,4792/15989MB,45%,64,7d17h,2026-04-15 01:26:00
1070,67%,5253/15989MB,45%,64,7d17h,2026-04-15 01:31:00
1071,67%,5277/15989MB,45%,64,7d17h,2026-04-15 01:36:00
1072,67%,5210/15989MB,45%,64,7d17h,2026-04-15 01:41:00
1073,67%,5263/15989MB,45%,64,7d17h,2026-04-15 01:46:00
1074,67%,4718/15989MB,45%,64,7d17h,2026-04-15 01:51:04
1075,67%,4828/15989MB,46%,64,7d17h,2026-04-15 01:56:00
1076,67%,5244/15989MB,46%,64,7d17h,2026-04-15 02:01:00
1077,67%,5284/15989MB,46%,64,7d17h,2026-04-15 02:06:00
1078,1.33 1.48 1.45,5255/15989MB,46%,64,live,2026-04-15 02:06:19
1079,67%,5193/15989MB,45%,64,7d17h,2026-04-15 02:10:04
1080,67%,5234/15989MB,45%,64,7d18h,2026-04-15 02:15:04
1081,67%,4771/15989MB,45%,64,7d18h,2026-04-15 02:20:04
1082,67%,5227/15989MB,45%,64,7d18h,2026-04-15 02:25:06
1083,67%,5295/15989MB,45%,64,7d18h,2026-04-15 02:30:04
1084,67%,5006/15989MB,45%,64,7d18h,2026-04-15 02:35:04
1085,67%,5234/15989MB,45%,64,7d18h,2026-04-15 02:40:04
1086,67%,4732/15989MB,45%,64,7d18h,2026-04-15 02:45:04
1087,67%,4835/15989MB,45%,64,7d18h,2026-04-15 02:50:04
1088,67%,5251/15989MB,45%,64,7d18h,2026-04-15 02:55:04
1089,67%,5260/15989MB,45%,64,7d18h,2026-04-15 03:00:06
1090,1.41 1.37 1.38,5201/15989MB,45%,64,live,2026-04-15 03:05:03
1091,67%,5075/15989MB,45%,64,7d18h,2026-04-15 03:05:04
1092,1.71 1.49 1.43,5271/15989MB,45%,64,live,2026-04-15 03:10:05
1093,67%,5282/15989MB,45%,64,7d18h,2026-04-15 03:10:05
1094,67%,5235/15989MB,45%,64,7d19h,2026-04-15 03:15:04
1095,1.37 1.29 1.34,4740/15989MB,45%,64,live,2026-04-15 03:15:11
1096,67%,5021/15989MB,45%,66,7d19h,2026-04-15 03:20:04
1097,67%,4999/15989MB,45%,64,7d19h,2026-04-15 03:25:05
1098,67%,5047/15989MB,45%,64,7d19h,2026-04-15 03:30:04
1099,67%,5292/15989MB,45%,64,7d19h,2026-04-15 03:35:07
1100,67%,5261/15989MB,45%,64,7d19h,2026-04-15 03:40:04
1101,1.32 1.38 1.48,5266/15989MB,45%,64,live,2026-04-15 03:40:06
1102,1.34 1.50 1.51,5147/15989MB,45%,64,live,2026-04-15 03:45:05
1103,67%,5163/15989MB,45%,64,7d19h,2026-04-15 03:45:05
1104,67%,5150/15989MB,45%,64,7d19h,2026-04-15 03:50:04
1105,67%,5231/15989MB,45%,64,7d19h,2026-04-15 03:55:05
1106,67%,4810/15989MB,45%,64,7d19h,2026-04-15 04:00:04
1107,67%,4870/15989MB,45%,64,7d19h,2026-04-15 04:05:04
1108,1.99 1.61 1.54,5197/15989MB,45%,66,live,2026-04-15 04:10:06
1109,67%,5198/15989MB,45%,66,7d19h,2026-04-15 04:10:06
1110,67%,5286/15989MB,45%,65,7d20h,2026-04-15 04:15:04
1111,1.54 1.42 1.46,5261/15989MB,45%,65,live,2026-04-15 04:15:21
1112,67%,5379/15989MB,45%,65,7d20h,2026-04-15 04:20:04
1113,67%,5237/15989MB,45%,65,7d20h,2026-04-15 04:25:05
1114,67%,5320/15989MB,45%,65,7d20h,2026-04-15 04:30:04
1115,67%,5361/15989MB,45%,67,7d20h,2026-04-15 04:35:04
1116,67%,5309/15989MB,46%,65,7d20h,2026-04-15 04:40:04
1117,66%,5253/15989MB,46%,65,7d20h,2026-04-15 04:45:04
1118,1.63 1.56 1.57,4724/15989MB,45%,64,live,2026-04-15 04:50:06
1119,66%,4740/15989MB,45%,64,7d20h,2026-04-15 04:50:06
1120,1.16 1.44 1.52,4851/15989MB,46%,64,live,2026-04-15 04:55:03
1121,66%,4876/15989MB,46%,64,7d20h,2026-04-15 04:55:04
1122,66%,4988/15989MB,46%,64,7d20h,2026-04-15 05:00:04
1123,1.81 1.47 1.51,5417/15989MB,46%,66,live,2026-04-15 05:00:26
1124,66%,4879/15989MB,46%,64,7d20h,2026-04-15 05:05:04
1125,1.14 1.32 1.44,5128/15989MB,46%,64,live,2026-04-15 05:05:18
1126,66%,5299/15989MB,46%,64,7d20h,2026-04-15 05:10:06
1127,1.67 1.34 1.40,5156/15989MB,46%,64,live,2026-04-15 05:10:06
1128,66%,5203/15989MB,46%,64,7d21h,2026-04-15 05:15:04
1129,1.40 1.39 1.40,4993/15989MB,46%,64,live,2026-04-15 05:15:14
1130,66%,5170/15989MB,46%,65,7d21h,2026-04-15 05:20:04
1131,66%,5275/15989MB,46%,64,7d21h,2026-04-15 05:25:05
1132,66%,5287/15989MB,46%,64,7d21h,2026-04-15 05:30:04
1133,66%,5250/15989MB,46%,64,7d21h,2026-04-15 05:35:04
1134,66%,5263/15989MB,46%,64,7d21h,2026-04-15 05:40:05
1135,66%,5267/15989MB,46%,64,7d21h,2026-04-15 05:45:04
1136,66%,4775/15989MB,46%,65,7d21h,2026-04-15 05:50:04
1137,66%,4886/15989MB,45%,64,7d21h,2026-04-15 05:55:07
1138,66%,5144/15989MB,45%,64,7d21h,2026-04-15 06:00:04
1139,66%,5197/15989MB,45%,66,7d21h,2026-04-15 06:05:05
1140,66%,5252/15989MB,45%,64,7d21h,2026-04-15 06:10:06
1141,66%,5260/15989MB,45%,64,7d22h,2026-04-15 06:15:05
1142,66%,5277/15989MB,45%,64,7d22h,2026-04-15 06:20:04
1143,66%,5259/15989MB,45%,64,7d22h,2026-04-15 06:25:06
1144,66%,5242/15989MB,45%,64,7d22h,2026-04-15 06:30:04
1145,66%,5233/15989MB,45%,64,7d22h,2026-04-15 06:35:05
1146,66%,4845/15989MB,45%,64,7d22h,2026-04-15 06:40:07
1147,66%,4933/15989MB,45%,64,7d22h,2026-04-15 06:45:05
1148,66%,5172/15989MB,45%,65,7d22h,2026-04-15 06:50:04
1149,66%,5296/15989MB,45%,64,7d22h,2026-04-15 06:55:07
1150,66%,5278/15989MB,45%,66,7d22h,2026-04-15 07:00:05
1151,66%,5258/15989MB,45%,64,7d22h,2026-04-15 07:05:06
1152,66%,5260/15989MB,45%,64,7d22h,2026-04-15 07:10:05
1153,66%,5232/15989MB,45%,64,7d23h,2026-04-15 07:15:05
1154,66%,5270/15989MB,45%,65,7d23h,2026-04-15 07:20:11
1155,66%,4725/15989MB,45%,64,7d23h,2026-04-15 07:25:07
1156,66%,4727/15989MB,45%,64,7d23h,2026-04-15 07:30:04
1157,66%,4952/15989MB,45%,64,7d23h,2026-04-15 07:35:05
1158,66%,5338/15989MB,45%,66,7d23h,2026-04-15 07:40:06
1159,66%,5305/15989MB,45%,64,7d23h,2026-04-15 07:45:05
1160,66%,5272/15989MB,45%,64,7d23h,2026-04-15 07:50:04
1161,66%,5301/15989MB,45%,66,7d23h,2026-04-15 07:55:05
1162,66%,5253/15989MB,45%,64,7d23h,2026-04-15 08:00:04
1163,66%,5258/15989MB,45%,64,7d23h,2026-04-15 08:05:06
1164,66%,5250/15989MB,46%,64,7d23h,2026-04-15 08:10:04
1165,66%,4728/15989MB,46%,64,8d0h,2026-04-15 08:15:04
1166,66%,4895/15989MB,46%,64,8d0h,2026-04-15 08:20:04
1167,66%,5096/15989MB,46%,64,8d0h,2026-04-15 08:25:04
1168,66%,5274/15989MB,46%,64,8d0h,2026-04-15 08:30:04
1169,66%,5248/15989MB,46%,64,8d0h,2026-04-15 08:35:04
1170,66%,5267/15989MB,46%,64,8d0h,2026-04-15 08:40:04
1171,66%,5252/15989MB,46%,64,8d0h,2026-04-15 08:45:04
1172,66%,4772/15989MB,46%,64,8d0h,2026-04-15 08:50:04
1173,66%,4957/15989MB,46%,64,8d0h,2026-04-15 08:55:04
1174,66%,5176/15989MB,46%,64,8d0h,2026-04-15 09:00:04
1175,66%,5282/15989MB,46%,64,8d0h,2026-04-15 09:05:04
1176,66%,5044/15989MB,46%,64,8d0h,2026-04-15 09:10:04
1177,66%,5255/15989MB,46%,64,8d1h,2026-04-15 09:15:04
1178,66%,5272/15989MB,46%,64,8d1h,2026-04-15 09:20:04
1179,66%,4745/15989MB,46%,64,8d1h,2026-04-15 09:25:04
1180,66%,4872/15989MB,46%,64,8d1h,2026-04-15 09:30:05
1181,66%,5160/15989MB,46%,64,8d1h,2026-04-15 09:35:04
1182,66%,5249/15989MB,46%,66,8d1h,2026-04-15 09:40:04
1183,66%,5283/15989MB,46%,64,8d1h,2026-04-15 09:45:04
1184,65%,5226/15989MB,45%,64,8d1h,2026-04-15 09:50:04
1185,65%,5253/15989MB,45%,64,8d1h,2026-04-15 09:55:04
1186,65%,5270/15989MB,45%,64,8d1h,2026-04-15 10:00:04
1187,65%,5223/15989MB,45%,64,8d1h,2026-04-15 10:05:05
1188,65%,5255/15989MB,45%,64,8d1h,2026-04-15 10:10:04
1189,65%,4733/15989MB,45%,64,8d2h,2026-04-15 10:15:04
1190,65%,4819/15989MB,45%,64,8d2h,2026-04-15 10:20:04
1191,65%,4895/15989MB,45%,64,8d2h,2026-04-15 10:25:04
1192,65%,5252/15989MB,45%,65,8d2h,2026-04-15 10:30:04
1193,65%,5044/15989MB,45%,64,8d2h,2026-04-15 10:35:04
1194,65%,5034/15989MB,45%,64,8d2h,2026-04-15 10:40:04
1195,65%,5241/15989MB,45%,64,8d2h,2026-04-15 10:45:04
1196,65%,5104/15989MB,45%,64,8d2h,2026-04-15 10:50:04
1197,65%,5176/15989MB,45%,64,8d2h,2026-04-15 10:55:04
1198,65%,5225/15989MB,45%,64,8d2h,2026-04-15 11:00:04
1199,65%,5251/15989MB,45%,64,8d2h,2026-04-15 11:05:04
1200,65%,5256/15989MB,45%,64,8d2h,2026-04-15 11:10:04
1201,65%,4760/15989MB,45%,64,8d3h,2026-04-15 11:15:05
1202,65%,5015/15989MB,46%,64,8d3h,2026-04-15 11:20:04
1203,65%,5253/15989MB,46%,66,8d3h,2026-04-15 11:25:04
1204,65%,5294/15989MB,46%,64,8d3h,2026-04-15 11:30:04
1205,65%,5260/15989MB,46%,64,8d3h,2026-04-15 11:35:04
1206,65%,5262/15989MB,46%,64,8d3h,2026-04-15 11:40:04
1207,65%,5265/15989MB,46%,64,8d3h,2026-04-15 11:45:04
1208,65%,4733/15989MB,46%,64,8d3h,2026-04-15 11:50:04
1209,65%,5180/15989MB,46%,64,8d3h,2026-04-15 11:55:04
1210,65%,5223/15989MB,46%,64,8d3h,2026-04-15 12:00:04
1211,65%,5119/15989MB,46%,64,8d3h,2026-04-15 12:05:04
1212,65%,5296/15989MB,46%,64,8d3h,2026-04-15 12:10:04
1213,65%,5123/15989MB,46%,64,8d4h,2026-04-15 12:15:04
1214,65%,5297/15989MB,46%,66,8d4h,2026-04-15 12:20:04
1215,65%,5243/15989MB,46%,64,8d4h,2026-04-15 12:25:05
1216,65%,5234/15989MB,46%,64,8d4h,2026-04-15 12:30:04
1217,65%,4759/15989MB,46%,64,8d4h,2026-04-15 12:35:04
1218,65%,4750/15989MB,46%,64,8d4h,2026-04-15 12:40:04
1219,65%,5115/15989MB,46%,64,8d4h,2026-04-15 12:45:04
1220,65%,5244/15989MB,46%,64,8d4h,2026-04-15 12:50:04
1221,65%,5239/15989MB,46%,64,8d4h,2026-04-15 12:55:26
1222,65%,4736/15989MB,46%,64,8d4h,2026-04-15 13:00:26
1223,65%,4890/15989MB,46%,64,8d4h,2026-04-15 13:05:26
1224,65%,5256/15989MB,46%,65,8d4h,2026-04-15 13:10:26
1225,65%,5062/15989MB,46%,64,8d5h,2026-04-15 13:15:26
1226,65%,5330/15989MB,46%,64,8d5h,2026-04-15 13:20:26
1227,65%,5105/15989MB,46%,64,8d5h,2026-04-15 13:25:26
1228,65%,5263/15989MB,46%,64,8d5h,2026-04-15 13:30:26
1229,65%,5248/15989MB,46%,64,8d5h,2026-04-15 13:35:26
1230,65%,4737/15989MB,45%,64,8d5h,2026-04-15 13:40:25
1231,65%,4735/15989MB,45%,64,8d5h,2026-04-15 13:45:26
1232,65%,4893/15989MB,45%,64,8d5h,2026-04-15 13:50:26
1233,65%,5255/15989MB,45%,64,8d5h,2026-04-15 13:55:26
1234,65%,5252/15989MB,45%,64,8d5h,2026-04-15 14:00:26
1235,65%,5136/15989MB,45%,64,8d5h,2026-04-15 14:05:26
1236,65%,5309/15989MB,45%,64,8d5h,2026-04-15 14:10:26
1237,65%,5292/15989MB,45%,64,8d6h,2026-04-15 14:15:26
1238,65%,5275/15989MB,45%,64,8d6h,2026-04-15 14:20:26
1239,65%,5233/15989MB,45%,64,8d6h,2026-04-15 14:25:25
1240,65%,4756/15989MB,45%,64,8d6h,2026-04-15 14:30:26
1241,1.51 1.38 1.38,5251/15989MB,45%,64,live,2026-04-15 14:33:12
1242,65%,5112/15989MB,46%,64,8d6h,2026-04-15 14:35:26
1243,65%,5122/15989MB,46%,64,8d6h,2026-04-15 14:40:26
1244,65%,5311/15989MB,46%,64,8d6h,2026-04-15 14:45:25
1245,65%,5279/15989MB,46%,64,8d6h,2026-04-15 14:50:26
1246,65%,5292/15989MB,46%,65,8d6h,2026-04-15 14:55:25
1247,1.16 1.25 1.29,4778/15989MB,46%,65,live,2026-04-15 14:55:41
1248,65%,4871/15989MB,46%,66,8d6h,2026-04-15 15:00:26
1249,65%,4733/15989MB,46%,64,8d6h,2026-04-15 15:05:25
1250,65%,4760/15989MB,46%,64,8d6h,2026-04-15 15:10:26
1251,64%,5104/15989MB,46%,64,8d7h,2026-04-15 15:15:26
1252,64%,5073/15989MB,46%,64,8d7h,2026-04-15 15:20:26
1253,64%,5243/15989MB,46%,65,8d7h,2026-04-15 15:25:26
1254,64%,5027/15989MB,46%,64,8d7h,2026-04-15 15:30:26
1255,64%,5371/15989MB,46%,66,8d7h,2026-04-15 15:35:26
1256,64%,5246/15989MB,46%,64,8d7h,2026-04-15 15:40:26
1257,64%,4750/15989MB,46%,64,8d7h,2026-04-15 15:45:26
1258,64%,4736/15989MB,46%,64,8d7h,2026-04-15 15:50:26
1259,64%,5004/15989MB,46%,65,8d7h,2026-04-15 15:55:26
1260,64%,5386/15989MB,46%,66,8d7h,2026-04-15 16:00:26
1261,64%,5001/15989MB,46%,64,8d7h,2026-04-15 16:05:26
1262,64%,5087/15989MB,46%,65,8d7h,2026-04-15 16:10:26
1263,64%,5248/15989MB,46%,64,8d8h,2026-04-15 16:15:25
1264,64%,5246/15989MB,46%,64,8d8h,2026-04-15 16:20:25
1265,64%,4932/15989MB,46%,67,8d8h,2026-04-15 16:25:33
1266,64%,4766/15989MB,46%,64,8d8h,2026-04-15 16:30:25
1267,64%,5212/15989MB,46%,64,8d8h,2026-04-15 16:35:26
1268,1.82 1.56 1.45,5052/15989MB,46%,66,live,2026-04-15 16:36:19
1269,64%,5219/15989MB,46%,64,8d8h,2026-04-15 16:40:25
1270,64%,5248/15989MB,46%,64,8d8h,2026-04-15 16:45:26
1271,64%,5228/15989MB,46%,64,8d8h,2026-04-15 16:50:25
1272,64%,5268/15989MB,46%,64,8d8h,2026-04-15 16:55:25
1273,64%,4746/15989MB,46%,64,8d8h,2026-04-15 17:00:26
1274,64%,4852/15989MB,46%,66,8d8h,2026-04-15 17:05:26
1275,64%,5002/15989MB,46%,64,8d8h,2026-04-15 17:10:26
1276,64%,5261/15989MB,46%,64,8d9h,2026-04-15 17:15:26
1277,64%,5256/15989MB,46%,64,8d9h,2026-04-15 17:20:26
1278,64%,5163/15989MB,46%,64,8d9h,2026-04-15 17:25:25
1279,64%,5209/15989MB,46%,64,8d9h,2026-04-15 17:30:26
1280,64%,5047/15989MB,46%,64,8d9h,2026-04-15 17:35:26
1281,64%,5161/15989MB,46%,64,8d9h,2026-04-15 17:40:26
1282,64%,5253/15989MB,46%,64,8d9h,2026-04-15 17:45:26
1283,64%,5300/15989MB,46%,65,8d9h,2026-04-15 17:50:26
1284,64%,4828/15989MB,46%,64,8d9h,2026-04-15 17:55:25
1285,64%,5295/15989MB,46%,64,8d9h,2026-04-15 18:00:26
1286,64%,5130/15989MB,46%,64,8d9h,2026-04-15 18:05:26
1287,64%,5192/15989MB,46%,64,8d9h,2026-04-15 18:10:25
1288,64%,5274/15989MB,46%,64,8d10h,2026-04-15 18:15:25
1289,64%,5244/15989MB,46%,64,8d10h,2026-04-15 18:20:25
1290,64%,4737/15989MB,46%,64,8d10h,2026-04-15 18:25:26
1291,1.60 1.50 1.43,5245/15989MB,46%,64,live,2026-04-15 18:25:47
1292,64%,5019/15989MB,46%,64,8d10h,2026-04-15 18:30:26
1293,64%,5201/15989MB,46%,66,8d10h,2026-04-15 18:35:26
1294,64%,5108/15989MB,46%,64,8d10h,2026-04-15 18:40:25
1295,64%,5294/15989MB,46%,64,8d10h,2026-04-15 18:45:26
1296,64%,5264/15989MB,46%,64,8d10h,2026-04-15 18:50:25
1297,64%,5287/15989MB,46%,64,8d10h,2026-04-15 18:55:26
1298,64%,4899/15989MB,46%,66,8d10h,2026-04-15 19:00:26
1299,64%,4740/15989MB,46%,64,8d10h,2026-04-15 19:05:25
1300,64%,4963/15989MB,46%,64,8d10h,2026-04-15 19:10:26
1301,64%,5072/15989MB,46%,64,8d11h,2026-04-15 19:15:26
1302,1.07 1.29 1.40,4769/15989MB,46%,64,live,2026-04-15 19:16:04
1303,64%,5192/15989MB,46%,64,8d11h,2026-04-15 19:20:26
1304,64%,5346/15989MB,46%,66,8d11h,2026-04-15 19:25:26
1305,64%,5273/15989MB,46%,64,8d11h,2026-04-15 19:30:26
1306,64%,5239/15989MB,46%,64,8d11h,2026-04-15 19:35:26
1307,64%,5247/15989MB,46%,64,8d11h,2026-04-15 19:40:25
1308,64%,4736/15989MB,46%,64,8d11h,2026-04-15 19:45:26
1309,2.12 1.68 1.55,5236/15989MB,46%,64,live,2026-04-15 19:46:53
1310,64%,4942/15989MB,46%,64,8d11h,2026-04-15 19:50:25
1311,64%,5245/15989MB,46%,64,8d11h,2026-04-15 19:55:26
1312,64%,5004/15989MB,46%,64,8d11h,2026-04-15 20:00:27
1313,1.74 1.40 1.37,5146/15989MB,46%,64,live,2026-04-15 20:02:30
1314,64%,5254/15989MB,46%,64,8d11h,2026-04-15 20:05:26
1315,64%,5382/15989MB,46%,66,8d11h,2026-04-15 20:10:25
1316,64%,5272/15989MB,46%,64,8d12h,2026-04-15 20:15:25
1317,64%,4733/15989MB,46%,64,8d12h,2026-04-15 20:20:25
1318,64%,4760/15989MB,46%,64,8d12h,2026-04-15 20:25:25
1319,64%,4859/15989MB,46%,64,8d12h,2026-04-15 20:30:25
1320,64%,5271/15989MB,46%,64,8d12h,2026-04-15 20:35:25
1321,64%,5290/15989MB,46%,64,8d12h,2026-04-15 20:40:25
1322,64%,5056/15989MB,46%,64,8d12h,2026-04-15 20:45:25
1323,64%,5255/15989MB,46%,64,8d12h,2026-04-15 20:50:25
1324,63%,5275/15989MB,46%,64,8d12h,2026-04-15 20:55:25
1325,63%,4757/15989MB,46%,64,8d12h,2026-04-15 21:00:28
1326,63%,4821/15989MB,46%,64,8d12h,2026-04-15 21:05:25
1327,63%,5259/15989MB,46%,64,8d12h,2026-04-15 21:10:25
1328,63%,5082/15989MB,46%,64,8d13h,2026-04-15 21:15:25
1329,63%,5302/15989MB,46%,66,8d13h,2026-04-15 21:20:25
1330,63%,5255/15989MB,46%,64,8d13h,2026-04-15 21:25:25
1331,63%,5256/15989MB,46%,64,8d13h,2026-04-15 21:30:25
1332,1.40 1.40 1.38,5097/15989MB,46%,64,live,2026-04-15 21:33:58
1333,63%,4744/15989MB,46%,64,8d13h,2026-04-15 21:35:25
1334,63%,4866/15989MB,46%,64,8d13h,2026-04-15 21:40:25
1335,63%,5286/15989MB,46%,66,8d13h,2026-04-15 21:45:25
1336,63%,5320/15989MB,46%,64,8d13h,2026-04-15 21:50:25
1337,63%,5367/15989MB,46%,66,8d13h,2026-04-15 21:55:25
1338,63%,5243/15989MB,46%,64,8d13h,2026-04-15 22:00:27
1339,63%,5246/15989MB,46%,64,8d13h,2026-04-15 22:05:25
1340,63%,4737/15989MB,46%,64,8d13h,2026-04-15 22:10:25
1341,63%,5010/15989MB,46%,64,8d14h,2026-04-15 22:15:25
1342,63%,5323/15989MB,46%,66,8d14h,2026-04-15 22:20:25
1343,63%,5181/15989MB,46%,64,8d14h,2026-04-15 22:25:25
1344,63%,5267/15989MB,46%,64,8d14h,2026-04-15 22:30:25
1345,63%,4739/15989MB,46%,64,8d14h,2026-04-15 22:35:25
1346,1.60 1.32 1.32,5166/15989MB,46%,64,live,2026-04-15 22:35:49
1347,63%,5062/15989MB,46%,64,8d14h,2026-04-15 22:40:25
1348,63%,5199/15989MB,46%,64,8d14h,2026-04-15 22:45:26
1349,2.17 1.53 1.35,5487/15989MB,46%,66,live,2026-04-15 22:46:21
1350,63%,5113/15989MB,46%,64,8d14h,2026-04-15 22:50:25
1351,63%,5262/15989MB,46%,64,8d14h,2026-04-15 22:55:25
1352,63%,4783/15989MB,46%,65,8d14h,2026-04-15 23:00:27
1353,63%,4744/15989MB,46%,64,8d14h,2026-04-15 23:05:25
1354,63%,5192/15989MB,46%,64,8d14h,2026-04-15 23:10:25
1355,63%,5236/15989MB,46%,64,8d15h,2026-04-15 23:15:25
1356,63%,5255/15989MB,46%,64,8d15h,2026-04-15 23:20:25
1357,63%,5235/15989MB,46%,64,8d15h,2026-04-15 23:25:25
1358,63%,5413/15989MB,46%,67,8d15h,2026-04-15 23:30:25
1359,63%,4762/15989MB,46%,64,8d15h,2026-04-15 23:35:25
1360,63%,5029/15989MB,46%,64,8d15h,2026-04-15 23:40:25
1361,63%,5075/15989MB,46%,64,8d15h,2026-04-15 23:45:26
1362,63%,5181/15989MB,46%,64,8d15h,2026-04-15 23:50:25
1363,63%,5220/15989MB,46%,64,8d15h,2026-04-15 23:55:25
1364,63%,5425/15989MB,46%,65,8d15h,2026-04-16 00:00:55
1365,2.20 1.95 1.65,5282/15989MB,46%,64,live,2026-04-16 00:02:50
1366,63%,5188/15989MB,46%,66,8d15h,2026-04-16 00:05:55
1367,63%,5280/15989MB,46%,65,8d15h,2026-04-16 00:10:55
1368,63%,4764/15989MB,46%,65,8d16h,2026-04-16 00:15:55
1369,63%,4818/15989MB,46%,65,8d16h,2026-04-16 00:20:55
1370,63%,5141/15989MB,46%,65,8d16h,2026-04-16 00:25:55
1371,63%,5285/15989MB,46%,65,8d16h,2026-04-16 00:30:55
1372,63%,5092/15989MB,46%,64,8d16h,2026-04-16 00:35:55
1373,63%,5272/15989MB,46%,64,8d16h,2026-04-16 00:40:55
1374,63%,5258/15989MB,46%,64,8d16h,2026-04-16 00:45:55
1375,63%,4763/15989MB,46%,64,8d16h,2026-04-16 00:50:55
1376,1.70 1.70 1.49,4740/15989MB,46%,64,live,2026-04-16 00:55:41
1377,63%,5097/15989MB,46%,64,8d16h,2026-04-16 00:55:55
1378,63%,5318/15989MB,46%,65,8d16h,2026-04-16 01:01:05
1379,63%,5163/15989MB,46%,64,8d16h,2026-04-16 01:05:55
1380,63%,5159/15989MB,45%,64,8d16h,2026-04-16 01:10:55
1381,63%,5211/15989MB,45%,64,8d17h,2026-04-16 01:15:55
1382,63%,5246/15989MB,45%,64,8d17h,2026-04-16 01:20:55
1383,63%,4865/15989MB,45%,66,8d17h,2026-04-16 01:25:55
1384,63%,5052/15989MB,45%,64,8d17h,2026-04-16 01:30:55
1385,63%,5087/15989MB,45%,64,8d17h,2026-04-16 01:35:55
1386,63%,5250/15989MB,45%,64,8d17h,2026-04-16 01:40:55
1387,63%,5320/15989MB,45%,64,8d17h,2026-04-16 01:45:56
1388,0.96 1.34 1.44,4927/15989MB,45%,64,live,2026-04-16 01:46:27
1389,63%,5254/15989MB,46%,64,8d17h,2026-04-16 01:50:55
1390,63%,4768/15989MB,46%,64,8d17h,2026-04-16 01:55:55
1391,63%,4848/15989MB,46%,64,8d17h,2026-04-16 02:00:56
1392,63%,4977/15989MB,46%,64,8d17h,2026-04-16 02:05:55
1393,63%,5281/15989MB,46%,64,8d17h,2026-04-16 02:10:55
1394,63%,5286/15989MB,46%,64,8d18h,2026-04-16 02:15:55
1395,63%,5034/15989MB,46%,64,8d18h,2026-04-16 02:20:55
1396,63%,5267/15989MB,46%,64,8d18h,2026-04-16 02:25:55
1397,63%,4728/15989MB,46%,64,8d18h,2026-04-16 02:30:55
1398,63%,4732/15989MB,46%,64,8d18h,2026-04-16 02:35:55
1399,63%,5254/15989MB,46%,66,8d18h,2026-04-16 02:40:55
1400,63%,5234/15989MB,46%,64,8d18h,2026-04-16 02:45:55
1401,63%,5261/15989MB,46%,64,8d18h,2026-04-16 02:50:55
1402,62%,5254/15989MB,46%,64,8d18h,2026-04-16 02:55:55
1403,62%,5252/15989MB,46%,64,8d18h,2026-04-16 03:00:56
1404,2.12 1.85 1.62,4875/15989MB,46%,67,live,2026-04-16 03:05:09
1405,62%,5262/15989MB,46%,65,8d18h,2026-04-16 03:05:55
1406,1.74 1.62 1.56,4866/15989MB,46%,65,live,2026-04-16 03:10:05
1407,62%,4741/15989MB,46%,65,8d18h,2026-04-16 03:10:55
1408,1.39 1.40 1.46,5294/15989MB,46%,67,live,2026-04-16 03:15:14
1409,62%,4925/15989MB,46%,64,8d19h,2026-04-16 03:15:55
1410,62%,5093/15989MB,46%,65,8d19h,2026-04-16 03:20:55
1411,62%,5094/15989MB,46%,65,8d19h,2026-04-16 03:25:55
1412,62%,5330/15989MB,46%,65,8d19h,2026-04-16 03:30:55
1413,62%,5385/15989MB,46%,64,8d19h,2026-04-16 03:35:55
1414,62%,5253/15989MB,46%,64,8d19h,2026-04-16 03:40:55
1415,62%,5281/15989MB,46%,64,8d19h,2026-04-16 03:45:55
1416,62%,4731/15989MB,46%,64,8d19h,2026-04-16 03:50:55
1417,1.89 1.52 1.52,5182/15989MB,46%,64,live,2026-04-16 03:55:12
1418,62%,4835/15989MB,46%,64,8d19h,2026-04-16 03:55:55
1419,1.47 1.51 1.52,4728/15989MB,46%,64,live,2026-04-16 04:00:44
1420,62%,5165/15989MB,46%,64,8d19h,2026-04-16 04:00:56
1421,1.76 1.58 1.54,5266/15989MB,46%,64,live,2026-04-16 04:05:12
1422,62%,4932/15989MB,46%,64,8d19h,2026-04-16 04:05:55
1423,1.01 1.17 1.37,5156/15989MB,46%,64,live,2026-04-16 04:10:12
1424,62%,5294/15989MB,46%,64,8d19h,2026-04-16 04:10:55
1425,1.56 1.46 1.43,5168/15989MB,46%,64,live,2026-04-16 04:15:12
1426,62%,5133/15989MB,46%,64,8d20h,2026-04-16 04:15:55
1427,62%,5336/15989MB,46%,64,8d20h,2026-04-16 04:20:55
1428,62%,5288/15989MB,46%,64,8d20h,2026-04-16 04:25:55
1429,62%,5248/15989MB,46%,64,8d20h,2026-04-16 04:30:56
1430,1.97 1.64 1.46,5257/15989MB,46%,64,live,2026-04-16 04:35:04
1431,62%,5256/15989MB,46%,64,8d20h,2026-04-16 04:35:55
1432,1.31 1.40 1.40,4773/15989MB,46%,64,live,2026-04-16 04:40:08
1433,62%,4753/15989MB,46%,64,8d20h,2026-04-16 04:40:55
1434,1.00 1.20 1.32,5276/15989MB,46%,64,live,2026-04-16 04:45:18
1435,62%,4742/15989MB,46%,64,8d20h,2026-04-16 04:45:55
1436,1.47 1.36 1.35,5173/15989MB,46%,66,live,2026-04-16 04:50:16
1437,62%,5014/15989MB,46%,66,8d20h,2026-04-16 04:50:55
1438,1.05 1.29 1.34,5235/15989MB,46%,64,live,2026-04-16 04:55:14
1439,62%,5295/15989MB,46%,64,8d20h,2026-04-16 04:55:55
1440,1.36 1.48 1.41,4919/15989MB,46%,64,live,2026-04-16 05:00:47
1441,62%,5322/15989MB,46%,64,8d20h,2026-04-16 05:00:56
1442,1.53 1.51 1.44,5174/15989MB,46%,64,live,2026-04-16 05:05:11
1443,62%,5257/15989MB,46%,64,8d20h,2026-04-16 05:05:55
1444,2.15 1.68 1.52,5219/15989MB,46%,64,live,2026-04-16 05:10:22
1445,62%,5313/15989MB,46%,64,8d20h,2026-04-16 05:10:55
1446,1.81 1.57 1.50,5278/15989MB,46%,64,live,2026-04-16 05:15:16
1447,62%,5092/15989MB,46%,64,8d21h,2026-04-16 05:15:55
1448,62%,5287/15989MB,46%,64,8d21h,2026-04-16 05:20:55
1449,62%,5074/15989MB,46%,64,8d21h,2026-04-16 05:25:55
1450,62%,5230/15989MB,46%,64,8d21h,2026-04-16 05:30:56
1451,62%,5240/15989MB,46%,64,8d21h,2026-04-16 05:35:55
1452,62%,5235/15989MB,46%,64,8d21h,2026-04-16 05:40:55
1453,62%,4822/15989MB,46%,66,8d21h,2026-04-16 05:45:55
1454,62%,4697/15989MB,46%,64,8d21h,2026-04-16 05:50:55
1455,62%,5179/15989MB,46%,64,8d21h,2026-04-16 05:55:17
1456,62%,5246/15989MB,46%,64,8d21h,2026-04-16 06:00:33
1457,62%,5230/15989MB,46%,65,8d21h,2026-04-16 06:05:18
1458,62%,5241/15989MB,46%,64,8d21h,2026-04-16 06:10:25
1459,62%,5127/15989MB,46%,64,8d22h,2026-04-16 06:15:17
1460,62%,5234/15989MB,46%,64,8d22h,2026-04-16 06:20:18
1461,62%,5252/15989MB,46%,64,8d22h,2026-04-16 06:25:21
1462,62%,4730/15989MB,46%,64,8d22h,2026-04-16 06:30:24
1463,62%,4750/15989MB,46%,65,8d22h,2026-04-16 06:35:21
1464,62%,4841/15989MB,46%,66,8d22h,2026-04-16 06:40:20
1465,62%,4710/15989MB,46%,64,8d22h,2026-04-16 06:45:17
1466,62%,5086/15989MB,46%,64,8d22h,2026-04-16 06:50:17
1467,62%,5249/15989MB,46%,64,8d22h,2026-04-16 06:55:17
1468,62%,5068/15989MB,46%,64,8d22h,2026-04-16 07:00:29
1469,62%,5147/15989MB,46%,65,8d22h,2026-04-16 07:05:18
1470,62%,5242/15989MB,46%,64,8d22h,2026-04-16 07:10:18
1471,62%,5088/15989MB,46%,64,8d23h,2026-04-16 07:15:16
1472,62%,5237/15989MB,46%,64,8d23h,2026-04-16 07:20:25
1473,62%,5250/15989MB,46%,64,8d23h,2026-04-16 07:25:16
1474,62%,5273/15989MB,46%,65,8d23h,2026-04-16 07:30:26
1475,62%,5271/15989MB,46%,65,8d23h,2026-04-16 07:35:16
1476,62%,5269/15989MB,46%,64,8d23h,2026-04-16 07:40:25
1477,62%,5241/15989MB,46%,64,8d23h,2026-04-16 07:45:18
1478,62%,5237/15989MB,46%,64,8d23h,2026-04-16 07:50:17
1479,62%,4722/15989MB,46%,64,8d23h,2026-04-16 07:55:17
1480,62%,4763/15989MB,46%,64,8d23h,2026-04-16 08:00:16
1481,62%,4843/15989MB,46%,64,8d23h,2026-04-16 08:05:18
1482,62%,4941/15989MB,46%,64,8d23h,2026-04-16 08:10:15
1483,62%,5148/15989MB,46%,64,9d0h,2026-04-16 08:15:17
1484,62%,5023/15989MB,46%,64,9d0h,2026-04-16 08:20:20
1485,62%,5147/15989MB,46%,64,9d0h,2026-04-16 08:25:17
1486,62%,5233/15989MB,46%,64,9d0h,2026-04-16 08:30:26
1487,62%,5095/15989MB,46%,64,9d0h,2026-04-16 08:35:22
1488,62%,5354/15989MB,46%,66,9d0h,2026-04-16 08:40:25
1489,62%,5247/15989MB,46%,64,9d0h,2026-04-16 08:45:19
1490,62%,5190/15989MB,46%,64,9d0h,2026-04-16 08:50:22
1491,62%,5239/15989MB,46%,64,9d0h,2026-04-16 08:55:16
1492,62%,5243/15989MB,46%,64,9d0h,2026-04-16 09:00:35
1493,62%,4885/15989MB,46%,64,9d0h,2026-04-16 09:05:18
1494,62%,4950/15989MB,46%,64,9d0h,2026-04-16 09:10:19
1495,62%,5055/15989MB,46%,64,9d1h,2026-04-16 09:15:24
1496,62%,5270/15989MB,46%,64,9d1h,2026-04-16 09:20:24
1497,61%,4985/15989MB,46%,64,9d1h,2026-04-16 09:25:17
1498,61%,5340/15989MB,46%,66,9d1h,2026-04-16 09:30:21
1499,61%,5217/15989MB,46%,64,9d1h,2026-04-16 09:35:17
1500,61%,5110/15989MB,46%,64,9d1h,2026-04-16 09:40:18
1501,61%,5151/15989MB,46%,66,9d1h,2026-04-16 09:45:15
1502,61%,5072/15989MB,46%,64,9d1h,2026-04-16 09:50:18
1503,61%,5235/15989MB,46%,64,9d1h,2026-04-16 09:55:14
1504,61%,5251/15989MB,46%,64,9d1h,2026-04-16 10:00:17
1505,61%,5251/15989MB,46%,64,9d1h,2026-04-16 10:05:19
1506,61%,4727/15989MB,46%,64,9d1h,2026-04-16 10:10:23
1507,61%,4718/15989MB,46%,64,9d2h,2026-04-16 10:15:16
1508,61%,4793/15989MB,46%,64,9d2h,2026-04-16 10:20:18
1509,61%,5255/15989MB,46%,64,9d2h,2026-04-16 10:25:21
1510,61%,5032/15989MB,46%,64,9d2h,2026-04-16 10:30:19
1511,61%,5067/15989MB,46%,64,9d2h,2026-04-16 10:35:20
1512,61%,5118/15989MB,46%,64,9d2h,2026-04-16 10:40:14
1513,61%,5183/15989MB,46%,64,9d2h,2026-04-16 10:45:17
1514,61%,5365/15989MB,46%,66,9d2h,2026-04-16 10:50:56
1515,61%,5081/15989MB,46%,64,9d2h,2026-04-16 10:55:56
1516,61%,5296/15989MB,46%,64,9d2h,2026-04-16 11:00:57
1517,61%,5249/15989MB,46%,64,9d2h,2026-04-16 11:05:56
1518,61%,5047/15989MB,46%,64,9d2h,2026-04-16 11:10:56
1519,61%,5250/15989MB,46%,65,9d3h,2026-04-16 11:15:56
1520,61%,5258/15989MB,46%,64,9d3h,2026-04-16 11:20:56
1521,61%,4728/15989MB,46%,64,9d3h,2026-04-16 11:25:56
1522,61%,4856/15989MB,46%,64,9d3h,2026-04-16 11:30:57
1523,61%,4866/15989MB,46%,64,9d3h,2026-04-16 11:35:56
1524,61%,4708/15989MB,46%,64,9d3h,2026-04-16 11:40:56
1525,61%,4740/15989MB,46%,64,9d3h,2026-04-16 11:45:56
1526,61%,4738/15989MB,46%,64,9d3h,2026-04-16 11:50:56
1527,61%,4737/15989MB,46%,64,9d3h,2026-04-16 11:55:56
1528,61%,4711/15989MB,46%,64,9d3h,2026-04-16 12:00:57
1529,61%,4727/15989MB,46%,64,9d3h,2026-04-16 12:05:56
1530,61%,4823/15989MB,46%,66,9d3h,2026-04-16 12:10:56
1531,61%,4717/15989MB,46%,64,9d4h,2026-04-16 12:15:56
1532,61%,4711/15989MB,46%,64,9d4h,2026-04-16 12:20:56
1533,61%,4836/15989MB,46%,66,9d4h,2026-04-16 12:25:56
1534,61%,4737/15989MB,46%,64,9d4h,2026-04-16 12:30:57
1535,61%,4723/15989MB,46%,64,9d4h,2026-04-16 12:35:56
1536,61%,4733/15989MB,46%,64,9d4h,2026-04-16 12:40:56
1537,61%,4723/15989MB,46%,64,9d4h,2026-04-16 12:45:56
1538,61%,4708/15989MB,46%,64,9d4h,2026-04-16 12:50:56
1539,61%,4697/15989MB,46%,64,9d4h,2026-04-16 12:55:56
1540,61%,4746/15989MB,46%,64,9d4h,2026-04-16 13:00:57
1541,61%,4829/15989MB,46%,66,9d4h,2026-04-16 13:05:56
1542,61%,4724/15989MB,46%,64,9d4h,2026-04-16 13:10:56
1543,61%,4713/15989MB,46%,64,9d5h,2026-04-16 13:15:56
1544,61%,4840/15989MB,46%,66,9d5h,2026-04-16 13:20:56
1545,61%,4703/15989MB,46%,64,9d5h,2026-04-16 13:25:56
1546,61%,4731/15989MB,46%,64,9d5h,2026-04-16 13:30:57
1547,61%,4742/15989MB,46%,64,9d5h,2026-04-16 13:35:56
1548,61%,4730/15989MB,46%,64,9d5h,2026-04-16 13:40:56
1549,61%,4735/15989MB,46%,64,9d5h,2026-04-16 13:45:56
1550,61%,4800/15989MB,46%,64,9d5h,2026-04-16 13:50:56
1551,61%,4961/15989MB,46%,64,9d5h,2026-04-16 13:55:56
1552,61%,5313/15989MB,46%,66,9d5h,2026-04-16 14:00:58
1553,61%,5081/15989MB,46%,64,9d5h,2026-04-16 14:05:56
1554,61%,5248/15989MB,46%,64,9d5h,2026-04-16 14:10:56
1555,61%,5381/15989MB,46%,66,9d6h,2026-04-16 14:15:56
1556,61%,5244/15989MB,46%,64,9d6h,2026-04-16 14:20:56
1557,61%,5003/15989MB,46%,64,9d6h,2026-04-16 14:25:56
1558,61%,5291/15989MB,46%,64,9d6h,2026-04-16 14:30:57
1559,61%,5247/15989MB,46%,64,9d6h,2026-04-16 14:35:56
1560,61%,5026/15989MB,46%,65,9d6h,2026-04-16 14:40:56
1561,61%,5253/15989MB,46%,64,9d6h,2026-04-16 14:45:57
1562,61%,5242/15989MB,46%,64,9d6h,2026-04-16 14:50:56
1563,61%,5239/15989MB,46%,64,9d6h,2026-04-16 14:55:59
1564,61%,5246/15989MB,46%,64,9d6h,2026-04-16 15:00:57
1565,61%,5231/15989MB,46%,64,9d6h,2026-04-16 15:05:56
1566,61%,5393/15989MB,46%,67,9d6h,2026-04-16 15:10:56
1567,61%,5260/15989MB,46%,64,9d7h,2026-04-16 15:15:56
1568,61%,5249/15989MB,46%,64,9d7h,2026-04-16 15:20:56
1569,61%,4727/15989MB,46%,64,9d7h,2026-04-16 15:25:56
1570,61%,4721/15989MB,46%,64,9d7h,2026-04-16 15:30:56
1571,61%,4706/15989MB,46%,64,9d7h,2026-04-16 15:35:56
1572,61%,4731/15989MB,46%,65,9d7h,2026-04-16 15:40:56
1573,61%,4711/15989MB,46%,64,9d7h,2026-04-16 15:45:56
1574,61%,4744/15989MB,46%,64,9d7h,2026-04-16 15:50:56
1575,61%,4799/15989MB,46%,64,9d7h,2026-04-16 15:55:56
1576,61%,4959/15989MB,46%,64,9d7h,2026-04-16 16:00:59
1577,61%,4750/15989MB,46%,64,9d7h,2026-04-16 16:05:56
1578,61%,4783/15989MB,46%,65,9d7h,2026-04-16 16:10:56
1579,61%,4960/15989MB,46%,64,9d8h,2026-04-16 16:15:58
1580,60%,4880/15989MB,46%,64,9d8h,2026-04-16 16:20:56
1581,60%,4898/15989MB,46%,64,9d8h,2026-04-16 16:25:56
1582,60%,4982/15989MB,46%,64,9d8h,2026-04-16 16:30:57
1583,60%,4827/15989MB,46%,64,9d8h,2026-04-16 16:35:56
1584,60%,4951/15989MB,46%,64,9d8h,2026-04-16 16:40:56
1585,60%,5066/15989MB,46%,66,9d8h,2026-04-16 16:45:57
1586,60%,5118/15989MB,46%,64,9d8h,2026-04-16 16:50:56
1587,60%,5057/15989MB,46%,64,9d8h,2026-04-16 16:55:56
1588,60%,4992/15989MB,46%,64,9d8h,2026-04-16 17:00:58
1589,60%,5186/15989MB,46%,64,9d8h,2026-04-16 17:05:56
1590,60%,5293/15989MB,46%,66,9d8h,2026-04-16 17:10:56
1591,60%,5140/15989MB,46%,64,9d9h,2026-04-16 17:15:56
1592,60%,5222/15989MB,46%,64,9d9h,2026-04-16 17:20:56
1593,60%,5234/15989MB,46%,64,9d9h,2026-04-16 17:25:56
1594,60%,5245/15989MB,46%,64,9d9h,2026-04-16 17:30:58
1595,60%,5236/15989MB,46%,64,9d9h,2026-04-16 17:35:56
1596,60%,4720/15989MB,46%,64,9d9h,2026-04-16 17:40:56
1597,60%,4732/15989MB,46%,64,9d9h,2026-04-16 17:45:56
1598,60%,4706/15989MB,46%,64,9d9h,2026-04-16 17:50:56
1599,60%,4846/15989MB,46%,64,9d9h,2026-04-16 17:55:56
1600,60%,4919/15989MB,46%,64,9d9h,2026-04-16 18:00:57
1601,60%,5086/15989MB,46%,66,9d9h,2026-04-16 18:05:56
1602,60%,5116/15989MB,46%,64,9d9h,2026-04-16 18:10:56
1603,60%,5227/15989MB,46%,64,9d10h,2026-04-16 18:15:56
1604,60%,5078/15989MB,46%,64,9d10h,2026-04-16 18:20:56
1605,60%,5175/15989MB,46%,64,9d10h,2026-04-16 18:25:56
1606,60%,5265/15989MB,46%,64,9d10h,2026-04-16 18:30:56
1607,60%,5112/15989MB,46%,64,9d10h,2026-04-16 18:35:56
1608,60%,5236/15989MB,46%,64,9d10h,2026-04-16 18:40:56
1609,60%,5320/15989MB,46%,66,9d10h,2026-04-16 18:45:56
1610,60%,4721/15989MB,46%,64,9d10h,2026-04-16 18:50:56
1611,60%,4754/15989MB,46%,64,9d10h,2026-04-16 18:55:56
1612,60%,5118/15989MB,46%,66,9d10h,2026-04-16 19:00:56
1613,60%,4725/15989MB,46%,64,9d10h,2026-04-16 19:05:56
1614,60%,4879/15989MB,46%,64,9d10h,2026-04-16 19:10:56
1615,60%,5132/15989MB,46%,64,9d11h,2026-04-16 19:15:56
1616,60%,5308/15989MB,46%,64,9d11h,2026-04-16 19:20:56
1617,60%,5100/15989MB,46%,64,9d11h,2026-04-16 19:25:56
1618,60%,5143/15989MB,46%,64,9d11h,2026-04-16 19:30:56
1619,60%,5126/15989MB,46%,64,9d11h,2026-04-16 19:35:56
1620,60%,5258/15989MB,46%,64,9d11h,2026-04-16 19:40:56
1621,60%,5248/15989MB,46%,64,9d11h,2026-04-16 19:45:56
1622,60%,4711/15989MB,46%,64,9d11h,2026-04-16 19:50:56
1623,60%,4787/15989MB,46%,64,9d11h,2026-04-16 19:55:56
1624,60%,4957/15989MB,46%,64,9d11h,2026-04-16 20:00:56
1625,60%,5031/15989MB,46%,64,9d11h,2026-04-16 20:05:56
1626,60%,5173/15989MB,46%,64,9d11h,2026-04-16 20:10:56
1627,60%,5233/15989MB,46%,64,9d12h,2026-04-16 20:15:56
1628,60%,5084/15989MB,46%,64,9d12h,2026-04-16 20:20:56
1629,60%,5065/15989MB,46%,64,9d12h,2026-04-16 20:25:56
1630,60%,5127/15989MB,46%,64,9d12h,2026-04-16 20:30:56
1631,60%,5207/15989MB,46%,64,9d12h,2026-04-16 20:35:56
1632,60%,5248/15989MB,46%,64,9d12h,2026-04-16 20:40:56
1633,60%,5305/15989MB,46%,66,9d12h,2026-04-16 20:45:56
1634,60%,5285/15989MB,46%,64,9d12h,2026-04-16 20:50:56
1635,60%,5234/15989MB,46%,64,9d12h,2026-04-16 20:55:56
1636,60%,5257/15989MB,46%,64,9d12h,2026-04-16 21:00:56
1637,60%,5245/15989MB,46%,64,9d12h,2026-04-16 21:05:56
1638,60%,5232/15989MB,46%,64,9d12h,2026-04-16 21:10:56
1639,60%,5240/15989MB,46%,64,9d13h,2026-04-16 21:15:56
1640,60%,4739/15989MB,46%,64,9d13h,2026-04-16 21:20:56
1641,60%,4724/15989MB,46%,64,9d13h,2026-04-16 21:25:56
1642,60%,4709/15989MB,46%,64,9d13h,2026-04-16 21:30:56
1643,60%,4716/15989MB,46%,64,9d13h,2026-04-16 21:35:56
1644,60%,5040/15989MB,46%,66,9d13h,2026-04-16 21:40:56
1645,60%,5306/15989MB,46%,65,9d13h,2026-04-16 21:45:56
1646,60%,5223/15989MB,46%,64,9d13h,2026-04-16 21:50:56
1647,60%,5319/15989MB,46%,64,9d13h,2026-04-16 21:55:56
1648,60%,5147/15989MB,46%,64,9d13h,2026-04-16 22:00:57
1649,60%,5024/15989MB,46%,64,9d13h,2026-04-16 22:05:56
1650,60%,5245/15989MB,46%,64,9d13h,2026-04-16 22:10:56
1651,60%,5255/15989MB,46%,64,9d14h,2026-04-16 22:15:56
1652,60%,4774/15989MB,46%,65,9d14h,2026-04-16 22:20:56
1653,60%,4851/15989MB,46%,64,9d14h,2026-04-16 22:25:56
1654,60%,4883/15989MB,46%,64,9d14h,2026-04-16 22:30:58
1655,60%,5321/15989MB,46%,66,9d14h,2026-04-16 22:35:56
1656,60%,5229/15989MB,46%,64,9d14h,2026-04-16 22:40:56
1657,60%,5238/15989MB,46%,65,9d14h,2026-04-16 22:45:56
1658,60%,5247/15989MB,46%,64,9d14h,2026-04-16 22:50:56
1659,60%,5231/15989MB,46%,64,9d14h,2026-04-16 22:55:56
1660,60%,5230/15989MB,46%,64,9d14h,2026-04-16 23:00:56
1661,60%,4722/15989MB,46%,64,9d14h,2026-04-16 23:05:56
1662,60%,4723/15989MB,46%,64,9d14h,2026-04-16 23:10:56
1663,60%,4918/15989MB,46%,67,9d15h,2026-04-16 23:15:56
1664,60%,4803/15989MB,46%,64,9d15h,2026-04-16 23:20:56
1665,60%,4938/15989MB,46%,64,9d15h,2026-04-16 23:25:56
1666,60%,5021/15989MB,46%,64,9d15h,2026-04-16 23:30:56
1667,60%,5099/15989MB,46%,64,9d15h,2026-04-16 23:35:56
1668,59%,5242/15989MB,46%,64,9d15h,2026-04-16 23:40:56
1669,59%,5285/15989MB,46%,65,9d15h,2026-04-16 23:45:59
1670,59%,5258/15989MB,46%,64,9d15h,2026-04-16 23:50:56
1671,59%,5157/15989MB,46%,64,9d15h,2026-04-16 23:55:56
1672,59%,5242/15989MB,46%,64,9d15h,2026-04-17 00:00:56
1673,59%,5236/15989MB,46%,64,9d15h,2026-04-17 00:05:56
1674,59%,4841/15989MB,46%,67,9d15h,2026-04-17 00:10:56
1675,59%,4736/15989MB,46%,65,9d16h,2026-04-17 00:15:56
1676,59%,4759/15989MB,46%,64,9d16h,2026-04-17 00:20:56
1677,59%,4914/15989MB,46%,64,9d16h,2026-04-17 00:25:56
1678,59%,5082/15989MB,46%,64,9d16h,2026-04-17 00:30:56
1679,59%,5181/15989MB,46%,64,9d16h,2026-04-17 00:35:56
1680,59%,4998/15989MB,46%,64,9d16h,2026-04-17 00:40:56
1681,59%,4988/15989MB,46%,64,9d16h,2026-04-17 00:45:56
1682,59%,5046/15989MB,46%,64,9d16h,2026-04-17 00:50:56
1683,59%,5240/15989MB,46%,64,9d16h,2026-04-17 00:55:56
1684,59%,4717/15989MB,46%,64,9d16h,2026-04-17 01:00:56
1685,59%,4716/15989MB,46%,64,9d16h,2026-04-17 01:05:56
1686,59%,4754/15989MB,46%,64,9d16h,2026-04-17 01:10:56
1687,59%,5045/15989MB,46%,66,9d17h,2026-04-17 01:15:56
1688,59%,4939/15989MB,46%,64,9d17h,2026-04-17 01:20:57
1689,59%,5202/15989MB,46%,64,9d17h,2026-04-17 01:25:56
1690,59%,5138/15989MB,46%,64,9d17h,2026-04-17 01:30:58
1691,59%,5145/15989MB,46%,64,9d17h,2026-04-17 01:35:56
1692,59%,5284/15989MB,46%,66,9d17h,2026-04-17 01:40:57
1693,59%,5252/15989MB,46%,64,9d17h,2026-04-17 01:45:56
1694,59%,5180/15989MB,46%,64,9d17h,2026-04-17 01:50:56
1695,59%,5250/15989MB,46%,64,9d17h,2026-04-17 01:55:56
1696,59%,5221/15989MB,46%,64,9d17h,2026-04-17 02:00:56
1697,59%,5232/15989MB,46%,64,9d17h,2026-04-17 02:05:56
1698,59%,5249/15989MB,46%,64,9d17h,2026-04-17 02:10:56
1699,59%,4724/15989MB,46%,64,9d18h,2026-04-17 02:15:56
1700,59%,4813/15989MB,46%,66,9d18h,2026-04-17 02:20:56
1701,59%,4754/15989MB,46%,64,9d18h,2026-04-17 02:25:56
1702,59%,4864/15989MB,46%,64,9d18h,2026-04-17 02:30:56
1703,59%,5156/15989MB,46%,64,9d18h,2026-04-17 02:35:56
1704,59%,5154/15989MB,46%,64,9d18h,2026-04-17 02:40:56
1705,59%,5140/15989MB,46%,64,9d18h,2026-04-17 02:45:56
1706,59%,5183/15989MB,46%,65,9d18h,2026-04-17 02:50:56
1707,59%,5102/15989MB,46%,64,9d18h,2026-04-17 02:55:56
1708,59%,5290/15989MB,46%,64,9d18h,2026-04-17 03:00:56
1709,1.64 1.58 1.45,5115/15989MB,46%,64,live,2026-04-17 03:02:58
1710,1.66 1.53 1.45,5242/15989MB,46%,64,live,2026-04-17 03:05:15
1711,59%,5149/15989MB,46%,64,9d18h,2026-04-17 03:05:56
1712,1.19 1.36 1.41,5030/15989MB,46%,64,live,2026-04-17 03:10:04
1713,59%,5058/15989MB,46%,64,9d18h,2026-04-17 03:10:56
1714,1.43 1.36 1.38,5237/15989MB,46%,64,live,2026-04-17 03:15:12
1715,59%,5014/15989MB,46%,64,9d19h,2026-04-17 03:15:56
1716,59%,5325/15989MB,46%,64,9d19h,2026-04-17 03:20:56
1717,59%,5270/15989MB,46%,64,9d19h,2026-04-17 03:25:56
1718,59%,5267/15989MB,46%,64,9d19h,2026-04-17 03:30:56
1719,1.66 1.50 1.48,4765/15989MB,46%,65,live,2026-04-17 03:35:05
1720,59%,5363/15989MB,46%,67,9d19h,2026-04-17 03:35:56
1721,1.34 1.88 1.70,5278/15989MB,48%,64,live,2026-04-17 03:40:07
1722,59%,5262/15989MB,48%,64,9d19h,2026-04-17 03:40:56
1723,1.04 1.45 1.57,4730/15989MB,48%,64,live,2026-04-17 03:45:12
1724,59%,5285/15989MB,48%,64,9d19h,2026-04-17 03:45:56
1725,59%,5245/15989MB,48%,64,9d19h,2026-04-17 03:50:57
1726,2.01 1.71 1.65,4703/15989MB,48%,64,live,2026-04-17 03:55:16
1727,59%,5260/15989MB,48%,64,9d19h,2026-04-17 03:55:56
1728,59%,5194/15989MB,48%,66,9d19h,2026-04-17 04:00:57
1729,1.27 1.61 1.63,5407/15989MB,48%,67,live,2026-04-17 04:01:06
1730,1.66 1.64 1.64,5242/15989MB,48%,64,live,2026-04-17 04:05:16
1731,59%,5253/15989MB,48%,64,9d19h,2026-04-17 04:05:56
1732,59%,5149/15989MB,48%,64,9d19h,2026-04-17 04:10:56
1733,2.56 1.65 1.58,5353/15989MB,48%,66,live,2026-04-17 04:15:21
1734,59%,5221/15989MB,48%,64,9d20h,2026-04-17 04:15:56
1735,1.13 1.46 1.52,5244/15989MB,48%,64,live,2026-04-17 04:20:45
1736,59%,4832/15989MB,48%,64,9d20h,2026-04-17 04:20:56
1737,1.60 1.46 1.49,5272/15989MB,48%,64,live,2026-04-17 04:25:18
1738,59%,4726/15989MB,48%,64,9d20h,2026-04-17 04:25:56
1739,1.81 1.56 1.52,5162/15989MB,48%,64,live,2026-04-17 04:30:24
1740,59%,4769/15989MB,48%,64,9d20h,2026-04-17 04:30:56
1741,1.11 1.36 1.44,4981/15989MB,48%,64,live,2026-04-17 04:35:18
1742,59%,5264/15989MB,48%,64,9d20h,2026-04-17 04:35:56
1743,1.69 1.39 1.42,4833/15989MB,48%,64,live,2026-04-17 04:40:15
1744,59%,5381/15989MB,48%,66,9d20h,2026-04-17 04:40:56
1745,0.77 1.31 1.41,5005/15989MB,48%,64,live,2026-04-17 04:45:27
1746,59%,5371/15989MB,48%,66,9d20h,2026-04-17 04:45:56
1747,2.33 1.60 1.49,5250/15989MB,48%,64,live,2026-04-17 04:50:17
1748,59%,5259/15989MB,48%,64,9d20h,2026-04-17 04:50:56
1749,0.93 1.33 1.42,5240/15989MB,48%,64,live,2026-04-17 04:55:11
1750,59%,5315/15989MB,48%,64,9d20h,2026-04-17 04:55:56
1751,2.19 1.60 1.47,5074/15989MB,48%,64,live,2026-04-17 05:00:54
1752,59%,5135/15989MB,48%,64,9d20h,2026-04-17 05:00:58
1753,1.13 1.36 1.40,5141/15989MB,48%,64,live,2026-04-17 05:05:15
1754,59%,4753/15989MB,48%,64,9d20h,2026-04-17 05:05:56
1755,59%,4737/15989MB,48%,64,9d20h,2026-04-17 05:10:56
1756,59%,4713/15989MB,48%,64,9d21h,2026-04-17 05:15:56
1757,59%,5250/15989MB,48%,64,9d21h,2026-04-17 05:20:56
1758,59%,5223/15989MB,48%,64,9d21h,2026-04-17 05:25:56
1759,59%,5233/15989MB,48%,64,9d21h,2026-04-17 05:30:57
1760,59%,5278/15989MB,48%,66,9d21h,2026-04-17 05:35:56
1761,59%,5130/15989MB,48%,64,9d21h,2026-04-17 05:40:56
1762,59%,5186/15989MB,48%,64,9d21h,2026-04-17 05:45:58
1763,59%,5191/15989MB,48%,65,9d21h,2026-04-17 05:50:56
1764,59%,4976/15989MB,48%,64,9d21h,2026-04-17 05:55:56
1765,59%,4842/15989MB,48%,64,9d21h,2026-04-17 06:01:01
1766,59%,4737/15989MB,48%,64,9d21h,2026-04-17 06:05:56
1767,59%,4723/15989MB,48%,64,9d21h,2026-04-17 06:10:56
1768,59%,5254/15989MB,48%,64,9d22h,2026-04-17 06:15:56
1769,59%,5278/15989MB,48%,65,9d22h,2026-04-17 06:20:57
1770,59%,5226/15989MB,48%,64,9d22h,2026-04-17 06:25:56
1771,59%,5202/15989MB,48%,66,9d22h,2026-04-17 06:30:57
1772,59%,5091/15989MB,48%,64,9d22h,2026-04-17 06:35:56
1773,59%,4713/15989MB,48%,64,9d22h,2026-04-17 06:40:56
1774,59%,4716/15989MB,48%,64,9d22h,2026-04-17 06:45:56
1775,59%,4744/15989MB,48%,65,9d22h,2026-04-17 06:50:56
1776,59%,5272/15989MB,48%,64,9d22h,2026-04-17 06:55:57
1777,59%,4721/15989MB,48%,64,9d22h,2026-04-17 07:01:00
1778,59%,5241/15989MB,48%,64,9d22h,2026-04-17 07:05:56
1779,59%,5249/15989MB,48%,64,9d22h,2026-04-17 07:10:56
1780,59%,5249/15989MB,48%,64,9d23h,2026-04-17 07:15:56
1781,59%,5293/15989MB,48%,65,9d23h,2026-04-17 07:20:58
1782,59%,5325/15989MB,48%,66,9d23h,2026-04-17 07:25:56
1783,59%,5272/15989MB,48%,64,9d23h,2026-04-17 07:30:58
1784,58%,5251/15989MB,48%,64,9d23h,2026-04-17 07:35:56
1785,58%,5374/15989MB,48%,66,9d23h,2026-04-17 07:40:56
1786,58%,5268/15989MB,48%,64,9d23h,2026-04-17 07:45:57
1787,58%,5250/15989MB,48%,64,9d23h,2026-04-17 07:50:56
1788,58%,5262/15989MB,48%,64,9d23h,2026-04-17 07:55:56
1789,58%,5255/15989MB,48%,64,9d23h,2026-04-17 08:00:59
1790,58%,5237/15989MB,48%,64,9d23h,2026-04-17 08:05:56
1791,58%,5235/15989MB,48%,64,9d23h,2026-04-17 08:10:56
1792,58%,5098/15989MB,48%,64,10d0h,2026-04-17 08:15:56
1793,58%,5340/15989MB,48%,66,10d0h,2026-04-17 08:20:56
1794,58%,5144/15989MB,48%,64,10d0h,2026-04-17 08:25:56
1795,58%,5048/15989MB,48%,64,10d0h,2026-04-17 08:30:57
1796,58%,5368/15989MB,48%,66,10d0h,2026-04-17 08:35:56
1797,58%,5271/15989MB,48%,64,10d0h,2026-04-17 08:40:56
1798,58%,5157/15989MB,48%,64,10d0h,2026-04-17 08:45:56
1799,58%,4886/15989MB,48%,64,10d0h,2026-04-17 08:50:56
1800,58%,4877/15989MB,48%,64,10d0h,2026-04-17 08:55:56
1801,58%,4961/15989MB,48%,64,10d0h,2026-04-17 09:01:00
1802,58%,4743/15989MB,48%,64,10d0h,2026-04-17 09:05:56
1803,58%,4731/15989MB,48%,64,10d0h,2026-04-17 09:10:56
1804,58%,4739/15989MB,48%,64,10d1h,2026-04-17 09:15:57
1805,58%,5249/15989MB,48%,64,10d1h,2026-04-17 09:20:56
1806,58%,5334/15989MB,48%,66,10d1h,2026-04-17 09:25:56
1807,58%,5255/15989MB,48%,64,10d1h,2026-04-17 09:30:56
1808,58%,5247/15989MB,48%,64,10d1h,2026-04-17 09:35:56
1809,58%,5172/15989MB,48%,64,10d1h,2026-04-17 09:40:56
1810,58%,5187/15989MB,48%,64,10d1h,2026-04-17 09:45:56
1811,58%,5340/15989MB,48%,64,10d1h,2026-04-17 09:50:58
1812,58%,5250/15989MB,48%,64,10d1h,2026-04-17 09:55:56
1813,58%,5143/15989MB,48%,64,10d1h,2026-04-17 09:55:59
1814,58%,5174/15989MB,48%,64,10d1h,2026-04-17 10:00:59
1815,58%,5289/15989MB,48%,64,10d1h,2026-04-17 10:05:58
1816,58%,4736/15989MB,48%,64,10d1h,2026-04-17 10:10:58
1817,58%,4743/15989MB,48%,64,10d2h,2026-04-17 10:15:58
1818,58%,4849/15989MB,48%,66,10d2h,2026-04-17 10:20:59
1819,58%,4719/15989MB,48%,64,10d2h,2026-04-17 10:25:58
1820,58%,4728/15989MB,48%,64,10d2h,2026-04-17 10:30:59
1821,58%,5258/15989MB,48%,64,10d2h,2026-04-17 10:35:58
1822,58%,5253/15989MB,48%,64,10d2h,2026-04-17 10:40:59
1823,58%,5253/15989MB,48%,64,10d2h,2026-04-17 10:45:58
1824,58%,5269/15989MB,48%,64,10d2h,2026-04-17 10:50:58
1825,58%,5002/15989MB,48%,64,10d2h,2026-04-17 10:55:58
1826,58%,4747/15989MB,48%,64,10d2h,2026-04-17 11:01:00
1827,58%,5243/15989MB,48%,64,10d2h,2026-04-17 11:05:59
1828,58%,5041/15989MB,48%,64,10d2h,2026-04-17 11:10:59
1829,58%,5254/15989MB,48%,64,10d3h,2026-04-17 11:15:58
1830,58%,4732/15989MB,48%,64,10d3h,2026-04-17 11:20:58
1831,58%,4816/15989MB,48%,66,10d3h,2026-04-17 11:25:59
1832,58%,4739/15989MB,48%,64,10d3h,2026-04-17 11:31:00
1833,58%,5249/15989MB,48%,64,10d3h,2026-04-17 11:35:58
1834,58%,5350/15989MB,48%,66,10d3h,2026-04-17 11:40:59
1835,58%,5235/15989MB,48%,64,10d3h,2026-04-17 11:45:59
1836,58%,5248/15989MB,48%,64,10d3h,2026-04-17 11:50:59
1837,58%,5250/15989MB,48%,64,10d3h,2026-04-17 11:55:58
1838,58%,5263/15989MB,48%,64,10d3h,2026-04-17 12:01:00
1839,58%,5172/15989MB,48%,64,10d3h,2026-04-17 12:05:59
1840,58%,5247/15989MB,48%,64,10d3h,2026-04-17 12:10:58
1841,58%,5085/15989MB,48%,64,10d4h,2026-04-17 12:15:59
1842,58%,5279/15989MB,48%,64,10d4h,2026-04-17 12:20:58
1843,58%,4871/15989MB,48%,64,10d4h,2026-04-17 12:25:59
1844,58%,4723/15989MB,48%,64,10d4h,2026-04-17 12:30:59
1845,58%,5269/15989MB,48%,64,10d4h,2026-04-17 12:35:59
1846,58%,5247/15989MB,48%,64,10d4h,2026-04-17 12:40:59
1847,58%,5261/15989MB,48%,64,10d4h,2026-04-17 12:45:58
1848,58%,5112/15989MB,48%,64,10d4h,2026-04-17 12:50:59
1849,58%,5285/15989MB,48%,64,10d4h,2026-04-17 12:55:58
1850,1.69 1.67 1.58,4736/15989MB,48%,64,live,2026-04-17 13:00:38
1851,58%,5187/15989MB,48%,64,10d4h,2026-04-17 13:01:01
1852,58%,4744/15989MB,48%,64,10d4h,2026-04-17 13:05:58
1853,58%,4729/15989MB,48%,64,10d4h,2026-04-17 13:10:59
1854,58%,4823/15989MB,48%,66,10d5h,2026-04-17 13:15:58
1855,58%,5237/15989MB,48%,64,10d5h,2026-04-17 13:20:58
1856,58%,5266/15989MB,48%,65,10d5h,2026-04-17 13:25:59
1857,58%,5248/15989MB,48%,64,10d5h,2026-04-17 13:30:59
1858,58%,5273/15989MB,48%,64,10d5h,2026-04-17 13:35:59
1859,58%,5271/15989MB,48%,64,10d5h,2026-04-17 13:40:59
1860,58%,4718/15989MB,48%,64,10d5h,2026-04-17 13:45:59
1861,58%,4725/15989MB,48%,64,10d5h,2026-04-17 13:50:59
1862,1.26 1.33 1.42,4843/15989MB,48%,66,live,2026-04-17 13:56:01
1863,58%,4824/15989MB,48%,66,10d5h,2026-04-17 13:56:01
1864,58%,5268/15989MB,48%,64,10d5h,2026-04-17 14:01:00
1865,58%,5225/15989MB,48%,64,10d5h,2026-04-17 14:05:58
1866,58%,5174/15989MB,48%,66,10d5h,2026-04-17 14:10:58
1867,58%,5299/15989MB,48%,64,10d6h,2026-04-17 14:15:59
1868,58%,5045/15989MB,48%,64,10d6h,2026-04-17 14:20:59
1869,58%,5277/15989MB,48%,67,10d6h,2026-04-17 14:25:59
1870,58%,4729/15989MB,48%,64,10d6h,2026-04-17 14:30:59
1871,58%,4739/15989MB,48%,64,10d6h,2026-04-17 14:35:59
1872,58%,4716/15989MB,48%,64,10d6h,2026-04-17 14:40:59
1873,58%,4714/15989MB,48%,64,10d6h,2026-04-17 14:45:59
1874,58%,5353/15989MB,48%,66,10d6h,2026-04-17 14:50:59
1875,58%,5300/15989MB,48%,65,10d6h,2026-04-17 14:55:58
1876,58%,5255/15989MB,48%,64,10d6h,2026-04-17 15:01:01
1877,58%,5218/15989MB,48%,66,10d6h,2026-04-17 15:05:59
1878,58%,5157/15989MB,48%,64,10d6h,2026-04-17 15:10:59
1879,58%,5276/15989MB,48%,64,10d7h,2026-04-17 15:15:58
1880,58%,5135/15989MB,48%,64,10d7h,2026-04-17 15:20:59
1881,58%,4933/15989MB,48%,65,10d7h,2026-04-17 15:26:01
1882,58%,4753/15989MB,48%,64,10d7h,2026-04-17 15:30:59
1883,58%,5233/15989MB,48%,64,10d7h,2026-04-17 15:35:59
1884,58%,5241/15989MB,48%,64,10d7h,2026-04-17 15:40:59
1885,58%,5345/15989MB,48%,66,10d7h,2026-04-17 15:45:58
1886,58%,5263/15989MB,48%,64,10d7h,2026-04-17 15:50:59
1887,58%,5172/15989MB,48%,64,10d7h,2026-04-17 15:55:58
1888,58%,5364/15989MB,48%,66,10d7h,2026-04-17 16:01:03
1889,58%,4946/15989MB,48%,64,10d7h,2026-04-17 16:05:59
1890,58%,4727/15989MB,48%,64,10d7h,2026-04-17 16:10:59
1891,58%,4763/15989MB,48%,64,10d8h,2026-04-17 16:15:58
1892,57%,4728/15989MB,48%,64,10d8h,2026-04-17 16:20:59
1893,57%,5237/15989MB,48%,64,10d8h,2026-04-17 16:25:58
1894,57%,5248/15989MB,48%,64,10d8h,2026-04-17 16:30:59
1895,57%,5229/15989MB,48%,64,10d8h,2026-04-17 16:35:58
1896,57%,5229/15989MB,48%,64,10d8h,2026-04-17 16:40:59
1897,57%,5279/15989MB,48%,64,10d8h,2026-04-17 16:45:59
1898,57%,5142/15989MB,48%,66,10d8h,2026-04-17 16:50:59
1899,57%,5090/15989MB,48%,64,10d8h,2026-04-17 16:55:58
1900,0.93 1.22 1.38,5265/15989MB,48%,64,live,2026-04-17 16:56:50
1901,57%,5291/15989MB,48%,64,10d8h,2026-04-17 17:01:02
1902,57%,4924/15989MB,48%,66,10d8h,2026-04-17 17:05:58
1903,57%,4729/15989MB,48%,64,10d8h,2026-04-17 17:10:59
1904,57%,4742/15989MB,48%,64,10d9h,2026-04-17 17:15:59
1905,57%,5251/15989MB,48%,64,10d9h,2026-04-17 17:20:59
1906,57%,5244/15989MB,48%,64,10d9h,2026-04-17 17:25:58
1907,57%,5138/15989MB,48%,64,10d9h,2026-04-17 17:30:59
1908,57%,5241/15989MB,48%,64,10d9h,2026-04-17 17:36:00
1909,57%,4775/15989MB,48%,64,10d9h,2026-04-17 17:41:00
1910,57%,4746/15989MB,48%,64,10d9h,2026-04-17 17:45:59
1911,57%,5254/15989MB,48%,64,10d9h,2026-04-17 17:50:59
1912,57%,5246/15989MB,48%,64,10d9h,2026-04-17 17:55:58
1913,57%,5430/15989MB,48%,66,10d9h,2026-04-17 18:01:01
1914,57%,5247/15989MB,48%,64,10d9h,2026-04-17 18:05:59
1915,57%,5179/15989MB,48%,64,10d9h,2026-04-17 18:10:59
1916,57%,4832/15989MB,48%,64,10d10h,2026-04-17 18:15:59
1917,57%,4742/15989MB,48%,64,10d10h,2026-04-17 18:20:59
1918,57%,5239/15989MB,48%,64,10d10h,2026-04-17 18:25:59
1919,57%,5267/15989MB,48%,64,10d10h,2026-04-17 18:31:01
1920,57%,5074/15989MB,48%,64,10d10h,2026-04-17 18:35:58
1921,57%,5231/15989MB,48%,64,10d10h,2026-04-17 18:40:59
1922,57%,5146/15989MB,48%,64,10d10h,2026-04-17 18:45:58
1923,57%,5061/15989MB,48%,64,10d10h,2026-04-17 18:50:59
1924,57%,5393/15989MB,48%,66,10d10h,2026-04-17 18:55:58
1925,57%,4828/15989MB,48%,64,10d10h,2026-04-17 19:01:00
1926,57%,5246/15989MB,48%,64,10d10h,2026-04-17 19:05:59
1927,57%,5264/15989MB,48%,64,10d10h,2026-04-17 19:10:59
1928,57%,5257/15989MB,48%,64,10d11h,2026-04-17 19:15:59
1929,57%,5259/15989MB,48%,64,10d11h,2026-04-17 19:20:59
1930,57%,5287/15989MB,48%,64,10d11h,2026-04-17 19:25:58
1931,57%,5296/15989MB,48%,64,10d11h,2026-04-17 19:30:59
1932,57%,5290/15989MB,48%,64,10d11h,2026-04-17 19:35:59
1933,57%,5192/15989MB,48%,64,10d11h,2026-04-17 19:40:59
1934,57%,5286/15989MB,48%,64,10d11h,2026-04-17 19:45:59
1935,57%,5043/15989MB,48%,66,10d11h,2026-04-17 19:50:59
1936,57%,4771/15989MB,48%,64,10d11h,2026-04-17 19:55:58
1937,57%,4749/15989MB,48%,64,10d11h,2026-04-17 20:01:01
1938,57%,5254/15989MB,48%,64,10d11h,2026-04-17 20:05:58
1939,57%,5251/15989MB,48%,64,10d11h,2026-04-17 20:10:59
1940,57%,5425/15989MB,48%,66,10d12h,2026-04-17 20:15:58
1941,57%,5140/15989MB,48%,64,10d12h,2026-04-17 20:20:59
1942,57%,5271/15989MB,48%,64,10d12h,2026-04-17 20:25:59
1943,57%,4865/15989MB,48%,66,10d12h,2026-04-17 20:30:59
1944,57%,5249/15989MB,48%,64,10d12h,2026-04-17 20:35:58
1945,57%,5241/15989MB,48%,64,10d12h,2026-04-17 20:40:59
1946,57%,5260/15989MB,48%,64,10d12h,2026-04-17 20:45:59
1947,57%,5271/15989MB,48%,64,10d12h,2026-04-17 20:50:59
1948,57%,5245/15989MB,48%,64,10d12h,2026-04-17 20:55:59
1949,57%,5188/15989MB,48%,65,10d12h,2026-04-17 21:00:59
1950,57%,5157/15989MB,48%,64,10d12h,2026-04-17 21:05:59
1951,57%,4743/15989MB,48%,64,10d12h,2026-04-17 21:10:59
1952,57%,4744/15989MB,48%,64,10d13h,2026-04-17 21:15:59
1953,57%,5277/15989MB,48%,64,10d13h,2026-04-17 21:20:59
1954,57%,5357/15989MB,48%,66,10d13h,2026-04-17 21:25:59
1955,57%,5210/15989MB,48%,65,10d13h,2026-04-17 21:30:58
1956,57%,5243/15989MB,48%,64,10d13h,2026-04-17 21:35:58
1957,57%,5252/15989MB,48%,64,10d13h,2026-04-17 21:40:58
1958,57%,4999/15989MB,48%,64,10d13h,2026-04-17 21:45:58
1959,57%,4751/15989MB,48%,64,10d13h,2026-04-17 21:50:58
1960,57%,5261/15989MB,48%,64,10d13h,2026-04-17 21:55:58
1961,57%,5301/15989MB,48%,65,10d13h,2026-04-17 22:00:59
1962,57%,5170/15989MB,48%,64,10d13h,2026-04-17 22:05:59
1963,57%,5134/15989MB,48%,64,10d13h,2026-04-17 22:10:58
1964,57%,5233/15989MB,48%,64,10d14h,2026-04-17 22:15:59
1965,57%,4886/15989MB,48%,64,10d14h,2026-04-17 22:20:58
1966,57%,4751/15989MB,48%,64,10d14h,2026-04-17 22:25:58
1967,57%,4901/15989MB,48%,67,10d14h,2026-04-17 22:30:59
1968,57%,5255/15989MB,48%,64,10d14h,2026-04-17 22:35:59
1969,57%,5269/15989MB,48%,64,10d14h,2026-04-17 22:40:58
1970,57%,5171/15989MB,48%,66,10d14h,2026-04-17 22:45:59
1971,57%,5263/15989MB,48%,64,10d14h,2026-04-17 22:50:58
1972,57%,5211/15989MB,48%,64,10d14h,2026-04-17 22:55:58
1973,57%,5210/15989MB,48%,64,10d14h,2026-04-17 23:00:59
1974,57%,4740/15989MB,48%,64,10d14h,2026-04-17 23:05:59
1975,57%,4844/15989MB,48%,66,10d14h,2026-04-17 23:10:58
1976,57%,5265/15989MB,48%,64,10d15h,2026-04-17 23:15:58
1977,57%,5253/15989MB,48%,64,10d15h,2026-04-17 23:20:59
1978,57%,5246/15989MB,48%,64,10d15h,2026-04-17 23:25:58
1979,57%,5258/15989MB,48%,64,10d15h,2026-04-17 23:30:58
1980,57%,5255/15989MB,48%,64,10d15h,2026-04-17 23:35:59
1981,57%,5257/15989MB,48%,64,10d15h,2026-04-17 23:40:58
1982,57%,5124/15989MB,48%,64,10d15h,2026-04-17 23:45:36
1983,57%,5118/15989MB,48%,64,10d15h,2026-04-17 23:50:32
1984,57%,5270/15989MB,48%,64,10d15h,2026-04-17 23:55:32
1985,57%,5183/15989MB,46%,64,10d15h,2026-04-18 00:00:33
1986,57%,4744/15989MB,46%,64,10d15h,2026-04-18 00:05:35
1987,57%,5268/15989MB,46%,65,10d15h,2026-04-18 00:10:32
1988,57%,5251/15989MB,46%,65,10d16h,2026-04-18 00:15:32
1989,57%,5276/15989MB,46%,65,10d16h,2026-04-18 00:20:35
1990,57%,5246/15989MB,46%,65,10d16h,2026-04-18 00:25:32
1991,57%,5230/15989MB,46%,65,10d16h,2026-04-18 00:30:32
1992,57%,5242/15989MB,46%,66,10d16h,2026-04-18 00:35:32
1993,57%,5338/15989MB,46%,64,10d16h,2026-04-18 00:40:32
1994,57%,5134/15989MB,46%,64,10d16h,2026-04-18 00:45:32
1995,57%,5252/15989MB,46%,64,10d16h,2026-04-18 00:50:32
1996,57%,5232/15989MB,46%,66,10d16h,2026-04-18 00:55:32
1997,57%,5176/15989MB,46%,64,10d16h,2026-04-18 01:00:33
1998,57%,5025/15989MB,46%,64,10d16h,2026-04-18 01:05:32
1999,57%,4930/15989MB,46%,66,10d16h,2026-04-18 01:10:32
2000,57%,5261/15989MB,46%,64,10d17h,2026-04-18 01:15:32
2001,57%,5254/15989MB,46%,64,10d17h,2026-04-18 01:20:32
2002,57%,5078/15989MB,46%,64,10d17h,2026-04-18 01:25:32
2003,57%,5059/15989MB,46%,64,10d17h,2026-04-18 01:30:33
2004,57%,5381/15989MB,46%,66,10d17h,2026-04-18 01:35:32
2005,57%,5233/15989MB,46%,64,10d17h,2026-04-18 01:40:32
2006,57%,5284/15989MB,46%,64,10d17h,2026-04-18 01:45:32
2007,56%,5167/15989MB,46%,64,10d17h,2026-04-18 01:50:32
2008,56%,4970/15989MB,46%,64,10d17h,2026-04-18 01:55:32
2009,56%,4927/15989MB,46%,66,10d17h,2026-04-18 02:00:33
2010,56%,5261/15989MB,46%,64,10d17h,2026-04-18 02:05:32
2011,56%,4738/15989MB,46%,64,10d17h,2026-04-18 02:10:51
2012,56%,4745/15989MB,46%,64,10d18h,2026-04-18 02:15:49
2013,56%,5261/15989MB,46%,64,10d18h,2026-04-18 02:20:50
2014,56%,5320/15989MB,46%,65,10d18h,2026-04-18 02:25:49
2015,56%,5258/15989MB,46%,64,10d18h,2026-04-18 02:30:51
2016,56%,5072/15989MB,46%,64,10d18h,2026-04-18 02:35:49
2017,56%,5276/15989MB,46%,64,10d18h,2026-04-18 02:40:50
2018,56%,5192/15989MB,46%,64,10d18h,2026-04-18 02:45:50
2019,56%,5141/15989MB,46%,66,10d18h,2026-04-18 02:50:50
2020,56%,4842/15989MB,46%,64,10d18h,2026-04-18 02:55:49
2021,56%,4752/15989MB,46%,64,10d18h,2026-04-18 03:00:54
2022,2.63 1.74 1.61,4802/15989MB,46%,65,live,2026-04-18 03:05:09
2023,56%,5285/15989MB,46%,64,10d18h,2026-04-18 03:05:49
2024,1.19 1.48 1.52,5289/15989MB,46%,64,live,2026-04-18 03:10:03
2025,56%,5148/15989MB,46%,64,10d18h,2026-04-18 03:10:49
2026,3.51 2.26 1.85,5290/15989MB,46%,64,live,2026-04-18 03:15:14
2027,56%,5399/15989MB,46%,66,10d19h,2026-04-18 03:15:50
2028,56%,5331/15989MB,46%,64,10d19h,2026-04-18 03:20:50
2029,1.41 1.59 1.65,4904/15989MB,46%,66,live,2026-04-18 03:25:26
2030,56%,5415/15989MB,46%,66,10d19h,2026-04-18 03:25:49
2031,56%,5193/15989MB,46%,64,10d19h,2026-04-18 03:30:51
2032,56%,4795/15989MB,46%,64,10d19h,2026-04-18 03:35:49
2033,56%,5385/15989MB,46%,66,10d19h,2026-04-18 03:40:49
2034,2.13 1.73 1.70,4921/15989MB,46%,64,live,2026-04-18 03:45:12
2035,56%,5288/15989MB,46%,64,10d19h,2026-04-18 03:45:50
2036,56%,5309/15989MB,46%,64,10d19h,2026-04-18 03:50:50
2037,56%,5267/15989MB,46%,64,10d19h,2026-04-18 03:55:49
2038,56%,5294/15989MB,46%,64,10d19h,2026-04-18 04:00:54
2039,3.44 2.10 1.72,5448/15989MB,46%,67,live,2026-04-18 04:05:06
2040,56%,5335/15989MB,46%,64,10d19h,2026-04-18 04:05:49
2041,1.63 1.82 1.69,5416/15989MB,46%,64,live,2026-04-18 04:10:04
2042,56%,5268/15989MB,46%,64,10d19h,2026-04-18 04:10:49
2043,2.01 1.63 1.63,5285/15989MB,46%,64,live,2026-04-18 04:15:23
2044,56%,4984/15989MB,46%,66,10d20h,2026-04-18 04:15:49
2045,56%,5296/15989MB,46%,64,10d20h,2026-04-18 04:20:49
2046,56%,5279/15989MB,46%,64,10d20h,2026-04-18 04:25:49
2047,56%,5203/15989MB,46%,66,10d20h,2026-04-18 04:30:51
2048,56%,5339/15989MB,46%,64,10d20h,2026-04-18 04:35:49
2049,1.49 1.41 1.52,5102/15989MB,46%,64,live,2026-04-18 04:40:09
2050,56%,5110/15989MB,46%,66,10d20h,2026-04-18 04:40:50
2051,1.21 1.43 1.51,5130/15989MB,46%,64,live,2026-04-18 04:45:16
2052,56%,4769/15989MB,46%,64,10d20h,2026-04-18 04:45:50
2053,1.94 1.52 1.50,5326/15989MB,46%,64,live,2026-04-18 04:50:13
2054,56%,5299/15989MB,46%,64,10d20h,2026-04-18 04:50:49
2055,0.89 1.23 1.38,5130/15989MB,46%,66,live,2026-04-18 04:55:14
2056,56%,5404/15989MB,46%,66,10d20h,2026-04-18 04:55:49
2057,1.96 1.81 1.58,5238/15989MB,46%,64,live,2026-04-18 05:00:54
2058,56%,5305/15989MB,46%,64,10d20h,2026-04-18 05:00:54
2059,1.59 1.49 1.49,5342/15989MB,46%,65,live,2026-04-18 05:05:12
2060,56%,5296/15989MB,46%,65,10d20h,2026-04-18 05:05:49
2061,1.62 1.59 1.54,5153/15989MB,46%,64,live,2026-04-18 05:10:15
2062,56%,4942/15989MB,46%,64,10d20h,2026-04-18 05:10:50
2063,1.76 1.63 1.56,5285/15989MB,46%,64,live,2026-04-18 05:15:22
2064,56%,4769/15989MB,46%,64,10d21h,2026-04-18 05:15:50
2065,56%,5287/15989MB,46%,64,10d21h,2026-04-18 05:20:50
2066,56%,5098/15989MB,46%,64,10d21h,2026-04-18 05:25:49
2067,56%,5264/15989MB,46%,64,10d21h,2026-04-18 05:30:51
2068,56%,5439/15989MB,46%,67,10d21h,2026-04-18 05:35:49
2069,56%,4746/15989MB,46%,64,10d21h,2026-04-18 05:40:50
2070,56%,5279/15989MB,46%,64,10d21h,2026-04-18 05:45:50
2071,56%,5328/15989MB,46%,66,10d21h,2026-04-18 05:50:50
2072,56%,5304/15989MB,46%,64,10d21h,2026-04-18 05:55:49
2073,56%,5316/15989MB,46%,64,10d21h,2026-04-18 06:01:03
2074,56%,4800/15989MB,46%,65,10d21h,2026-04-18 06:05:49
2075,56%,5278/15989MB,46%,64,10d21h,2026-04-18 06:10:50
2076,56%,5209/15989MB,46%,64,10d22h,2026-04-18 06:15:51
2077,56%,5277/15989MB,46%,64,10d22h,2026-04-18 06:20:50
2078,56%,5141/15989MB,46%,64,10d22h,2026-04-18 06:25:50
2079,56%,5202/15989MB,46%,66,10d22h,2026-04-18 06:30:54
2080,56%,4753/15989MB,46%,64,10d22h,2026-04-18 06:35:49
2081,56%,5281/15989MB,46%,64,10d22h,2026-04-18 06:40:51
2082,56%,5388/15989MB,46%,66,10d22h,2026-04-18 06:45:50
2083,56%,5181/15989MB,46%,64,10d22h,2026-04-18 06:50:58
2084,56%,5255/15989MB,46%,64,10d22h,2026-04-18 06:55:49
2085,56%,5266/15989MB,46%,64,10d22h,2026-04-18 07:00:55
2086,56%,4745/15989MB,46%,64,10d22h,2026-04-18 07:05:49
2087,56%,5255/15989MB,46%,64,10d22h,2026-04-18 07:10:51
2088,56%,5142/15989MB,46%,64,10d23h,2026-04-18 07:15:51
2089,56%,5211/15989MB,46%,64,10d23h,2026-04-18 07:20:50
2090,56%,4980/15989MB,46%,64,10d23h,2026-04-18 07:25:49
2091,56%,5258/15989MB,46%,64,10d23h,2026-04-18 07:30:50
2092,56%,5092/15989MB,46%,64,10d23h,2026-04-18 07:35:49
2093,56%,5007/15989MB,46%,64,10d23h,2026-04-18 07:40:51
2094,56%,5259/15989MB,46%,64,10d23h,2026-04-18 07:45:50
2095,56%,5277/15989MB,46%,66,10d23h,2026-04-18 07:50:51
2096,56%,5267/15989MB,46%,64,10d23h,2026-04-18 07:55:49
2097,56%,5121/15989MB,46%,64,10d23h,2026-04-18 08:01:04
2098,56%,5263/15989MB,46%,64,10d23h,2026-04-18 08:05:49
2099,56%,5122/15989MB,46%,64,10d23h,2026-04-18 08:10:49
2100,56%,5278/15989MB,46%,64,11d0h,2026-04-18 08:15:50
2101,56%,5049/15989MB,46%,64,11d0h,2026-04-18 08:20:49
2102,56%,5211/15989MB,46%,64,11d0h,2026-04-18 08:25:49
2103,56%,5211/15989MB,46%,64,11d0h,2026-04-18 08:31:00
2104,56%,5285/15989MB,46%,64,11d0h,2026-04-18 08:35:49
2105,56%,5151/15989MB,46%,64,11d0h,2026-04-18 08:40:50
2106,56%,5223/15989MB,46%,64,11d0h,2026-04-18 08:45:49
2107,56%,4843/15989MB,46%,64,11d0h,2026-04-18 08:50:49
2108,56%,5350/15989MB,46%,66,11d0h,2026-04-18 08:55:49
2109,56%,5272/15989MB,46%,64,11d0h,2026-04-18 09:01:02
2110,56%,4989/15989MB,46%,64,11d0h,2026-04-18 09:05:49
2111,56%,5231/15989MB,46%,64,11d0h,2026-04-18 09:10:49
2112,56%,5283/15989MB,46%,64,11d1h,2026-04-18 09:15:49
2113,56%,5282/15989MB,46%,64,11d1h,2026-04-18 09:20:49
2114,56%,4999/15989MB,46%,64,11d1h,2026-04-18 09:25:48
2115,56%,4763/15989MB,46%,64,11d1h,2026-04-18 09:30:54
2116,56%,5209/15989MB,46%,64,11d1h,2026-04-18 09:35:49
2117,56%,5121/15989MB,46%,64,11d1h,2026-04-18 09:40:49
2118,56%,4754/15989MB,46%,64,11d1h,2026-04-18 09:45:49
2119,56%,5370/15989MB,46%,66,11d1h,2026-04-18 09:50:49
2120,56%,5151/15989MB,46%,64,11d1h,2026-04-18 09:55:48
2121,56%,5280/15989MB,46%,64,11d1h,2026-04-18 10:01:00
2122,56%,5333/15989MB,46%,66,11d1h,2026-04-18 10:05:40
2123,56%,4831/15989MB,46%,64,11d1h,2026-04-18 10:10:39
2124,56%,5253/15989MB,46%,64,11d2h,2026-04-18 10:15:39
2125,56%,5145/15989MB,46%,64,11d2h,2026-04-18 10:20:39
2126,56%,5281/15989MB,46%,64,11d2h,2026-04-18 10:25:39
2127,56%,5055/15989MB,46%,64,11d2h,2026-04-18 10:30:40
2128,56%,4748/15989MB,46%,64,11d2h,2026-04-18 10:35:39
2129,56%,5269/15989MB,46%,64,11d2h,2026-04-18 10:40:39
2130,56%,5285/15989MB,46%,66,11d2h,2026-04-18 10:45:39
2131,56%,5259/15989MB,46%,64,11d2h,2026-04-18 10:50:39
2132,56%,5254/15989MB,46%,64,11d2h,2026-04-18 10:55:39
2133,56%,4911/15989MB,46%,66,11d2h,2026-04-18 11:00:42
2134,56%,5080/15989MB,46%,64,11d2h,2026-04-18 11:05:39
2135,56%,5269/15989MB,46%,64,11d2h,2026-04-18 11:10:39
2136,56%,5293/15989MB,46%,64,11d3h,2026-04-18 11:15:39
2137,56%,5015/15989MB,46%,64,11d3h,2026-04-18 11:20:40
2138,56%,4757/15989MB,46%,64,11d3h,2026-04-18 11:25:39
2139,56%,5268/15989MB,46%,64,11d3h,2026-04-18 11:30:42
2140,56%,5263/15989MB,46%,64,11d3h,2026-04-18 11:35:39
2141,56%,4919/15989MB,46%,65,11d3h,2026-04-18 11:40:40
2142,56%,5254/15989MB,46%,64,11d3h,2026-04-18 11:45:40
2143,56%,5087/15989MB,46%,64,11d3h,2026-04-18 11:50:39
2144,56%,5275/15989MB,46%,64,11d3h,2026-04-18 11:55:39
2145,56%,4753/15989MB,46%,64,11d3h,2026-04-18 12:00:43
2146,56%,5285/15989MB,46%,66,11d3h,2026-04-18 12:05:39
2147,56%,5196/15989MB,46%,65,11d3h,2026-04-18 12:10:40
2148,56%,4753/15989MB,46%,64,11d4h,2026-04-18 12:15:40
2149,56%,5250/15989MB,46%,64,11d4h,2026-04-18 12:20:39
2150,56%,5170/15989MB,46%,64,11d4h,2026-04-18 12:25:39
2151,55%,5219/15989MB,46%,64,11d4h,2026-04-18 12:30:42
2152,55%,5264/15989MB,46%,64,11d4h,2026-04-18 12:35:40
2153,55%,5311/15989MB,46%,65,11d4h,2026-04-18 12:40:40
2154,55%,5127/15989MB,46%,64,11d4h,2026-04-18 12:45:40
2155,55%,4757/15989MB,46%,64,11d4h,2026-04-18 12:50:40
2156,55%,5264/15989MB,46%,64,11d4h,2026-04-18 12:55:39
2157,55%,5051/15989MB,46%,64,11d4h,2026-04-18 13:00:44
2158,55%,5292/15989MB,46%,64,11d4h,2026-04-18 13:05:39
2159,55%,4909/15989MB,46%,67,11d4h,2026-04-18 13:10:40
2160,55%,5152/15989MB,46%,64,11d5h,2026-04-18 13:15:40
2161,55%,5347/15989MB,46%,64,11d5h,2026-04-18 13:20:40
2162,55%,4869/15989MB,46%,66,11d5h,2026-04-18 13:25:39
2163,55%,5139/15989MB,46%,64,11d5h,2026-04-18 13:30:41
2164,55%,5123/15989MB,46%,64,11d5h,2026-04-18 13:35:43
2165,55%,5278/15989MB,46%,64,11d5h,2026-04-18 13:40:40
2166,55%,5050/15989MB,46%,64,11d5h,2026-04-18 13:45:40
2167,55%,5179/15989MB,46%,64,11d5h,2026-04-18 13:50:39
2168,55%,4749/15989MB,46%,64,11d5h,2026-04-18 13:55:39
2169,55%,5104/15989MB,46%,64,11d5h,2026-04-18 14:00:46
2170,55%,4885/15989MB,46%,66,11d5h,2026-04-18 14:05:39
2171,55%,5296/15989MB,46%,64,11d5h,2026-04-18 14:10:40
2172,55%,5142/15989MB,46%,64,11d6h,2026-04-18 14:15:39
2173,55%,5124/15989MB,46%,66,11d6h,2026-04-18 14:20:40
2174,55%,5264/15989MB,46%,64,11d6h,2026-04-18 14:25:39
2175,55%,5265/15989MB,46%,64,11d6h,2026-04-18 14:30:41
2176,55%,4724/15989MB,46%,64,11d6h,2026-04-18 14:35:39
2177,55%,5116/15989MB,46%,64,11d6h,2026-04-18 14:40:40
2178,55%,5275/15989MB,46%,64,11d6h,2026-04-18 14:45:41
2179,55%,5255/15989MB,46%,64,11d6h,2026-04-18 14:50:41
2180,55%,5315/15989MB,46%,64,11d6h,2026-04-18 14:55:39
2181,55%,4907/15989MB,46%,64,11d6h,2026-04-18 15:00:44
2182,55%,5021/15989MB,46%,64,11d6h,2026-04-18 15:05:39
2183,55%,4926/15989MB,46%,66,11d6h,2026-04-18 15:10:40
2184,55%,5115/15989MB,46%,64,11d7h,2026-04-18 15:15:40
2185,55%,5238/15989MB,46%,64,11d7h,2026-04-18 15:20:41
2186,55%,5375/15989MB,46%,66,11d7h,2026-04-18 15:25:39
2187,55%,5240/15989MB,46%,64,11d7h,2026-04-18 15:30:41
2188,55%,4744/15989MB,46%,64,11d7h,2026-04-18 15:35:39
2189,55%,5264/15989MB,46%,64,11d7h,2026-04-18 15:40:40
2190,55%,5230/15989MB,46%,64,11d7h,2026-04-18 15:45:40
2191,55%,4891/15989MB,46%,64,11d7h,2026-04-18 15:50:40
2192,55%,5249/15989MB,46%,64,11d7h,2026-04-18 15:55:39
2193,55%,5468/15989MB,46%,66,11d7h,2026-04-18 16:00:46
2194,55%,5264/15989MB,46%,64,11d7h,2026-04-18 16:05:39
2195,55%,5175/15989MB,46%,64,11d7h,2026-04-18 16:10:40
2196,55%,4854/15989MB,46%,66,11d8h,2026-04-18 16:15:41
2197,55%,5184/15989MB,46%,64,11d8h,2026-04-18 16:20:40
2198,55%,5190/15989MB,46%,64,11d8h,2026-04-18 16:25:39
2199,55%,5058/15989MB,46%,66,11d8h,2026-04-18 16:30:44
2200,55%,5185/15989MB,46%,64,11d8h,2026-04-18 16:35:39
2201,55%,5298/15989MB,46%,64,11d8h,2026-04-18 16:40:40
2202,55%,5272/15989MB,46%,64,11d8h,2026-04-18 16:45:41
2203,55%,5286/15989MB,46%,64,11d8h,2026-04-18 16:50:41
2204,55%,5216/15989MB,46%,64,11d8h,2026-04-18 16:55:40
2205,55%,5156/15989MB,46%,64,11d8h,2026-04-18 17:00:42
2206,55%,5268/15989MB,46%,64,11d8h,2026-04-18 17:05:40
2207,55%,5260/15989MB,46%,66,11d8h,2026-04-18 17:10:40
2208,55%,4930/15989MB,46%,64,11d9h,2026-04-18 17:15:40
2209,55%,5277/15989MB,46%,64,11d9h,2026-04-18 17:20:39
2210,55%,5383/15989MB,46%,66,11d9h,2026-04-18 17:25:41
2211,55%,5019/15989MB,46%,64,11d9h,2026-04-18 17:30:41
2212,55%,4763/15989MB,46%,64,11d9h,2026-04-18 17:35:39
2213,55%,5042/15989MB,46%,64,11d9h,2026-04-18 17:40:40
2214,55%,5073/15989MB,46%,64,11d9h,2026-04-18 17:45:39
2215,55%,4776/15989MB,46%,64,11d9h,2026-04-18 17:50:40
2216,55%,5236/15989MB,46%,64,11d9h,2026-04-18 17:55:39
2217,55%,5260/15989MB,46%,64,11d9h,2026-04-18 18:00:40
2218,55%,5278/15989MB,46%,65,11d9h,2026-04-18 18:05:39
2219,55%,5113/15989MB,46%,64,11d9h,2026-04-18 18:10:39
2220,55%,4944/15989MB,46%,65,11d10h,2026-04-18 18:15:39
2221,55%,5376/15989MB,46%,66,11d10h,2026-04-18 18:20:39
2222,55%,5201/15989MB,46%,64,11d10h,2026-04-18 18:25:39
2223,55%,5023/15989MB,46%,64,11d10h,2026-04-18 18:30:39
2224,55%,5381/15989MB,46%,66,11d10h,2026-04-18 18:35:39
2225,55%,5274/15989MB,46%,64,11d10h,2026-04-18 18:40:39
2226,55%,5215/15989MB,46%,64,11d10h,2026-04-18 18:45:39
2227,55%,4750/15989MB,46%,64,11d10h,2026-04-18 18:50:39
2228,55%,5259/15989MB,46%,64,11d10h,2026-04-18 18:55:39
2229,55%,5095/15989MB,46%,64,11d10h,2026-04-18 19:00:40
2230,55%,4764/15989MB,46%,65,11d10h,2026-04-18 19:05:39
2231,55%,5227/15989MB,46%,65,11d10h,2026-04-18 19:10:39
2232,55%,4956/15989MB,46%,64,11d11h,2026-04-18 19:15:39
2233,55%,5278/15989MB,46%,64,11d11h,2026-04-18 19:20:39
2234,55%,5190/15989MB,46%,64,11d11h,2026-04-18 19:25:39
2235,55%,5309/15989MB,46%,64,11d11h,2026-04-18 19:30:39
2236,55%,5381/15989MB,46%,66,11d11h,2026-04-18 19:35:39
2237,55%,5300/15989MB,46%,64,11d11h,2026-04-18 19:40:39
2238,55%,5066/15989MB,46%,65,11d11h,2026-04-18 19:45:39
2239,55%,4870/15989MB,46%,66,11d11h,2026-04-18 19:50:39
2240,55%,5117/15989MB,46%,64,11d11h,2026-04-18 19:55:39
2241,55%,5156/15989MB,46%,64,11d11h,2026-04-18 20:00:39
2242,55%,5266/15989MB,46%,64,11d11h,2026-04-18 20:05:39
2243,55%,5095/15989MB,46%,64,11d11h,2026-04-18 20:10:39
2244,55%,4811/15989MB,46%,65,11d12h,2026-04-18 20:15:39
2245,55%,5209/15989MB,46%,64,11d12h,2026-04-18 20:20:39
2246,55%,5027/15989MB,46%,64,11d12h,2026-04-18 20:25:39
2247,55%,5262/15989MB,46%,64,11d12h,2026-04-18 20:30:39
2248,55%,5336/15989MB,46%,64,11d12h,2026-04-18 20:35:39
2249,55%,4764/15989MB,46%,64,11d12h,2026-04-18 20:40:39
2250,55%,5266/15989MB,46%,67,11d12h,2026-04-18 20:45:40
2251,55%,4814/15989MB,46%,64,11d12h,2026-04-18 20:50:39
2252,55%,5057/15989MB,46%,64,11d12h,2026-04-18 20:55:39
2253,55%,5269/15989MB,46%,64,11d12h,2026-04-18 21:00:39
2254,55%,5158/15989MB,46%,64,11d12h,2026-04-18 21:05:33
2255,55%,4760/15989MB,46%,64,11d12h,2026-04-18 21:10:33
2256,55%,5333/15989MB,46%,64,11d13h,2026-04-18 21:15:33
2257,55%,4905/15989MB,46%,64,11d13h,2026-04-18 21:20:33
2258,55%,5276/15989MB,46%,64,11d13h,2026-04-18 21:25:33
2259,55%,5251/15989MB,46%,64,11d13h,2026-04-18 21:30:33
2260,55%,5383/15989MB,46%,66,11d13h,2026-04-18 21:35:33
2261,55%,5259/15989MB,46%,64,11d13h,2026-04-18 21:40:33
2262,55%,4751/15989MB,46%,64,11d13h,2026-04-18 21:45:33
2263,55%,5398/15989MB,46%,66,11d13h,2026-04-18 21:50:33
2264,55%,4921/15989MB,46%,64,11d13h,2026-04-18 21:55:33
2265,55%,5221/15989MB,46%,64,11d13h,2026-04-18 22:00:33
2266,55%,4882/15989MB,46%,64,11d13h,2026-04-18 22:05:33
2267,55%,5244/15989MB,46%,64,11d13h,2026-04-18 22:10:33
2268,55%,5278/15989MB,46%,64,11d14h,2026-04-18 22:15:33
2269,55%,5248/15989MB,46%,64,11d14h,2026-04-18 22:20:33
2270,55%,5111/15989MB,46%,65,11d14h,2026-04-18 22:25:33
2271,55%,4741/15989MB,46%,64,11d14h,2026-04-18 22:30:33
2272,55%,5039/15989MB,46%,64,11d14h,2026-04-18 22:35:33
2273,55%,4845/15989MB,46%,64,11d14h,2026-04-18 22:40:33
2274,55%,5267/15989MB,46%,64,11d14h,2026-04-18 22:45:33
2275,55%,5262/15989MB,46%,64,11d14h,2026-04-18 22:50:33
2276,55%,5366/15989MB,46%,66,11d14h,2026-04-18 22:55:33
2277,55%,5274/15989MB,46%,64,11d14h,2026-04-18 23:00:34
2278,55%,5251/15989MB,46%,64,11d14h,2026-04-18 23:05:33
2279,55%,5130/15989MB,46%,64,11d14h,2026-04-18 23:10:33
2280,55%,4729/15989MB,46%,64,11d15h,2026-04-18 23:15:33
2281,55%,5200/15989MB,46%,64,11d15h,2026-04-18 23:20:33
2282,55%,4744/15989MB,46%,64,11d15h,2026-04-18 23:25:33
2283,55%,5287/15989MB,46%,64,11d15h,2026-04-18 23:30:33
2284,55%,4865/15989MB,46%,64,11d15h,2026-04-18 23:35:33
2285,55%,5257/15989MB,46%,64,11d15h,2026-04-18 23:40:33
2286,55%,5367/15989MB,46%,66,11d15h,2026-04-18 23:45:33
2287,55%,4722/15989MB,46%,64,11d15h,2026-04-18 23:50:33
2288,55%,5252/15989MB,46%,64,11d15h,2026-04-18 23:55:33
2289,55%,5282/15989MB,45%,64,11d15h,2026-04-19 00:00:36
2290,55%,5271/15989MB,45%,64,11d15h,2026-04-19 00:05:33
2291,55%,5336/15989MB,45%,67,11d15h,2026-04-19 00:10:33
2292,55%,5266/15989MB,45%,65,11d16h,2026-04-19 00:15:33
2293,55%,4989/15989MB,45%,64,11d16h,2026-04-19 00:20:33
2294,55%,4962/15989MB,45%,64,11d16h,2026-04-19 00:25:33
2295,54%,5258/15989MB,45%,64,11d16h,2026-04-19 00:30:34
2296,54%,5004/15989MB,45%,64,11d16h,2026-04-19 00:35:33
2297,54%,5264/15989MB,45%,64,11d16h,2026-04-19 00:40:34
2298,54%,5249/15989MB,45%,64,11d16h,2026-04-19 00:45:33
2299,54%,4755/15989MB,45%,64,11d16h,2026-04-19 00:50:33
2300,54%,5033/15989MB,45%,64,11d16h,2026-04-19 00:55:33
2301,54%,5199/15989MB,45%,64,11d16h,2026-04-19 01:00:35
2302,54%,5259/15989MB,45%,64,11d16h,2026-04-19 01:05:33
2303,54%,5228/15989MB,45%,64,11d16h,2026-04-19 01:10:33
2304,54%,5260/15989MB,45%,64,11d17h,2026-04-19 01:15:33
2305,54%,5192/15989MB,45%,64,11d17h,2026-04-19 01:20:33
2306,54%,4742/15989MB,45%,64,11d17h,2026-04-19 01:25:33
2307,54%,5367/15989MB,45%,66,11d17h,2026-04-19 01:30:33
2308,54%,4803/15989MB,45%,64,11d17h,2026-04-19 01:35:33
2309,54%,5262/15989MB,45%,64,11d17h,2026-04-19 01:40:33
2310,54%,5243/15989MB,45%,64,11d17h,2026-04-19 01:45:33
2311,54%,5277/15989MB,45%,64,11d17h,2026-04-19 01:50:33
2312,54%,5245/15989MB,45%,66,11d17h,2026-04-19 01:55:33
2313,54%,4784/15989MB,45%,64,11d17h,2026-04-19 02:00:36
2314,54%,5363/15989MB,45%,66,11d17h,2026-04-19 02:05:33
2315,54%,4734/15989MB,45%,64,11d17h,2026-04-19 02:10:33
2316,54%,5083/15989MB,45%,64,11d18h,2026-04-19 02:15:33
2317,54%,4958/15989MB,45%,65,11d18h,2026-04-19 02:20:33
2318,54%,5278/15989MB,45%,64,11d18h,2026-04-19 02:25:33
2319,54%,5385/15989MB,45%,66,11d18h,2026-04-19 02:30:34
2320,54%,5267/15989MB,45%,64,11d18h,2026-04-19 02:35:33
2321,54%,5068/15989MB,45%,64,11d18h,2026-04-19 02:40:33
2322,54%,4757/15989MB,45%,64,11d18h,2026-04-19 02:45:33
2323,54%,5221/15989MB,45%,65,11d18h,2026-04-19 02:50:33
2324,54%,5429/15989MB,45%,66,11d18h,2026-04-19 02:55:33
2325,54%,4777/15989MB,45%,64,11d18h,2026-04-19 03:00:36
2326,2.27 1.78 1.69,4870/15989MB,45%,67,live,2026-04-19 03:05:03
2327,54%,5197/15989MB,45%,67,11d18h,2026-04-19 03:05:33
2328,1.50 1.75 1.72,5328/15989MB,45%,65,live,2026-04-19 03:10:06
2329,54%,4994/15989MB,45%,65,11d18h,2026-04-19 03:10:33
2330,2.91 1.92 1.77,5245/15989MB,45%,67,live,2026-04-19 03:15:06
2331,54%,5414/15989MB,45%,67,11d19h,2026-04-19 03:15:33
2332,54%,5432/15989MB,45%,64,11d19h,2026-04-19 03:20:34
2333,54%,4930/15989MB,45%,64,11d19h,2026-04-19 03:25:33
2334,54%,5276/15989MB,45%,64,11d19h,2026-04-19 03:30:35
2335,54%,5249/15989MB,45%,64,11d19h,2026-04-19 03:35:33
2336,54%,5150/15989MB,45%,64,11d19h,2026-04-19 03:40:34
2337,54%,4728/15989MB,45%,64,11d19h,2026-04-19 03:45:34
2338,54%,5239/15989MB,45%,64,11d19h,2026-04-19 03:50:35
2339,54%,5186/15989MB,45%,64,11d19h,2026-04-19 03:55:33
2340,54%,5127/15989MB,45%,64,11d19h,2026-04-19 04:00:36
2341,54%,5324/15989MB,45%,66,11d19h,2026-04-19 04:05:33
2342,1.67 1.72 1.67,4984/15989MB,45%,64,live,2026-04-19 04:10:25
2343,54%,5284/15989MB,45%,64,11d19h,2026-04-19 04:10:34
2344,54%,4796/15989MB,45%,64,11d20h,2026-04-19 04:15:34
2345,54%,5390/15989MB,45%,66,11d20h,2026-04-19 04:20:34
2346,1.91 1.75 1.67,4775/15989MB,45%,64,live,2026-04-19 04:25:07
2347,54%,5284/15989MB,45%,64,11d20h,2026-04-19 04:25:33
2348,1.94 1.71 1.64,5251/15989MB,45%,64,live,2026-04-19 04:30:21
2349,54%,4741/15989MB,45%,64,11d20h,2026-04-19 04:30:37
2350,2.48 1.80 1.66,5288/15989MB,45%,64,live,2026-04-19 04:35:15
2351,54%,5278/15989MB,45%,64,11d20h,2026-04-19 04:35:33
2352,2.19 1.90 1.73,5256/15989MB,45%,64,live,2026-04-19 04:40:14
2353,54%,5019/15989MB,45%,64,11d20h,2026-04-19 04:40:34
2354,1.82 1.89 1.76,5397/15989MB,45%,66,live,2026-04-19 04:45:16
2355,54%,5387/15989MB,45%,66,11d20h,2026-04-19 04:45:34
2356,1.50 1.67 1.70,4978/15989MB,45%,64,live,2026-04-19 04:50:12
2357,54%,5184/15989MB,45%,64,11d20h,2026-04-19 04:50:34
2358,0.85 1.41 1.60,4729/15989MB,45%,64,live,2026-04-19 04:55:12
2359,54%,5191/15989MB,45%,64,11d20h,2026-04-19 04:55:33
2360,54%,5257/15989MB,45%,64,11d20h,2026-04-19 05:00:37
2361,1.06 1.36 1.53,4744/15989MB,45%,64,live,2026-04-19 05:00:51
2362,1.57 1.68 1.65,4727/15989MB,45%,64,live,2026-04-19 05:05:09
2363,54%,5036/15989MB,45%,64,11d20h,2026-04-19 05:05:33
2364,2.60 1.85 1.72,5416/15989MB,45%,66,live,2026-04-19 05:10:17
2365,54%,5396/15989MB,45%,66,11d20h,2026-04-19 05:10:34
2366,1.29 1.47 1.58,5178/15989MB,45%,64,live,2026-04-19 05:15:25
2367,54%,5217/15989MB,45%,64,11d21h,2026-04-19 05:15:34
2368,54%,4877/15989MB,45%,64,11d21h,2026-04-19 05:20:34
2369,54%,5361/15989MB,45%,66,11d21h,2026-04-19 05:25:33
2370,54%,5257/15989MB,45%,64,11d21h,2026-04-19 05:30:36
2371,54%,5250/15989MB,45%,64,11d21h,2026-04-19 05:35:33
2372,54%,5306/15989MB,45%,64,11d21h,2026-04-19 05:40:36
2373,54%,5252/15989MB,45%,64,11d21h,2026-04-19 05:45:35
2374,54%,5251/15989MB,45%,64,11d21h,2026-04-19 05:50:35
2375,54%,4863/15989MB,45%,64,11d21h,2026-04-19 05:55:33
2376,54%,5164/15989MB,45%,64,11d21h,2026-04-19 06:00:41
2377,54%,4715/15989MB,45%,64,11d21h,2026-04-19 06:05:34
2378,54%,5216/15989MB,45%,64,11d21h,2026-04-19 06:10:35
2379,54%,5004/15989MB,45%,64,11d22h,2026-04-19 06:15:34
2380,54%,5372/15989MB,45%,66,11d22h,2026-04-19 06:20:36
2381,54%,5185/15989MB,45%,64,11d22h,2026-04-19 06:25:33
2382,54%,4744/15989MB,45%,64,11d22h,2026-04-19 06:30:36
2383,54%,5104/15989MB,45%,64,11d22h,2026-04-19 06:35:33
2384,54%,5060/15989MB,45%,64,11d22h,2026-04-19 06:40:36
2385,54%,5252/15989MB,45%,64,11d22h,2026-04-19 06:45:35
2386,54%,5276/15989MB,45%,64,11d22h,2026-04-19 06:50:35
2387,54%,5233/15989MB,45%,64,11d22h,2026-04-19 06:55:33
2388,54%,5261/15989MB,45%,64,11d22h,2026-04-19 07:00:38
2389,54%,5236/15989MB,45%,64,11d22h,2026-04-19 07:05:34
2390,54%,5006/15989MB,45%,64,11d22h,2026-04-19 07:10:36
2391,54%,5230/15989MB,45%,66,11d23h,2026-04-19 07:15:35
2392,54%,5261/15989MB,45%,64,11d23h,2026-04-19 07:20:36
2393,54%,5086/15989MB,45%,64,11d23h,2026-04-19 07:25:33
2394,54%,4874/15989MB,45%,64,11d23h,2026-04-19 07:30:38
2395,54%,5124/15989MB,45%,64,11d23h,2026-04-19 07:35:39
2396,54%,5105/15989MB,45%,64,11d23h,2026-04-19 07:40:39
2397,54%,4743/15989MB,45%,64,11d23h,2026-04-19 07:45:39
2398,54%,5163/15989MB,45%,64,11d23h,2026-04-19 07:50:39
2399,54%,5332/15989MB,45%,66,11d23h,2026-04-19 07:55:39
2400,54%,4731/15989MB,45%,64,11d23h,2026-04-19 08:00:39
2401,54%,5290/15989MB,45%,64,11d23h,2026-04-19 08:05:39
2402,54%,4714/15989MB,45%,64,11d23h,2026-04-19 08:10:39
2403,54%,5250/15989MB,45%,64,12d0h,2026-04-19 08:15:39
2404,54%,5215/15989MB,45%,64,12d0h,2026-04-19 08:20:39
2405,54%,4730/15989MB,45%,64,12d0h,2026-04-19 08:25:39
2406,54%,5023/15989MB,45%,64,12d0h,2026-04-19 08:30:39
2407,54%,5091/15989MB,45%,64,12d0h,2026-04-19 08:35:39
2408,54%,4709/15989MB,45%,64,12d0h,2026-04-19 08:40:39
2409,54%,5121/15989MB,45%,64,12d0h,2026-04-19 08:45:39
2410,54%,5290/15989MB,45%,66,12d0h,2026-04-19 08:50:39
2411,54%,4770/15989MB,45%,64,12d0h,2026-04-19 08:55:39
2412,54%,5232/15989MB,45%,64,12d0h,2026-04-19 09:00:39
2413,54%,5273/15989MB,45%,64,12d0h,2026-04-19 09:05:39
2414,54%,5251/15989MB,45%,64,12d0h,2026-04-19 09:10:39
2415,54%,5274/15989MB,45%,64,12d1h,2026-04-19 09:15:39
2416,54%,5052/15989MB,45%,64,12d1h,2026-04-19 09:20:39
2417,54%,5409/15989MB,45%,66,12d1h,2026-04-19 09:25:39
2418,54%,5107/15989MB,45%,64,12d1h,2026-04-19 09:30:39
2419,54%,4953/15989MB,45%,64,12d1h,2026-04-19 09:35:39
2420,54%,5364/15989MB,45%,66,12d1h,2026-04-19 09:40:39
2421,54%,5088/15989MB,45%,64,12d1h,2026-04-19 09:45:39
2422,54%,5255/15989MB,45%,64,12d1h,2026-04-19 09:50:39
2423,54%,5250/15989MB,45%,66,12d1h,2026-04-19 09:55:39
2424,54%,5290/15989MB,45%,64,12d1h,2026-04-19 10:00:40
2425,54%,5246/15989MB,45%,64,12d1h,2026-04-19 10:05:39
2426,54%,5334/15989MB,45%,64,12d1h,2026-04-19 10:10:39
2427,54%,4821/15989MB,45%,64,12d2h,2026-04-19 10:15:39
2428,54%,5261/15989MB,45%,64,12d2h,2026-04-19 10:20:39
2429,54%,4979/15989MB,45%,64,12d2h,2026-04-19 10:25:39
2430,54%,5247/15989MB,45%,64,12d2h,2026-04-19 10:30:40
2431,54%,5234/15989MB,45%,66,12d2h,2026-04-19 10:35:39
2432,54%,4737/15989MB,45%,64,12d2h,2026-04-19 10:40:39
2433,54%,5073/15989MB,45%,64,12d2h,2026-04-19 10:45:39
2434,54%,5183/15989MB,45%,64,12d2h,2026-04-19 10:50:39
2435,54%,4752/15989MB,45%,64,12d2h,2026-04-19 10:55:39
2436,54%,5258/15989MB,45%,64,12d2h,2026-04-19 11:00:45
2437,54%,4949/15989MB,45%,64,12d2h,2026-04-19 11:05:39
2438,54%,5252/15989MB,45%,64,12d2h,2026-04-19 11:10:39
2439,54%,5209/15989MB,45%,64,12d3h,2026-04-19 11:15:39
2440,54%,4759/15989MB,45%,64,12d3h,2026-04-19 11:20:39
2441,54%,5058/15989MB,45%,64,12d3h,2026-04-19 11:25:39
2442,54%,5384/15989MB,45%,66,12d3h,2026-04-19 11:30:42
2443,54%,5255/15989MB,45%,64,12d3h,2026-04-19 11:35:39
2444,54%,5125/15989MB,45%,64,12d3h,2026-04-19 11:40:40
2445,54%,4890/15989MB,45%,66,12d3h,2026-04-19 11:45:39
2446,54%,5214/15989MB,45%,64,12d3h,2026-04-19 11:50:39
2447,54%,5252/15989MB,45%,64,12d3h,2026-04-19 11:55:49
2448,54%,4736/15989MB,45%,64,12d3h,2026-04-19 12:00:51
2449,54%,5188/15989MB,45%,64,12d3h,2026-04-19 12:05:39
2450,54%,4729/15989MB,45%,64,12d3h,2026-04-19 12:10:39
2451,54%,5273/15989MB,45%,64,12d4h,2026-04-19 12:15:39
2452,54%,5263/15989MB,45%,64,12d4h,2026-04-19 12:20:39
2453,54%,5362/15989MB,45%,66,12d4h,2026-04-19 12:25:39
2454,54%,5183/15989MB,45%,64,12d4h,2026-04-19 12:30:42
2455,54%,4837/15989MB,45%,64,12d4h,2026-04-19 12:35:39
2456,54%,5248/15989MB,45%,64,12d4h,2026-04-19 12:40:40
2457,54%,5090/15989MB,45%,64,12d4h,2026-04-19 12:45:39
2458,54%,4729/15989MB,45%,64,12d4h,2026-04-19 12:50:40
2459,54%,5095/15989MB,45%,64,12d4h,2026-04-19 12:55:39
2460,54%,5116/15989MB,45%,64,12d4h,2026-04-19 13:00:48
2461,54%,5253/15989MB,45%,64,12d4h,2026-04-19 13:05:39
2462,54%,5253/15989MB,45%,64,12d4h,2026-04-19 13:10:40
2463,54%,5233/15989MB,45%,64,12d5h,2026-04-19 13:15:39
2464,54%,4849/15989MB,45%,66,12d5h,2026-04-19 13:20:39
2465,54%,5238/15989MB,45%,64,12d5h,2026-04-19 13:25:39
2466,54%,5057/15989MB,45%,64,12d5h,2026-04-19 13:30:44
2467,53%,5297/15989MB,45%,64,12d5h,2026-04-19 13:35:39
2468,53%,5242/15989MB,45%,64,12d5h,2026-04-19 13:40:40
2469,53%,4753/15989MB,45%,64,12d5h,2026-04-19 13:45:40
2470,53%,5299/15989MB,45%,64,12d5h,2026-04-19 13:50:40
2471,53%,5037/15989MB,45%,64,12d5h,2026-04-19 13:55:39
2472,53%,4746/15989MB,45%,64,12d5h,2026-04-19 14:00:48
2473,53%,5348/15989MB,45%,64,12d5h,2026-04-19 14:05:39
2474,53%,4753/15989MB,45%,64,12d5h,2026-04-19 14:10:41
2475,53%,5323/15989MB,45%,66,12d6h,2026-04-19 14:15:40
2476,53%,5247/15989MB,45%,64,12d6h,2026-04-19 14:20:40
2477,53%,4747/15989MB,45%,64,12d6h,2026-04-19 14:25:39
2478,53%,5125/15989MB,45%,63,12d6h,2026-04-19 14:30:45
2479,2.08 1.81 1.71,4764/15989MB,45%,64,live,2026-04-19 14:32:18
2480,53%,4920/15989MB,45%,64,12d6h,2026-04-19 14:35:39
2481,53%,5261/15989MB,45%,64,12d6h,2026-04-19 14:40:41
2482,53%,5298/15989MB,45%,64,12d6h,2026-04-19 14:45:42
2483,53%,4755/15989MB,45%,64,12d6h,2026-04-19 14:50:41
2484,53%,5244/15989MB,45%,64,12d6h,2026-04-19 14:55:39
2485,53%,5181/15989MB,45%,64,12d6h,2026-04-19 15:00:53
2486,53%,5246/15989MB,45%,64,12d6h,2026-04-19 15:05:39
2487,53%,5202/15989MB,45%,66,12d6h,2026-04-19 15:10:41
2488,53%,4732/15989MB,45%,64,12d7h,2026-04-19 15:15:41
2489,53%,5199/15989MB,45%,64,12d7h,2026-04-19 15:20:41
2490,53%,4903/15989MB,45%,64,12d7h,2026-04-19 15:25:39
2491,53%,5269/15989MB,45%,64,12d7h,2026-04-19 15:30:45
2492,53%,5247/15989MB,45%,64,12d7h,2026-04-19 15:35:39
2493,53%,4754/15989MB,45%,64,12d7h,2026-04-19 15:40:42
2494,53%,5253/15989MB,45%,64,12d7h,2026-04-19 15:45:40
2495,53%,5388/15989MB,45%,66,12d7h,2026-04-19 15:50:41
2496,53%,4770/15989MB,45%,64,12d7h,2026-04-19 15:55:39
2497,53%,5249/15989MB,45%,64,12d7h,2026-04-19 16:00:56
2498,53%,4746/15989MB,45%,64,12d7h,2026-04-19 16:05:39
2499,53%,5020/15989MB,45%,64,12d7h,2026-04-19 16:10:42
2500,53%,5339/15989MB,45%,64,12d8h,2026-04-19 16:15:41
2501,53%,4723/15989MB,45%,64,12d8h,2026-04-19 16:20:41
2502,53%,5077/15989MB,45%,64,12d8h,2026-04-19 16:25:40
2503,53%,5363/15989MB,45%,66,12d8h,2026-04-19 16:30:47
2504,53%,5245/15989MB,45%,64,12d8h,2026-04-19 16:35:39
2505,53%,5046/15989MB,45%,64,12d8h,2026-04-19 16:40:42
2506,53%,5070/15989MB,45%,66,12d8h,2026-04-19 16:45:42
2507,53%,5271/15989MB,45%,64,12d8h,2026-04-19 16:50:41
2508,53%,5310/15989MB,45%,64,12d8h,2026-04-19 16:55:39
2509,53%,5370/15989MB,45%,65,12d8h,2026-04-19 17:00:56
2510,53%,5258/15989MB,45%,64,12d8h,2026-04-19 17:05:40
2511,53%,5257/15989MB,45%,64,12d8h,2026-04-19 17:10:41
2512,53%,4739/15989MB,45%,64,12d9h,2026-04-19 17:15:40
2513,53%,5274/15989MB,45%,64,12d9h,2026-04-19 17:20:40
2514,53%,5193/15989MB,45%,66,12d9h,2026-04-19 17:25:39
2515,53%,4923/15989MB,45%,64,12d9h,2026-04-19 17:30:43
2516,53%,5170/15989MB,45%,64,12d9h,2026-04-19 17:35:39
2517,53%,5191/15989MB,45%,66,12d9h,2026-04-19 17:40:42
2518,53%,4797/15989MB,45%,64,12d9h,2026-04-19 17:45:40
2519,53%,5254/15989MB,45%,64,12d9h,2026-04-19 17:50:39
2520,53%,5278/15989MB,45%,64,12d9h,2026-04-19 17:55:39
2521,53%,5199/15989MB,45%,64,12d9h,2026-04-19 18:00:51
2522,53%,5267/15989MB,45%,64,12d9h,2026-04-19 18:05:39
2523,53%,5301/15989MB,45%,64,12d9h,2026-04-19 18:10:39
2524,53%,4802/15989MB,45%,64,12d10h,2026-04-19 18:15:42
2525,53%,5257/15989MB,45%,64,12d10h,2026-04-19 18:20:39
2526,53%,5342/15989MB,45%,64,12d10h,2026-04-19 18:25:39
2527,53%,4873/15989MB,45%,66,12d10h,2026-04-19 18:30:42
2528,53%,5143/15989MB,45%,64,12d10h,2026-04-19 18:35:37
2529,53%,5265/15989MB,45%,64,12d10h,2026-04-19 18:35:39
2530,53%,4743/15989MB,45%,64,12d10h,2026-04-19 18:40:37
2531,53%,5225/15989MB,45%,66,12d10h,2026-04-19 18:45:37
2532,53%,4973/15989MB,45%,64,12d10h,2026-04-19 18:50:37
2533,53%,5246/15989MB,45%,64,12d10h,2026-04-19 18:55:36
2534,53%,5543/15989MB,45%,66,12d10h,2026-04-19 19:00:38
2535,53%,4740/15989MB,45%,64,12d10h,2026-04-19 19:05:37
2536,53%,5148/15989MB,45%,64,12d10h,2026-04-19 19:10:37
2537,53%,5182/15989MB,45%,64,12d11h,2026-04-19 19:15:37
2538,53%,4738/15989MB,45%,64,12d11h,2026-04-19 19:20:37
2539,53%,5058/15989MB,45%,64,12d11h,2026-04-19 19:25:36
2540,53%,5184/15989MB,45%,64,12d11h,2026-04-19 19:30:38
2541,53%,5261/15989MB,45%,64,12d11h,2026-04-19 19:35:36
2542,53%,5266/15989MB,45%,64,12d11h,2026-04-19 19:40:37
2543,53%,4715/15989MB,45%,64,12d11h,2026-04-19 19:45:37
2544,53%,5133/15989MB,45%,66,12d11h,2026-04-19 19:50:37
2545,53%,4771/15989MB,45%,64,12d11h,2026-04-19 19:55:36
2546,53%,5096/15989MB,45%,64,12d11h,2026-04-19 20:00:38
2547,53%,5251/15989MB,45%,64,12d11h,2026-04-19 20:05:37
2548,53%,5066/15989MB,45%,64,12d11h,2026-04-19 20:10:37
2549,53%,4730/15989MB,45%,64,12d12h,2026-04-19 20:15:37
2550,53%,4996/15989MB,45%,64,12d12h,2026-04-19 20:20:37
2551,53%,5336/15989MB,45%,64,12d12h,2026-04-19 20:25:36
2552,53%,4891/15989MB,45%,66,12d12h,2026-04-19 20:30:37
2553,53%,5253/15989MB,45%,64,12d12h,2026-04-19 20:35:37
2554,53%,5095/15989MB,45%,66,12d12h,2026-04-19 20:40:37
2555,53%,5262/15989MB,45%,64,12d12h,2026-04-19 20:45:37
2556,53%,5202/15989MB,45%,64,12d12h,2026-04-19 20:50:37
2557,53%,4870/15989MB,45%,66,12d12h,2026-04-19 20:55:37
2558,53%,5041/15989MB,45%,64,12d12h,2026-04-19 21:00:39
2559,53%,4725/15989MB,45%,64,12d12h,2026-04-19 21:05:36
2560,53%,5207/15989MB,45%,64,12d12h,2026-04-19 21:10:37
2561,53%,4971/15989MB,45%,64,12d13h,2026-04-19 21:15:37
2562,53%,5110/15989MB,45%,64,12d13h,2026-04-19 21:20:37
2563,53%,5249/15989MB,45%,64,12d13h,2026-04-19 21:25:37
2564,53%,5264/15989MB,45%,64,12d13h,2026-04-19 21:30:37
2565,53%,5264/15989MB,45%,64,12d13h,2026-04-19 21:35:37
2566,53%,4747/15989MB,45%,64,12d13h,2026-04-19 21:40:37
2567,53%,5073/15989MB,45%,64,12d13h,2026-04-19 21:45:37
2568,53%,4959/15989MB,45%,64,12d13h,2026-04-19 21:50:37
2569,53%,5267/15989MB,45%,64,12d13h,2026-04-19 21:55:36
2570,53%,5448/15989MB,45%,66,12d13h,2026-04-19 22:00:39
2571,53%,5268/15989MB,45%,64,12d13h,2026-04-19 22:05:36
2572,53%,5399/15989MB,45%,66,12d13h,2026-04-19 22:10:37
2573,53%,4756/15989MB,45%,64,12d14h,2026-04-19 22:15:37
2574,53%,5277/15989MB,45%,64,12d14h,2026-04-19 22:20:37
2575,53%,5225/15989MB,45%,64,12d14h,2026-04-19 22:25:36
2576,53%,5264/15989MB,45%,64,12d14h,2026-04-19 22:30:37
2577,53%,5253/15989MB,45%,64,12d14h,2026-04-19 22:35:37
2578,53%,4891/15989MB,45%,64,12d14h,2026-04-19 22:40:37
2579,53%,5195/15989MB,45%,64,12d14h,2026-04-19 22:45:37
2580,1.76 1.89 1.82,5041/15989MB,45%,64,live,2026-04-19 22:46:20
2581,53%,5303/15989MB,45%,64,12d14h,2026-04-19 22:50:37
2582,53%,5269/15989MB,45%,64,12d14h,2026-04-19 22:55:37
2583,53%,5020/15989MB,45%,64,12d14h,2026-04-19 23:00:38
2584,53%,5005/15989MB,45%,64,12d14h,2026-04-19 23:05:37
2585,53%,5264/15989MB,45%,64,12d14h,2026-04-19 23:10:37
2586,53%,5389/15989MB,45%,66,12d15h,2026-04-19 23:15:37
2587,53%,5237/15989MB,45%,64,12d15h,2026-04-19 23:20:37
2588,53%,4746/15989MB,45%,64,12d15h,2026-04-19 23:25:37
2589,53%,5138/15989MB,45%,64,12d15h,2026-04-19 23:30:38
2590,53%,4736/15989MB,45%,64,12d15h,2026-04-19 23:35:36
2591,53%,5374/15989MB,45%,66,12d15h,2026-04-19 23:40:37
2592,53%,5116/15989MB,45%,64,12d15h,2026-04-19 23:45:37
2593,53%,5258/15989MB,45%,64,12d15h,2026-04-19 23:50:37
2594,53%,5231/15989MB,45%,64,12d15h,2026-04-19 23:55:37
2595,53%,4808/15989MB,45%,64,12d15h,2026-04-20 00:00:39
2596,53%,4974/15989MB,45%,66,12d15h,2026-04-20 00:05:37
2597,53%,5338/15989MB,45%,65,12d15h,2026-04-20 00:10:37
2598,53%,4760/15989MB,45%,65,12d16h,2026-04-20 00:15:37
2599,53%,5139/15989MB,45%,65,12d16h,2026-04-20 00:20:37
2600,53%,5020/15989MB,45%,65,12d16h,2026-04-20 00:25:37
2601,53%,5366/15989MB,45%,67,12d16h,2026-04-20 00:30:38
2602,53%,5223/15989MB,45%,63,12d16h,2026-04-20 00:35:37
2603,53%,5259/15989MB,45%,64,12d16h,2026-04-20 00:40:37
2604,53%,5104/15989MB,45%,64,12d16h,2026-04-20 00:45:36
2605,53%,4836/15989MB,45%,64,12d16h,2026-04-20 00:50:37
2606,53%,5268/15989MB,45%,64,12d16h,2026-04-20 00:55:37
2607,53%,5133/15989MB,45%,64,12d16h,2026-04-20 01:00:37
2608,53%,5359/15989MB,45%,66,12d16h,2026-04-20 01:05:37
2609,53%,5251/15989MB,45%,64,12d16h,2026-04-20 01:10:36
2610,53%,5262/15989MB,45%,64,12d17h,2026-04-20 01:15:36
2611,53%,5093/15989MB,45%,64,12d17h,2026-04-20 01:20:36
2612,53%,4757/15989MB,45%,64,12d17h,2026-04-20 01:25:36
2613,53%,5183/15989MB,45%,64,12d17h,2026-04-20 01:30:37
2614,53%,4746/15989MB,45%,64,12d17h,2026-04-20 01:35:37
2615,53%,5029/15989MB,45%,64,12d17h,2026-04-20 01:40:36
2616,53%,4845/15989MB,45%,64,12d17h,2026-04-20 01:45:36
2617,53%,5162/15989MB,45%,64,12d17h,2026-04-20 01:50:37
2618,53%,4740/15989MB,45%,64,12d17h,2026-04-20 01:55:36
2619,53%,5269/15989MB,45%,64,12d17h,2026-04-20 02:00:37
2620,53%,5229/15989MB,45%,64,12d17h,2026-04-20 02:05:37
2621,53%,5265/15989MB,45%,66,12d17h,2026-04-20 02:10:37
2622,53%,4753/15989MB,45%,64,12d18h,2026-04-20 02:15:36
2623,53%,5251/15989MB,45%,64,12d18h,2026-04-20 02:20:37
2624,53%,4821/15989MB,45%,64,12d18h,2026-04-20 02:25:36
2625,53%,5199/15989MB,45%,64,12d18h,2026-04-20 02:30:36
2626,53%,4910/15989MB,45%,64,12d18h,2026-04-20 02:35:36
2627,53%,5270/15989MB,45%,64,12d18h,2026-04-20 02:40:36
2628,53%,5079/15989MB,45%,64,12d18h,2026-04-20 02:45:37
2629,53%,4738/15989MB,45%,64,12d18h,2026-04-20 02:50:37
2630,53%,5042/15989MB,45%,64,12d18h,2026-04-20 02:55:36
2631,53%,5242/15989MB,45%,64,12d18h,2026-04-20 03:00:37
2632,1.85 1.63 1.55,5123/15989MB,45%,64,live,2026-04-20 03:05:17
2633,53%,5140/15989MB,45%,64,12d18h,2026-04-20 03:05:37
2634,1.50 1.78 1.67,5436/15989MB,45%,66,live,2026-04-20 03:10:05
2635,53%,5327/15989MB,45%,66,12d18h,2026-04-20 03:10:37
2636,2.81 2.06 1.78,5255/15989MB,45%,64,live,2026-04-20 03:15:06
2637,53%,5289/15989MB,45%,64,12d19h,2026-04-20 03:15:36
2638,53%,5136/15989MB,45%,64,12d19h,2026-04-20 03:20:37
2639,53%,4745/15989MB,45%,64,12d19h,2026-04-20 03:25:36
2640,53%,5327/15989MB,45%,64,12d19h,2026-04-20 03:30:36
2641,2.31 1.73 1.70,5335/15989MB,45%,64,live,2026-04-20 03:35:04
2642,53%,5068/15989MB,45%,64,12d19h,2026-04-20 03:35:44
2643,4.87 2.58 1.99,5071/15989MB,50%,65,live,2026-04-20 03:40:08
2644,53%,5164/15989MB,48%,66,12d19h,2026-04-20 03:40:36
2645,1.85 1.98 1.87,5138/15989MB,48%,64,live,2026-04-20 03:45:06
2646,53%,4977/15989MB,48%,66,12d19h,2026-04-20 03:45:36
2647,1.56 1.76 1.82,5095/15989MB,48%,64,live,2026-04-20 03:50:12
2648,53%,5152/15989MB,48%,64,12d19h,2026-04-20 03:50:36
2649,1.60 1.60 1.73,5201/15989MB,48%,64,live,2026-04-20 03:55:11
2650,53%,4876/15989MB,48%,66,12d19h,2026-04-20 03:55:36
2651,53%,5293/15989MB,48%,64,12d19h,2026-04-20 04:00:37
2652,1.76 1.73 1.74,5112/15989MB,48%,65,live,2026-04-20 04:00:48
2653,2.05 1.84 1.76,5143/15989MB,48%,64,live,2026-04-20 04:05:16
2654,53%,5281/15989MB,48%,64,12d19h,2026-04-20 04:05:36
2655,1.97 1.86 1.79,5423/15989MB,48%,66,live,2026-04-20 04:10:17
2656,52%,5009/15989MB,48%,66,12d19h,2026-04-20 04:10:37
2657,1.28 1.56 1.68,5221/15989MB,48%,64,live,2026-04-20 04:15:16
2658,52%,5163/15989MB,48%,64,12d20h,2026-04-20 04:15:37
2659,1.77 1.64 1.67,5033/15989MB,48%,64,live,2026-04-20 04:20:11
2660,52%,5218/15989MB,48%,64,12d20h,2026-04-20 04:20:37
2661,1.60 1.42 1.56,5225/15989MB,48%,64,live,2026-04-20 04:25:13
2662,52%,5207/15989MB,48%,64,12d20h,2026-04-20 04:25:36
2663,1.13 1.34 1.49,5113/15989MB,48%,64,live,2026-04-20 04:30:29
2664,52%,5342/15989MB,48%,64,12d20h,2026-04-20 04:30:37
2665,1.94 1.47 1.48,5257/15989MB,48%,64,live,2026-04-20 04:35:16
2666,52%,4751/15989MB,48%,64,12d20h,2026-04-20 04:35:36
2667,52%,5242/15989MB,48%,64,12d20h,2026-04-20 04:40:36
2668,1.79 1.73 1.61,4813/15989MB,48%,66,live,2026-04-20 04:45:31
2669,52%,4928/15989MB,48%,67,12d20h,2026-04-20 04:45:36
2670,1.48 1.67 1.62,4890/15989MB,48%,64,live,2026-04-20 04:50:14
2671,52%,5275/15989MB,48%,64,12d20h,2026-04-20 04:50:37
2672,1.40 1.46 1.53,5136/15989MB,48%,64,live,2026-04-20 04:55:12
2673,52%,4749/15989MB,48%,64,12d20h,2026-04-20 04:55:36
2674,52%,5065/15989MB,48%,65,12d20h,2026-04-20 05:00:37
2675,1.75 1.53 1.53,5299/15989MB,48%,66,live,2026-04-20 05:00:55
2676,1.61 1.78 1.64,5285/15989MB,48%,64,live,2026-04-20 05:05:10
2677,52%,5202/15989MB,48%,64,12d20h,2026-04-20 05:05:36
2678,1.90 1.73 1.65,5251/15989MB,48%,64,live,2026-04-20 05:10:16
2679,52%,4922/15989MB,48%,64,12d20h,2026-04-20 05:10:36
2680,52%,5400/15989MB,48%,66,12d21h,2026-04-20 05:15:36
2681,52%,4777/15989MB,48%,64,12d21h,2026-04-20 05:20:36
2682,52%,5111/15989MB,48%,64,12d21h,2026-04-20 05:25:36
2683,52%,4734/15989MB,48%,64,12d21h,2026-04-20 05:30:36
2684,52%,5229/15989MB,48%,64,12d21h,2026-04-20 05:35:37
2685,52%,4723/15989MB,48%,64,12d21h,2026-04-20 05:40:38
2686,52%,5270/15989MB,48%,64,12d21h,2026-04-20 05:45:38
2687,52%,4739/15989MB,48%,64,12d21h,2026-04-20 05:50:37
2688,52%,5231/15989MB,48%,64,12d21h,2026-04-20 05:55:37
2689,52%,5255/15989MB,48%,64,12d21h,2026-04-20 06:00:45
2690,52%,4857/15989MB,48%,64,12d21h,2026-04-20 06:05:37
2691,52%,5395/15989MB,48%,66,12d21h,2026-04-20 06:10:37
2692,52%,4723/15989MB,48%,64,12d22h,2026-04-20 06:15:38
2693,52%,5221/15989MB,48%,64,12d22h,2026-04-20 06:20:38
2694,52%,5124/15989MB,48%,64,12d22h,2026-04-20 06:25:37
2695,52%,4721/15989MB,48%,64,12d22h,2026-04-20 06:30:40
2696,52%,5208/15989MB,48%,64,12d22h,2026-04-20 06:35:38
2697,52%,5083/15989MB,48%,64,12d22h,2026-04-20 06:40:38
2698,52%,5264/15989MB,48%,64,12d22h,2026-04-20 06:45:38
2699,52%,5121/15989MB,48%,66,12d22h,2026-04-20 06:50:38
2700,52%,5068/15989MB,48%,64,12d22h,2026-04-20 06:55:37
2701,52%,4733/15989MB,48%,64,12d22h,2026-04-20 07:00:40
2702,52%,4976/15989MB,48%,66,12d22h,2026-04-20 07:05:37
2703,52%,5232/15989MB,48%,64,12d22h,2026-04-20 07:10:38
2704,52%,5258/15989MB,48%,64,12d23h,2026-04-20 07:15:38
2705,52%,4983/15989MB,48%,64,12d23h,2026-04-20 07:20:38
2706,52%,5200/15989MB,48%,64,12d23h,2026-04-20 07:25:37
2707,52%,5269/15989MB,48%,64,12d23h,2026-04-20 07:30:39
2708,52%,5133/15989MB,48%,64,12d23h,2026-04-20 07:35:37
2709,52%,5243/15989MB,48%,64,12d23h,2026-04-20 07:40:38
2710,52%,5344/15989MB,48%,66,12d23h,2026-04-20 07:45:38
2711,52%,4750/15989MB,48%,64,12d23h,2026-04-20 07:50:38
2712,52%,4749/15989MB,48%,64,12d23h,2026-04-20 07:55:38
2713,52%,4976/15989MB,48%,64,12d23h,2026-04-20 08:00:40
2714,52%,4734/15989MB,48%,64,12d23h,2026-04-20 08:05:37
2715,52%,4979/15989MB,48%,64,12d23h,2026-04-20 08:10:37
2716,52%,5228/15989MB,48%,64,13d0h,2026-04-20 08:15:38
2717,52%,5077/15989MB,48%,64,13d0h,2026-04-20 08:20:37
2718,52%,5302/15989MB,48%,64,13d0h,2026-04-20 08:25:37
2719,52%,5207/15989MB,48%,64,13d0h,2026-04-20 08:30:38
2720,52%,5256/15989MB,48%,64,13d0h,2026-04-20 08:35:37
2721,52%,4853/15989MB,48%,66,13d0h,2026-04-20 08:40:37
2722,52%,4979/15989MB,48%,64,13d0h,2026-04-20 08:45:37
2723,52%,5211/15989MB,48%,64,13d0h,2026-04-20 08:50:37
2724,52%,5085/15989MB,48%,64,13d0h,2026-04-20 08:55:37
2725,52%,5075/15989MB,48%,64,13d0h,2026-04-20 09:00:39
2726,52%,5265/15989MB,48%,64,13d0h,2026-04-20 09:05:37
2727,52%,5268/15989MB,48%,64,13d0h,2026-04-20 09:10:37
2728,52%,4735/15989MB,48%,64,13d1h,2026-04-20 09:15:37
2729,52%,5059/15989MB,48%,64,13d1h,2026-04-20 09:20:37
2730,52%,5272/15989MB,48%,64,13d1h,2026-04-20 09:25:37
2731,52%,5262/15989MB,48%,64,13d1h,2026-04-20 09:30:38
2732,52%,5238/15989MB,48%,64,13d1h,2026-04-20 09:35:37
2733,52%,4743/15989MB,48%,64,13d1h,2026-04-20 09:40:37
2734,52%,5168/15989MB,48%,64,13d1h,2026-04-20 09:45:37
2735,52%,5294/15989MB,48%,64,13d1h,2026-04-20 09:50:37
2736,52%,5256/15989MB,48%,64,13d1h,2026-04-20 09:55:37
2737,52%,5064/15989MB,48%,64,13d1h,2026-04-20 10:00:38
2738,52%,5067/15989MB,48%,64,13d1h,2026-04-20 10:05:37
2739,52%,5237/15989MB,48%,64,13d1h,2026-04-20 10:10:37
2740,52%,5197/15989MB,48%,65,13d2h,2026-04-20 10:15:37
2741,52%,5253/15989MB,48%,64,13d2h,2026-04-20 10:20:37
2742,52%,5250/15989MB,48%,64,13d2h,2026-04-20 10:25:37
2743,52%,5367/15989MB,48%,66,13d2h,2026-04-20 10:30:37
2744,52%,5262/15989MB,48%,64,13d2h,2026-04-20 10:35:37
2745,52%,4724/15989MB,48%,64,13d2h,2026-04-20 10:40:37
2746,52%,5119/15989MB,48%,66,13d2h,2026-04-20 10:45:37
2747,52%,5125/15989MB,48%,64,13d2h,2026-04-20 10:50:37
2748,52%,5077/15989MB,48%,64,13d2h,2026-04-20 10:55:37
2749,52%,5265/15989MB,48%,64,13d2h,2026-04-20 11:00:38
2750,52%,5130/15989MB,48%,64,13d2h,2026-04-20 11:05:37
2751,52%,5197/15989MB,48%,66,13d2h,2026-04-20 11:10:48
2752,52%,5183/15989MB,48%,64,13d3h,2026-04-20 11:15:37
2753,52%,5253/15989MB,48%,64,13d3h,2026-04-20 11:20:37
2754,52%,5234/15989MB,48%,66,13d3h,2026-04-20 11:25:37
2755,52%,5170/15989MB,48%,64,13d3h,2026-04-20 11:30:37
2756,52%,5020/15989MB,48%,64,13d3h,2026-04-20 11:35:37
2757,52%,5150/15989MB,48%,64,13d3h,2026-04-20 11:40:37
2758,52%,5254/15989MB,48%,64,13d3h,2026-04-20 11:45:37
2759,52%,5252/15989MB,48%,64,13d3h,2026-04-20 11:50:37
2760,52%,4873/15989MB,48%,64,13d3h,2026-04-20 11:55:37
2761,52%,5288/15989MB,48%,64,13d3h,2026-04-20 12:00:37
2762,52%,5128/15989MB,48%,64,13d3h,2026-04-20 12:05:37
2763,52%,5124/15989MB,48%,64,13d3h,2026-04-20 12:10:37
2764,52%,5102/15989MB,48%,64,13d4h,2026-04-20 12:15:37
2765,52%,5261/15989MB,48%,64,13d4h,2026-04-20 12:20:37
2766,52%,5231/15989MB,48%,64,13d4h,2026-04-20 12:25:37
2767,52%,4861/15989MB,48%,66,13d4h,2026-04-20 12:30:37
2768,52%,5266/15989MB,48%,64,13d4h,2026-04-20 12:35:37
2769,52%,5247/15989MB,48%,64,13d4h,2026-04-20 12:40:37
2770,52%,5243/15989MB,48%,64,13d4h,2026-04-20 12:45:37
2771,52%,4736/15989MB,48%,64,13d4h,2026-04-20 12:50:37
2772,52%,4742/15989MB,48%,64,13d4h,2026-04-20 12:55:37
2773,52%,5268/15989MB,48%,64,13d4h,2026-04-20 13:00:38
2774,52%,5182/15989MB,48%,64,13d4h,2026-04-20 13:05:37
2775,52%,5367/15989MB,48%,66,13d4h,2026-04-20 13:10:37
2776,52%,5106/15989MB,48%,64,13d5h,2026-04-20 13:15:37
2777,52%,5264/15989MB,48%,64,13d5h,2026-04-20 13:20:37
2778,52%,4842/15989MB,48%,66,13d5h,2026-04-20 13:25:37
2779,52%,5252/15989MB,48%,64,13d5h,2026-04-20 13:30:37
2780,52%,5260/15989MB,48%,64,13d5h,2026-04-20 13:35:37
2781,52%,4752/15989MB,48%,64,13d5h,2026-04-20 13:40:37
2782,52%,4915/15989MB,48%,64,13d5h,2026-04-20 13:45:37
2783,52%,5203/15989MB,48%,64,13d5h,2026-04-20 13:50:37
2784,52%,5281/15989MB,48%,64,13d5h,2026-04-20 13:55:37
2785,52%,5289/15989MB,48%,64,13d5h,2026-04-20 14:00:37
2786,52%,5373/15989MB,48%,66,13d5h,2026-04-20 14:05:37
2787,52%,5291/15989MB,48%,64,13d5h,2026-04-20 14:10:37
2788,52%,4741/15989MB,48%,64,13d6h,2026-04-20 14:15:37
2789,52%,5218/15989MB,48%,66,13d6h,2026-04-20 14:20:37
2790,52%,5014/15989MB,48%,64,13d6h,2026-04-20 14:25:37
2791,52%,5295/15989MB,48%,64,13d6h,2026-04-20 14:30:37
2792,52%,5283/15989MB,48%,64,13d6h,2026-04-20 14:35:37
2793,52%,4919/15989MB,48%,64,13d6h,2026-04-20 14:40:37
2794,52%,5274/15989MB,48%,64,13d6h,2026-04-20 14:45:37
2795,52%,5272/15989MB,48%,64,13d6h,2026-04-20 14:50:37
2796,52%,5253/15989MB,48%,64,13d6h,2026-04-20 14:55:37
2797,52%,5086/15989MB,48%,66,13d6h,2026-04-20 15:00:37
2798,52%,5270/15989MB,48%,64,13d6h,2026-04-20 15:05:37
2799,52%,5265/15989MB,48%,64,13d6h,2026-04-20 15:10:37
2800,52%,4902/15989MB,48%,66,13d7h,2026-04-20 15:15:37
2801,52%,5223/15989MB,48%,64,13d7h,2026-04-20 15:20:37
2802,52%,5254/15989MB,48%,64,13d7h,2026-04-20 15:25:37
2803,52%,4969/15989MB,48%,64,13d7h,2026-04-20 15:30:37
2804,52%,5258/15989MB,48%,64,13d7h,2026-04-20 15:35:37
2805,52%,5198/15989MB,48%,64,13d7h,2026-04-20 15:40:37
2806,52%,5279/15989MB,48%,64,13d7h,2026-04-20 15:45:37
2807,52%,5181/15989MB,48%,64,13d7h,2026-04-20 15:50:37
2808,52%,5367/15989MB,48%,66,13d7h,2026-04-20 15:55:37
2809,52%,4757/15989MB,48%,64,13d7h,2026-04-20 16:00:37
2810,52%,4754/15989MB,48%,64,13d7h,2026-04-20 16:05:37
2811,52%,5237/15989MB,48%,66,13d7h,2026-04-20 16:10:37
2812,52%,5286/15989MB,48%,64,13d8h,2026-04-20 16:15:37
2813,52%,4738/15989MB,48%,64,13d8h,2026-04-20 16:20:37
2814,52%,5091/15989MB,48%,64,13d8h,2026-04-20 16:25:37
2815,52%,5280/15989MB,48%,64,13d8h,2026-04-20 16:30:37
2816,52%,4814/15989MB,48%,64,13d8h,2026-04-20 16:35:37
2817,52%,5115/15989MB,48%,64,13d8h,2026-04-20 16:40:37
2818,52%,5283/15989MB,48%,64,13d8h,2026-04-20 16:45:37
2819,52%,5264/15989MB,48%,64,13d8h,2026-04-20 16:50:37
2820,52%,5246/15989MB,48%,64,13d8h,2026-04-20 16:55:37
2821,52%,4742/15989MB,48%,64,13d8h,2026-04-20 17:00:37
2822,52%,4979/15989MB,48%,64,13d8h,2026-04-20 17:05:37
2823,52%,5013/15989MB,48%,64,13d8h,2026-04-20 17:10:37
2824,52%,4938/15989MB,48%,66,13d9h,2026-04-20 17:15:45
2825,52%,5115/15989MB,48%,64,13d9h,2026-04-20 17:20:45
2826,52%,5272/15989MB,48%,64,13d9h,2026-04-20 17:25:45
2827,52%,5045/15989MB,48%,64,13d9h,2026-04-20 17:30:45
2828,52%,5275/15989MB,48%,64,13d9h,2026-04-20 17:35:45
2829,52%,5264/15989MB,48%,64,13d9h,2026-04-20 17:40:45
2830,52%,4742/15989MB,48%,64,13d9h,2026-04-20 17:45:45
2831,52%,5337/15989MB,48%,64,13d9h,2026-04-20 17:50:45
2832,52%,4726/15989MB,48%,64,13d9h,2026-04-20 17:55:45
2833,52%,5246/15989MB,48%,64,13d9h,2026-04-20 18:00:48
2834,52%,5246/15989MB,48%,64,13d9h,2026-04-20 18:05:45
2835,52%,4859/15989MB,48%,66,13d9h,2026-04-20 18:10:47
2836,52%,5187/15989MB,48%,64,13d10h,2026-04-20 18:15:45
2837,52%,5270/15989MB,48%,64,13d10h,2026-04-20 18:20:45
2838,52%,4963/15989MB,48%,64,13d10h,2026-04-20 18:25:45
2839,52%,5104/15989MB,48%,64,13d10h,2026-04-20 18:30:45
2840,52%,5244/15989MB,48%,64,13d10h,2026-04-20 18:35:45
2841,52%,4988/15989MB,48%,64,13d10h,2026-04-20 18:40:45
2842,52%,5022/15989MB,48%,64,13d10h,2026-04-20 18:45:49
2843,52%,4809/15989MB,48%,64,13d10h,2026-04-20 18:50:45
2844,52%,5260/15989MB,48%,64,13d10h,2026-04-20 18:55:45
2845,52%,4743/15989MB,48%,64,13d10h,2026-04-20 19:00:47
2846,52%,4772/15989MB,48%,64,13d10h,2026-04-20 19:05:46
2847,52%,5235/15989MB,48%,64,13d10h,2026-04-20 19:10:45
2848,52%,5352/15989MB,48%,66,13d11h,2026-04-20 19:15:45
2849,52%,4874/15989MB,48%,64,13d11h,2026-04-20 19:20:45
2850,52%,5183/15989MB,48%,64,13d11h,2026-04-20 19:25:45
2851,52%,5271/15989MB,48%,64,13d11h,2026-04-20 19:30:45
2852,52%,4777/15989MB,48%,64,13d11h,2026-04-20 19:35:45
2853,52%,5157/15989MB,48%,64,13d11h,2026-04-20 19:40:45
2854,52%,5255/15989MB,48%,64,13d11h,2026-04-20 19:45:45
2855,52%,4911/15989MB,48%,64,13d11h,2026-04-20 19:50:45
2856,52%,5223/15989MB,48%,64,13d11h,2026-04-20 19:55:45
2857,52%,4752/15989MB,48%,64,13d11h,2026-04-20 20:00:50
2858,52%,4819/15989MB,48%,64,13d11h,2026-04-20 20:05:45
2859,52%,5151/15989MB,48%,64,13d11h,2026-04-20 20:10:45
2860,52%,5261/15989MB,48%,64,13d12h,2026-04-20 20:15:45
2861,52%,5194/15989MB,48%,66,13d12h,2026-04-20 20:20:45
2862,52%,5255/15989MB,48%,64,13d12h,2026-04-20 20:25:45
2863,52%,5269/15989MB,48%,64,13d12h,2026-04-20 20:30:47
2864,52%,5273/15989MB,48%,64,13d12h,2026-04-20 20:35:45
2865,52%,4724/15989MB,48%,64,13d12h,2026-04-20 20:40:45
2866,52%,5249/15989MB,48%,64,13d12h,2026-04-20 20:45:45
2867,52%,5268/15989MB,48%,64,13d12h,2026-04-20 20:50:45
2868,52%,5105/15989MB,48%,64,13d12h,2026-04-20 20:55:45
2869,52%,5412/15989MB,48%,66,13d12h,2026-04-20 21:00:52
2870,52%,5259/15989MB,48%,64,13d12h,2026-04-20 21:05:45
2871,52%,5141/15989MB,48%,64,13d12h,2026-04-20 21:10:45
2872,52%,5238/15989MB,48%,66,13d13h,2026-04-20 21:15:45
2873,52%,4871/15989MB,48%,64,13d13h,2026-04-20 21:20:45
2874,52%,5318/15989MB,48%,64,13d13h,2026-04-20 21:25:45
2875,52%,5284/15989MB,48%,64,13d13h,2026-04-20 21:30:48
2876,52%,5122/15989MB,48%,64,13d13h,2026-04-20 21:35:45
2877,52%,5005/15989MB,48%,65,13d13h,2026-04-20 21:40:45
2878,52%,5270/15989MB,48%,64,13d13h,2026-04-20 21:45:45
2879,51%,5254/15989MB,48%,64,13d13h,2026-04-20 21:50:45
2880,51%,5374/15989MB,48%,66,13d13h,2026-04-20 21:55:45
2881,51%,5273/15989MB,48%,64,13d13h,2026-04-20 22:00:49
2882,51%,5266/15989MB,48%,64,13d13h,2026-04-20 22:05:45
2883,51%,5355/15989MB,48%,64,13d13h,2026-04-20 22:10:45
2884,51%,4752/15989MB,48%,64,13d14h,2026-04-20 22:15:45
2885,51%,5202/15989MB,48%,64,13d14h,2026-04-20 22:20:46
2886,51%,4760/15989MB,48%,64,13d14h,2026-04-20 22:25:45
2887,51%,5284/15989MB,48%,64,13d14h,2026-04-20 22:30:47
2888,51%,4741/15989MB,48%,64,13d14h,2026-04-20 22:35:45
2889,51%,5260/15989MB,48%,64,13d14h,2026-04-20 22:40:45
2890,51%,4871/15989MB,48%,66,13d14h,2026-04-20 22:45:45
2891,51%,5059/15989MB,48%,64,13d14h,2026-04-20 22:50:45
2892,51%,4759/15989MB,48%,64,13d14h,2026-04-20 22:55:45
2893,51%,5167/15989MB,48%,64,13d14h,2026-04-20 23:00:53
2894,51%,5278/15989MB,48%,64,13d14h,2026-04-20 23:05:45
2895,51%,5330/15989MB,48%,66,13d14h,2026-04-20 23:10:45
2896,51%,5289/15989MB,48%,64,13d15h,2026-04-20 23:15:46
2897,51%,5263/15989MB,48%,64,13d15h,2026-04-20 23:20:45
2898,51%,5276/15989MB,48%,64,13d15h,2026-04-20 23:25:45
2899,51%,5329/15989MB,48%,64,13d15h,2026-04-20 23:30:50
2900,51%,5378/15989MB,48%,66,13d15h,2026-04-20 23:35:45
2901,2.72 2.22 1.93,5284/15989MB,48%,64,live,2026-04-20 23:36:58
2902,51%,5297/15989MB,48%,64,13d15h,2026-04-20 23:40:45
2903,51%,5275/15989MB,48%,64,13d15h,2026-04-20 23:45:46
2904,51%,5072/15989MB,48%,64,13d15h,2026-04-20 23:50:45
2905,51%,4771/15989MB,48%,64,13d15h,2026-04-20 23:55:45
2906,51%,5285/15989MB,45%,64,13d15h,2026-04-21 00:00:57
2907,51%,5265/15989MB,45%,64,13d15h,2026-04-21 00:05:45
2908,51%,5306/15989MB,45%,65,13d15h,2026-04-21 00:10:45
2909,51%,5272/15989MB,45%,65,13d16h,2026-04-21 00:15:45
2910,51%,5271/15989MB,45%,64,13d16h,2026-04-21 00:20:45
2911,51%,5263/15989MB,45%,64,13d16h,2026-04-21 00:25:45
2912,51%,5284/15989MB,45%,64,13d16h,2026-04-21 00:30:46
2913,1.37 1.53 1.62,5290/15989MB,45%,64,live,2026-04-21 00:35:43
2914,51%,4767/15989MB,45%,64,13d16h,2026-04-21 00:35:45
2915,51%,5357/15989MB,45%,64,13d16h,2026-04-21 00:40:45
2916,51%,4901/15989MB,45%,66,13d16h,2026-04-21 00:45:45
2917,51%,5155/15989MB,45%,64,13d16h,2026-04-21 00:50:45
2918,51%,4740/15989MB,45%,64,13d16h,2026-04-21 00:55:45
2919,51%,5347/15989MB,45%,64,13d16h,2026-04-21 01:00:47
2920,51%,5277/15989MB,45%,64,13d16h,2026-04-21 01:05:45
2921,51%,5129/15989MB,45%,64,13d16h,2026-04-21 01:10:45
2922,51%,5288/15989MB,45%,64,13d17h,2026-04-21 01:15:45
2923,51%,5397/15989MB,45%,66,13d17h,2026-04-21 01:20:45
2924,51%,4759/15989MB,45%,64,13d17h,2026-04-21 01:25:45
2925,51%,5326/15989MB,45%,64,13d17h,2026-04-21 01:30:45
2926,51%,4869/15989MB,45%,66,13d17h,2026-04-21 01:35:45
2927,51%,5200/15989MB,45%,64,13d17h,2026-04-21 01:40:45
2928,51%,5033/15989MB,45%,64,13d17h,2026-04-21 01:45:45
2929,51%,5258/15989MB,45%,64,13d17h,2026-04-21 01:50:45
2930,51%,5273/15989MB,45%,64,13d17h,2026-04-21 01:55:45
2931,51%,5424/15989MB,45%,66,13d17h,2026-04-21 02:00:48
2932,51%,5282/15989MB,45%,64,13d17h,2026-04-21 02:05:45
2933,51%,5264/15989MB,45%,64,13d17h,2026-04-21 02:10:45
2934,51%,5257/15989MB,45%,64,13d18h,2026-04-21 02:15:45
2935,51%,5281/15989MB,45%,64,13d18h,2026-04-21 02:20:45
2936,51%,5091/15989MB,45%,66,13d18h,2026-04-21 02:25:45
2937,51%,5080/15989MB,45%,64,13d18h,2026-04-21 02:30:45
2938,51%,4740/15989MB,45%,64,13d18h,2026-04-21 02:35:44
2939,51%,5290/15989MB,45%,64,13d18h,2026-04-21 02:40:45
2940,1.81 1.91 1.88,5209/15989MB,45%,64,live,2026-04-21 02:45:13
2941,51%,5295/15989MB,45%,64,13d18h,2026-04-21 02:45:44
2942,51%,5311/15989MB,45%,64,13d18h,2026-04-21 02:50:45
2943,51%,5276/15989MB,45%,64,13d18h,2026-04-21 02:55:45
2944,51%,5279/15989MB,45%,64,13d18h,2026-04-21 03:00:46
2945,51%,5271/15989MB,45%,64,13d18h,2026-04-21 03:05:45
2946,2.63 1.80 1.77,5324/15989MB,45%,64,live,2026-04-21 03:10:10
2947,51%,5233/15989MB,45%,64,13d18h,2026-04-21 03:10:45
2948,1.89 1.95 1.85,5271/15989MB,45%,66,live,2026-04-21 03:15:18
2949,51%,5306/15989MB,45%,64,13d19h,2026-04-21 03:15:45
2950,2.05 1.77 1.77,4764/15989MB,45%,64,live,2026-04-21 03:20:13
2951,51%,5093/15989MB,45%,65,13d19h,2026-04-21 03:20:48
2952,1.48 1.83 1.84,5292/15989MB,45%,64,live,2026-04-21 03:25:21
2953,51%,5286/15989MB,45%,64,13d19h,2026-04-21 03:25:45
2954,1.72 1.74 1.79,4792/15989MB,45%,64,live,2026-04-21 03:30:25
2955,51%,5040/15989MB,45%,64,13d19h,2026-04-21 03:30:45
2956,1.94 1.66 1.73,5283/15989MB,45%,64,live,2026-04-21 03:35:19
2957,51%,5292/15989MB,45%,64,13d19h,2026-04-21 03:35:45
2958,1.04 1.50 1.68,4775/15989MB,45%,64,live,2026-04-21 03:40:14
2959,51%,5378/15989MB,45%,66,13d19h,2026-04-21 03:40:45
2960,1.78 1.70 1.72,4790/15989MB,45%,64,live,2026-04-21 03:45:41
2961,51%,4796/15989MB,45%,64,13d19h,2026-04-21 03:45:45
2962,1.35 1.47 1.62,5016/15989MB,45%,64,live,2026-04-21 03:50:18
2963,51%,5272/15989MB,45%,64,13d19h,2026-04-21 03:50:45
2964,1.74 1.91 1.80,5380/15989MB,45%,66,live,2026-04-21 03:55:15
2965,51%,5099/15989MB,45%,66,13d19h,2026-04-21 03:55:45
2966,51%,5117/15989MB,45%,64,13d19h,2026-04-21 04:00:45
2967,1.67 1.88 1.84,5286/15989MB,45%,64,live,2026-04-21 04:01:00
2968,1.60 1.68 1.77,5314/15989MB,45%,64,live,2026-04-21 04:05:13
2969,51%,4775/15989MB,45%,64,13d19h,2026-04-21 04:05:45
2970,1.31 1.60 1.71,4804/15989MB,45%,64,live,2026-04-21 04:10:20
2971,51%,5099/15989MB,45%,64,13d19h,2026-04-21 04:10:45
2972,1.45 1.54 1.65,5303/15989MB,45%,64,live,2026-04-21 04:15:15
2973,51%,5290/15989MB,45%,64,13d20h,2026-04-21 04:15:45
2974,51%,5134/15989MB,45%,64,13d20h,2026-04-21 04:20:45
2975,2.63 2.01 1.77,5158/15989MB,45%,64,live,2026-04-21 04:25:13
2976,51%,5290/15989MB,45%,64,13d20h,2026-04-21 04:25:45
2977,1.26 1.67 1.69,4875/15989MB,45%,64,live,2026-04-21 04:30:28
2978,51%,5125/15989MB,45%,64,13d20h,2026-04-21 04:30:45
2979,1.54 1.47 1.59,5065/15989MB,45%,66,live,2026-04-21 04:35:11
2980,51%,5321/15989MB,45%,66,13d20h,2026-04-21 04:35:45
2981,1.11 1.33 1.51,5279/15989MB,45%,64,live,2026-04-21 04:40:16
2982,51%,5153/15989MB,45%,64,13d20h,2026-04-21 04:40:45
2983,0.97 1.22 1.41,5173/15989MB,45%,64,live,2026-04-21 04:45:20
2984,51%,5396/15989MB,45%,66,13d20h,2026-04-21 04:45:53
2985,2.31 1.82 1.60,5231/15989MB,45%,66,live,2026-04-21 04:50:16
2986,51%,5233/15989MB,45%,66,13d20h,2026-04-21 04:50:53
2987,51%,5197/15989MB,45%,64,13d20h,2026-04-21 04:55:52
2988,51%,5049/15989MB,45%,64,13d20h,2026-04-21 05:01:08
2989,51%,5075/15989MB,45%,64,13d20h,2026-04-21 05:05:52
2990,51%,5295/15989MB,45%,64,13d20h,2026-04-21 05:10:54
2991,51%,5024/15989MB,45%,64,13d21h,2026-04-21 05:15:54
2992,51%,5295/15989MB,45%,64,13d21h,2026-04-21 05:20:55
2993,51%,4758/15989MB,45%,64,13d21h,2026-04-21 05:25:52
2994,51%,5150/15989MB,45%,64,13d21h,2026-04-21 05:31:02
2995,51%,5132/15989MB,45%,64,13d21h,2026-04-21 05:35:52
2996,51%,4883/15989MB,45%,66,13d21h,2026-04-21 05:40:55
2997,51%,5088/15989MB,45%,64,13d21h,2026-04-21 05:45:54
2998,51%,5130/15989MB,45%,64,13d21h,2026-04-21 05:50:56
2999,51%,5291/15989MB,45%,63,13d21h,2026-04-21 05:55:54
3000,51%,5282/15989MB,45%,64,13d21h,2026-04-21 06:01:09
3001,51%,5097/15989MB,45%,64,13d21h,2026-04-21 06:05:54
3002,51%,5274/15989MB,45%,64,13d21h,2026-04-21 06:10:56
3003,51%,5314/15989MB,45%,64,13d22h,2026-04-21 06:15:54
3004,51%,5129/15989MB,45%,64,13d22h,2026-04-21 06:20:55
3005,51%,4766/15989MB,45%,64,13d22h,2026-04-21 06:25:54
3006,51%,5353/15989MB,45%,64,13d22h,2026-04-21 06:31:06
3007,51%,5251/15989MB,45%,64,13d22h,2026-04-21 06:35:54
3008,51%,5276/15989MB,45%,64,13d22h,2026-04-21 06:40:58
3009,51%,4769/15989MB,45%,64,13d22h,2026-04-21 06:45:57
3010,51%,5324/15989MB,45%,64,13d22h,2026-04-21 06:51:01
3011,51%,5293/15989MB,45%,64,13d22h,2026-04-21 06:55:53
3012,51%,4996/15989MB,45%,64,13d22h,2026-04-21 07:01:15
3013,51%,4758/15989MB,45%,64,13d22h,2026-04-21 07:05:54
3014,51%,5268/15989MB,45%,64,13d22h,2026-04-21 07:10:57
3015,51%,5274/15989MB,45%,66,13d23h,2026-04-21 07:15:58
3016,51%,5272/15989MB,45%,64,13d23h,2026-04-21 07:20:59
3017,51%,5256/15989MB,45%,64,13d23h,2026-04-21 07:25:56
3018,51%,4912/15989MB,45%,64,13d23h,2026-04-21 07:31:08
3019,51%,4875/15989MB,45%,64,13d23h,2026-04-21 07:35:57
3020,51%,5100/15989MB,45%,64,13d23h,2026-04-21 07:41:01
3021,51%,5217/15989MB,45%,64,13d23h,2026-04-21 07:45:56
3022,51%,5281/15989MB,45%,64,13d23h,2026-04-21 07:51:02
3023,51%,5291/15989MB,45%,64,13d23h,2026-04-21 07:55:56
3024,51%,5020/15989MB,45%,64,13d23h,2026-04-21 08:01:14
3025,51%,4763/15989MB,45%,64,13d23h,2026-04-21 08:05:58
3026,51%,5190/15989MB,45%,66,13d23h,2026-04-21 08:11:02
3027,51%,5340/15989MB,45%,64,14d0h,2026-04-21 08:16:00
3028,51%,5217/15989MB,45%,64,14d0h,2026-04-21 08:20:56
3029,51%,5238/15989MB,45%,64,14d0h,2026-04-21 08:25:55
3030,51%,5050/15989MB,45%,64,14d0h,2026-04-21 08:31:09
3031,51%,5235/15989MB,45%,64,14d0h,2026-04-21 08:35:55
3032,51%,5281/15989MB,45%,64,14d0h,2026-04-21 08:40:57
3033,51%,5274/15989MB,45%,64,14d0h,2026-04-21 08:45:57
3034,51%,5027/15989MB,45%,64,14d0h,2026-04-21 08:50:56
3035,51%,5168/15989MB,45%,64,14d0h,2026-04-21 08:55:53
3036,51%,4769/15989MB,45%,64,14d0h,2026-04-21 09:01:17
3037,51%,5278/15989MB,45%,64,14d0h,2026-04-21 09:05:54
3038,51%,4756/15989MB,45%,64,14d0h,2026-04-21 09:10:58
3039,51%,4955/15989MB,45%,66,14d1h,2026-04-21 09:15:57
3040,51%,4973/15989MB,45%,64,14d1h,2026-04-21 09:20:57
3041,51%,5000/15989MB,45%,64,14d1h,2026-04-21 09:25:54
3042,51%,5389/15989MB,45%,66,14d1h,2026-04-21 09:31:05
3043,51%,5129/15989MB,45%,64,14d1h,2026-04-21 09:35:53
3044,51%,5067/15989MB,45%,64,14d1h,2026-04-21 09:40:56
3045,51%,5149/15989MB,45%,64,14d1h,2026-04-21 09:45:56
3046,51%,5246/15989MB,45%,64,14d1h,2026-04-21 09:50:54
3047,51%,5245/15989MB,45%,64,14d1h,2026-04-21 09:55:54
3048,51%,5300/15989MB,45%,64,14d1h,2026-04-21 10:01:04
3049,51%,5279/15989MB,46%,64,14d1h,2026-04-21 10:05:53
3050,51%,4766/15989MB,46%,64,14d1h,2026-04-21 10:10:56
3051,51%,4861/15989MB,46%,64,14d2h,2026-04-21 10:15:57
3052,51%,5290/15989MB,46%,64,14d2h,2026-04-21 10:20:55
3053,51%,5103/15989MB,46%,64,14d2h,2026-04-21 10:25:52
3054,51%,5334/15989MB,46%,66,14d2h,2026-04-21 10:30:59
3055,51%,5084/15989MB,46%,64,14d2h,2026-04-21 10:35:52
3056,51%,5276/15989MB,46%,64,14d2h,2026-04-21 10:40:54
3057,51%,4748/15989MB,45%,64,14d2h,2026-04-21 10:45:54
3058,51%,5244/15989MB,45%,64,14d2h,2026-04-21 10:50:54
3059,51%,5114/15989MB,45%,65,14d2h,2026-04-21 10:55:58
3060,51%,4768/15989MB,45%,64,14d2h,2026-04-21 11:01:08
3061,51%,4764/15989MB,45%,64,14d2h,2026-04-21 11:05:55
3062,51%,5144/15989MB,45%,64,14d2h,2026-04-21 11:10:54
3063,51%,5026/15989MB,45%,64,14d3h,2026-04-21 11:15:53
3064,51%,5285/15989MB,45%,64,14d3h,2026-04-21 11:20:55
3065,51%,4768/15989MB,45%,64,14d3h,2026-04-21 11:25:52
3066,51%,5022/15989MB,45%,64,14d3h,2026-04-21 11:30:54
3067,51%,5390/15989MB,45%,66,14d3h,2026-04-21 11:35:52
3068,51%,5218/15989MB,45%,64,14d3h,2026-04-21 11:40:53
3069,51%,4855/15989MB,45%,64,14d3h,2026-04-21 11:45:52
3070,51%,5106/15989MB,45%,64,14d3h,2026-04-21 11:50:53
3071,51%,5248/15989MB,45%,64,14d3h,2026-04-21 11:55:52
3072,51%,4763/15989MB,45%,64,14d3h,2026-04-21 12:01:03
3073,51%,5280/15989MB,45%,64,14d3h,2026-04-21 12:05:52
3074,51%,4900/15989MB,45%,64,14d3h,2026-04-21 12:10:52
3075,51%,5276/15989MB,45%,64,14d4h,2026-04-21 12:15:53
3076,51%,5277/15989MB,45%,64,14d4h,2026-04-21 12:20:52
3077,51%,4740/15989MB,45%,64,14d4h,2026-04-21 12:25:52
3078,51%,5266/15989MB,46%,66,14d4h,2026-04-21 12:30:54
3079,51%,5207/15989MB,46%,64,14d4h,2026-04-21 12:35:52
3080,51%,4758/15989MB,46%,64,14d4h,2026-04-21 12:40:52
3081,51%,5309/15989MB,46%,64,14d4h,2026-04-21 12:45:52
3082,51%,5249/15989MB,46%,64,14d4h,2026-04-21 12:50:52
3083,51%,5271/15989MB,46%,64,14d4h,2026-04-21 12:55:52
3084,51%,5022/15989MB,46%,64,14d4h,2026-04-21 13:00:55
3085,51%,5263/15989MB,46%,64,14d4h,2026-04-21 13:05:52
3086,51%,5281/15989MB,46%,64,14d4h,2026-04-21 13:10:52
3087,51%,4830/15989MB,46%,64,14d5h,2026-04-21 13:15:52
3088,51%,5026/15989MB,46%,64,14d5h,2026-04-21 13:20:52
3089,51%,5266/15989MB,46%,64,14d5h,2026-04-21 13:25:52
3090,51%,4921/15989MB,46%,64,14d5h,2026-04-21 13:30:52
3091,51%,5254/15989MB,46%,66,14d5h,2026-04-21 13:35:52
3092,51%,5283/15989MB,46%,64,14d5h,2026-04-21 13:40:52
3093,51%,4759/15989MB,46%,64,14d5h,2026-04-21 13:45:52
3094,51%,4988/15989MB,46%,64,14d5h,2026-04-21 13:50:52
3095,51%,5299/15989MB,46%,64,14d5h,2026-04-21 13:55:52
3096,51%,5303/15989MB,46%,64,14d5h,2026-04-21 14:00:54
3097,51%,4774/15989MB,46%,64,14d5h,2026-04-21 14:05:52
3098,51%,5025/15989MB,46%,64,14d5h,2026-04-21 14:10:52
3099,51%,5295/15989MB,46%,64,14d6h,2026-04-21 14:15:52
3100,51%,5313/15989MB,46%,64,14d6h,2026-04-21 14:20:52
3101,51%,5237/15989MB,46%,64,14d6h,2026-04-21 14:25:52
3102,51%,5153/15989MB,46%,64,14d6h,2026-04-21 14:30:52
3103,51%,5277/15989MB,46%,64,14d6h,2026-04-21 14:35:52
3104,51%,4885/15989MB,46%,66,14d6h,2026-04-21 14:40:52
3105,51%,5030/15989MB,46%,64,14d6h,2026-04-21 14:45:52
3106,51%,5225/15989MB,46%,64,14d6h,2026-04-21 14:50:52
3107,51%,4752/15989MB,46%,64,14d6h,2026-04-21 14:55:52
3108,51%,5278/15989MB,46%,64,14d6h,2026-04-21 15:00:52
3109,51%,5174/15989MB,45%,66,14d6h,2026-04-21 15:05:52
3110,51%,4755/15989MB,45%,64,14d6h,2026-04-21 15:10:52
3111,51%,5218/15989MB,45%,64,14d7h,2026-04-21 15:15:52
3112,51%,5444/15989MB,45%,66,14d7h,2026-04-21 15:20:52
3113,51%,5279/15989MB,45%,64,14d7h,2026-04-21 15:25:52
3114,51%,5058/15989MB,45%,64,14d7h,2026-04-21 15:30:52
3115,51%,5090/15989MB,45%,64,14d7h,2026-04-21 15:35:52
3116,51%,5279/15989MB,45%,64,14d7h,2026-04-21 15:40:52
3117,51%,4877/15989MB,45%,66,14d7h,2026-04-21 15:45:54
3118,51%,4806/15989MB,45%,64,14d7h,2026-04-21 15:50:52
3119,51%,5169/15989MB,46%,64,14d7h,2026-04-21 15:55:52
3120,51%,5339/15989MB,46%,64,14d7h,2026-04-21 16:00:52
3121,51%,5249/15989MB,46%,64,14d7h,2026-04-21 16:05:52
3122,51%,5273/15989MB,46%,64,14d7h,2026-04-21 16:10:52
3123,51%,4764/15989MB,46%,64,14d8h,2026-04-21 16:15:52
3124,51%,5111/15989MB,46%,64,14d8h,2026-04-21 16:20:53
3125,51%,5079/15989MB,46%,64,14d8h,2026-04-21 16:25:52
3126,51%,5293/15989MB,46%,64,14d8h,2026-04-21 16:30:52
3127,51%,4766/15989MB,46%,64,14d8h,2026-04-21 16:35:52
3128,51%,5280/15989MB,46%,64,14d8h,2026-04-21 16:40:46
3129,51%,5293/15989MB,46%,64,14d8h,2026-04-21 16:40:52
3130,51%,5176/15989MB,46%,64,14d8h,2026-04-21 16:45:45
3131,51%,4874/15989MB,46%,66,14d8h,2026-04-21 16:50:45
3132,51%,5304/15989MB,46%,64,14d8h,2026-04-21 16:55:46
3133,51%,5358/15989MB,46%,64,14d8h,2026-04-21 17:00:46
3134,1.96 2.13 1.87,5286/15989MB,46%,64,live,2026-04-21 17:03:09
3135,51%,5346/15989MB,46%,64,14d8h,2026-04-21 17:05:45
3136,51%,5284/15989MB,46%,64,14d8h,2026-04-21 17:10:45
3137,51%,4799/15989MB,46%,64,14d9h,2026-04-21 17:15:46
3138,51%,5015/15989MB,46%,64,14d9h,2026-04-21 17:20:45
3139,51%,5306/15989MB,46%,64,14d9h,2026-04-21 17:25:45
3140,51%,5357/15989MB,46%,64,14d9h,2026-04-21 17:30:46
3141,51%,5127/15989MB,46%,64,14d9h,2026-04-21 17:35:45
3142,50%,5403/15989MB,46%,66,14d9h,2026-04-21 17:40:45
3143,50%,4905/15989MB,46%,64,14d9h,2026-04-21 17:45:45
3144,1.83 1.95 1.88,5232/15989MB,46%,64,live,2026-04-21 17:46:10
3145,50%,5187/15989MB,46%,64,14d9h,2026-04-21 17:50:45
3146,50%,5029/15989MB,46%,64,14d9h,2026-04-21 17:55:45
3147,50%,5281/15989MB,46%,64,14d9h,2026-04-21 18:00:46
3148,2.22 1.78 1.73,5378/15989MB,46%,64,live,2026-04-21 18:02:50
3149,50%,5313/15989MB,46%,64,14d9h,2026-04-21 18:05:45
3150,50%,4809/15989MB,46%,64,14d9h,2026-04-21 18:10:45
3151,50%,5080/15989MB,46%,64,14d10h,2026-04-21 18:15:45
3152,50%,5235/15989MB,46%,64,14d10h,2026-04-21 18:20:45
3153,50%,5309/15989MB,46%,64,14d10h,2026-04-21 18:25:45
3154,1.51 1.61 1.70,5383/15989MB,46%,64,live,2026-04-21 18:27:00
3155,50%,5348/15989MB,46%,66,14d10h,2026-04-21 18:30:46
3156,50%,5317/15989MB,46%,64,14d10h,2026-04-21 18:35:45
3157,50%,4795/15989MB,46%,64,14d10h,2026-04-21 18:40:45
3158,50%,5334/15989MB,46%,64,14d10h,2026-04-21 18:45:45
3159,50%,5276/15989MB,46%,64,14d10h,2026-04-21 18:50:45
3160,50%,5289/15989MB,46%,64,14d10h,2026-04-21 18:55:45
3161,50%,4992/15989MB,46%,64,14d10h,2026-04-21 19:00:46
3162,50%,5097/15989MB,46%,64,14d10h,2026-04-21 19:05:45
3163,50%,5266/15989MB,46%,64,14d10h,2026-04-21 19:10:45
3164,50%,5111/15989MB,46%,64,14d11h,2026-04-21 19:15:45
3165,50%,5291/15989MB,46%,64,14d11h,2026-04-21 19:20:45
3166,50%,5288/15989MB,46%,64,14d11h,2026-04-21 19:25:45
3167,50%,5013/15989MB,46%,64,14d11h,2026-04-21 19:30:45
3168,50%,5175/15989MB,45%,64,14d11h,2026-04-21 19:35:45
3169,50%,5430/15989MB,46%,66,14d11h,2026-04-21 19:40:45
3170,50%,4771/15989MB,46%,64,14d11h,2026-04-21 19:45:45
3171,50%,5297/15989MB,46%,64,14d11h,2026-04-21 19:50:45
3172,50%,5204/15989MB,46%,64,14d11h,2026-04-21 19:55:45
3173,50%,5284/15989MB,46%,64,14d11h,2026-04-21 20:00:46
3174,50%,5288/15989MB,46%,64,14d11h,2026-04-21 20:05:45
3175,50%,5181/15989MB,46%,64,14d11h,2026-04-21 20:10:45
3176,50%,5331/15989MB,46%,64,14d12h,2026-04-21 20:15:45
3177,50%,5295/15989MB,46%,64,14d12h,2026-04-21 20:20:45
3178,50%,4774/15989MB,46%,64,14d12h,2026-04-21 20:25:45
3179,50%,5211/15989MB,46%,64,14d12h,2026-04-21 20:30:46
3180,50%,5315/15989MB,46%,64,14d12h,2026-04-21 20:35:45
3181,50%,5369/15989MB,46%,66,14d12h,2026-04-21 20:40:45
3182,50%,4785/15989MB,46%,64,14d12h,2026-04-21 20:45:45
3183,50%,5218/15989MB,46%,64,14d12h,2026-04-21 20:50:45
3184,50%,5297/15989MB,46%,64,14d12h,2026-04-21 20:55:45
3185,50%,5337/15989MB,46%,64,14d12h,2026-04-21 21:00:46
3186,50%,4896/15989MB,46%,66,14d12h,2026-04-21 21:05:45
3187,50%,4999/15989MB,46%,64,14d12h,2026-04-21 21:10:45
3188,50%,5171/15989MB,46%,64,14d13h,2026-04-21 21:15:45
3189,50%,5314/15989MB,46%,64,14d13h,2026-04-21 21:20:45
3190,50%,4912/15989MB,46%,64,14d13h,2026-04-21 21:25:45
3191,50%,5300/15989MB,46%,64,14d13h,2026-04-21 21:30:45
3192,1.62 1.67 1.74,5307/15989MB,46%,64,live,2026-04-21 21:32:58
3193,50%,5278/15989MB,46%,64,14d13h,2026-04-21 21:35:45
3194,50%,5230/15989MB,46%,66,14d13h,2026-04-21 21:40:45
3195,50%,5150/15989MB,46%,64,14d13h,2026-04-21 21:45:45
3196,50%,5301/15989MB,46%,64,14d13h,2026-04-21 21:50:45
3197,50%,5301/15989MB,46%,64,14d13h,2026-04-21 21:55:45
3198,50%,5080/15989MB,46%,64,14d13h,2026-04-21 22:00:46
3199,50%,5295/15989MB,46%,64,14d13h,2026-04-21 22:05:45
3200,50%,5131/15989MB,46%,64,14d13h,2026-04-21 22:10:45
3201,50%,5100/15989MB,46%,64,14d14h,2026-04-21 22:15:45
3202,50%,5286/15989MB,46%,64,14d14h,2026-04-21 22:20:45
3203,50%,4780/15989MB,46%,64,14d14h,2026-04-21 22:25:45
3204,1.21 1.55 1.68,5027/15989MB,46%,64,live,2026-04-21 22:25:52
3205,50%,5248/15989MB,46%,64,14d14h,2026-04-21 22:30:45
3206,50%,5290/15989MB,46%,64,14d14h,2026-04-21 22:35:45
3207,50%,4911/15989MB,46%,64,14d14h,2026-04-21 22:40:45
3208,50%,5175/15989MB,46%,64,14d14h,2026-04-21 22:45:45
3209,50%,5281/15989MB,46%,64,14d14h,2026-04-21 22:50:45
3210,50%,4774/15989MB,46%,64,14d14h,2026-04-21 22:55:45
3211,50%,5392/15989MB,46%,66,14d14h,2026-04-21 23:00:45
3212,50%,5407/15989MB,46%,64,14d14h,2026-04-21 23:05:45
3213,50%,5142/15989MB,46%,64,14d14h,2026-04-21 23:10:45
3214,50%,5310/15989MB,46%,64,14d15h,2026-04-21 23:15:45
3215,50%,4789/15989MB,46%,64,14d15h,2026-04-21 23:20:45
3216,50%,5304/15989MB,46%,66,14d15h,2026-04-21 23:25:45
3217,50%,5316/15989MB,46%,64,14d15h,2026-04-21 23:30:45
3218,50%,5315/15989MB,46%,64,14d15h,2026-04-21 23:35:45
3219,50%,4890/15989MB,46%,64,14d15h,2026-04-21 23:40:45
3220,50%,5337/15989MB,46%,64,14d15h,2026-04-21 23:45:45
3221,1.31 1.59 1.67,5407/15989MB,46%,64,live,2026-04-21 23:45:58
3222,50%,5318/15989MB,46%,64,14d15h,2026-04-21 23:50:45
3223,50%,4802/15989MB,46%,64,14d15h,2026-04-21 23:55:45
3224,50%,5357/15989MB,45%,64,14d15h,2026-04-22 00:00:46
3225,50%,5252/15989MB,45%,64,14d15h,2026-04-22 00:05:45
3226,50%,5406/15989MB,45%,67,14d15h,2026-04-22 00:10:46
3227,50%,4803/15989MB,45%,65,14d16h,2026-04-22 00:15:45
3228,50%,5279/15989MB,45%,65,14d16h,2026-04-22 00:20:45
3229,50%,5206/15989MB,45%,65,14d16h,2026-04-22 00:25:45
3230,50%,4824/15989MB,45%,65,14d16h,2026-04-22 00:30:46
3231,50%,5267/15989MB,45%,66,14d16h,2026-04-22 00:35:45
3232,50%,5143/15989MB,45%,64,14d16h,2026-04-22 00:40:45
3233,50%,4762/15989MB,45%,64,14d16h,2026-04-22 00:45:45
3234,50%,5157/15989MB,45%,64,14d16h,2026-04-22 00:50:45
3235,50%,5265/15989MB,45%,64,14d16h,2026-04-22 00:55:45
3236,50%,4790/15989MB,45%,64,14d16h,2026-04-22 01:00:45
3237,50%,4858/15989MB,45%,64,14d16h,2026-04-22 01:05:47
3238,50%,5260/15989MB,45%,64,14d16h,2026-04-22 01:10:45
3239,50%,5362/15989MB,45%,64,14d17h,2026-04-22 01:15:45
3240,50%,5334/15989MB,45%,64,14d17h,2026-04-22 01:20:45
3241,50%,4969/15989MB,45%,64,14d17h,2026-04-22 01:25:45
3242,50%,5321/15989MB,45%,64,14d17h,2026-04-22 01:30:45
3243,50%,5257/15989MB,45%,64,14d17h,2026-04-22 01:35:45
3244,50%,4780/15989MB,45%,64,14d17h,2026-04-22 01:40:45
3245,50%,5208/15989MB,45%,66,14d17h,2026-04-22 01:45:45
3246,50%,5119/15989MB,45%,64,14d17h,2026-04-22 01:50:45
3247,50%,5296/15989MB,45%,64,14d17h,2026-04-22 01:55:45
3248,50%,4784/15989MB,45%,64,14d17h,2026-04-22 02:00:45
3249,50%,4779/15989MB,45%,64,14d17h,2026-04-22 02:05:45
3250,50%,5111/15989MB,45%,66,14d17h,2026-04-22 02:10:45
3251,50%,5134/15989MB,45%,64,14d18h,2026-04-22 02:15:45
3252,50%,5046/15989MB,45%,64,14d18h,2026-04-22 02:20:45
3253,50%,5300/15989MB,45%,64,14d18h,2026-04-22 02:25:45
3254,50%,5289/15989MB,45%,64,14d18h,2026-04-22 02:30:45
3255,50%,4811/15989MB,45%,64,14d18h,2026-04-22 02:35:45
3256,50%,5208/15989MB,45%,64,14d18h,2026-04-22 02:40:45
3257,50%,5325/15989MB,45%,64,14d18h,2026-04-22 02:45:45
3258,1.43 1.66 1.78,5263/15989MB,45%,64,live,2026-04-22 02:46:06
3259,1.75 1.75 1.79,5128/15989MB,45%,64,live,2026-04-22 02:50:12
3260,50%,5324/15989MB,45%,64,14d18h,2026-04-22 02:50:45
3261,1.80 1.81 1.80,5338/15989MB,45%,64,live,2026-04-22 02:55:03
3262,50%,4797/15989MB,45%,64,14d18h,2026-04-22 02:55:45
3263,1.65 1.92 1.87,4820/15989MB,46%,64,live,2026-04-22 03:00:17
3264,50%,5267/15989MB,46%,64,14d18h,2026-04-22 03:00:45
3265,50%,5262/15989MB,46%,64,14d18h,2026-04-22 03:05:45
3266,50%,5140/15989MB,46%,64,14d18h,2026-04-22 03:10:45
3267,50%,4797/15989MB,46%,64,14d19h,2026-04-22 03:15:45
3268,1.72 1.70 1.92,5332/15989MB,46%,64,live,2026-04-22 03:20:08
3269,50%,5302/15989MB,46%,64,14d19h,2026-04-22 03:20:45
3270,1.50 1.68 1.86,5314/15989MB,46%,64,live,2026-04-22 03:25:03
3271,50%,5121/15989MB,46%,64,14d19h,2026-04-22 03:25:45
3272,2.18 1.99 1.94,5313/15989MB,46%,64,live,2026-04-22 03:30:15
3273,50%,5316/15989MB,45%,64,14d19h,2026-04-22 03:30:45
3274,2.34 1.92 1.90,5150/15989MB,45%,64,live,2026-04-22 03:35:14
3275,50%,4791/15989MB,45%,64,14d19h,2026-04-22 03:35:45
3276,2.54 2.15 1.99,4799/15989MB,45%,64,live,2026-04-22 03:40:17
3277,50%,5152/15989MB,45%,64,14d19h,2026-04-22 03:40:45
3278,1.74 1.91 1.94,5346/15989MB,45%,64,live,2026-04-22 03:45:23
3279,50%,5304/15989MB,45%,64,14d19h,2026-04-22 03:45:46
3280,1.58 1.60 1.79,5437/15989MB,45%,66,live,2026-04-22 03:50:13
3281,50%,5128/15989MB,45%,64,14d19h,2026-04-22 03:50:45
3282,2.85 1.94 1.84,5031/15989MB,45%,64,live,2026-04-22 03:55:14
3283,50%,5368/15989MB,45%,64,14d19h,2026-04-22 03:55:45
3284,50%,5318/15989MB,45%,64,14d19h,2026-04-22 04:00:45
3285,1.86 1.84 1.83,5140/15989MB,45%,66,live,2026-04-22 04:01:02
3286,1.79 1.85 1.84,5190/15989MB,45%,64,live,2026-04-22 04:05:11
3287,50%,4890/15989MB,45%,64,14d19h,2026-04-22 04:05:56
3288,2.24 1.99 1.89,5327/15989MB,46%,64,live,2026-04-22 04:10:23
3289,50%,5165/15989MB,46%,64,14d19h,2026-04-22 04:10:45
3290,3.18 2.30 2.02,5354/15989MB,46%,66,live,2026-04-22 04:15:30
3291,50%,5466/15989MB,46%,66,14d20h,2026-04-22 04:15:45
3292,50%,5293/15989MB,46%,64,14d20h,2026-04-22 04:20:55
3293,1.17 1.75 1.90,5324/15989MB,46%,64,live,2026-04-22 04:25:13
3294,50%,4820/15989MB,46%,64,14d20h,2026-04-22 04:25:53
3295,2.02 1.83 1.88,5313/15989MB,46%,64,live,2026-04-22 04:30:24
3296,50%,5174/15989MB,46%,64,14d20h,2026-04-22 04:30:59
3297,1.91 1.70 1.80,5323/15989MB,46%,64,live,2026-04-22 04:35:17
3298,50%,5302/15989MB,46%,64,14d20h,2026-04-22 04:35:54
3299,1.45 1.87 1.88,4779/15989MB,46%,64,live,2026-04-22 04:40:18
3300,50%,5243/15989MB,46%,64,14d20h,2026-04-22 04:40:54
3301,1.69 1.96 1.94,5144/15989MB,46%,64,live,2026-04-22 04:45:22
3302,50%,5315/15989MB,46%,64,14d20h,2026-04-22 04:45:55
3303,2.48 1.90 1.89,5125/15989MB,46%,64,live,2026-04-22 04:50:19
3304,50%,4800/15989MB,46%,64,14d20h,2026-04-22 04:50:54
3305,2.66 1.90 1.86,5323/15989MB,46%,64,live,2026-04-22 04:55:14
3306,50%,5093/15989MB,46%,64,14d20h,2026-04-22 04:55:53
3307,50%,5313/15989MB,46%,64,14d20h,2026-04-22 05:01:00
3308,50%,5159/15989MB,46%,64,14d20h,2026-04-22 05:05:53
3309,50%,5294/15989MB,46%,63,14d20h,2026-04-22 05:10:56
3310,50%,5040/15989MB,46%,64,14d21h,2026-04-22 05:15:56
3311,50%,5278/15989MB,46%,64,14d21h,2026-04-22 05:20:55
3312,50%,5213/15989MB,46%,64,14d21h,2026-04-22 05:25:53
3313,50%,4817/15989MB,46%,64,14d21h,2026-04-22 05:30:58
3314,50%,4845/15989MB,46%,64,14d21h,2026-04-22 05:35:55
3315,50%,5115/15989MB,46%,64,14d21h,2026-04-22 05:40:56
3316,50%,5274/15989MB,46%,64,14d21h,2026-04-22 05:45:58
3317,50%,5387/15989MB,46%,66,14d21h,2026-04-22 05:50:58
3318,50%,4816/15989MB,46%,64,14d21h,2026-04-22 05:55:55
3319,50%,5308/15989MB,46%,64,14d21h,2026-04-22 06:01:16
3320,50%,5305/15989MB,46%,64,14d21h,2026-04-22 06:05:54
3321,50%,5281/15989MB,46%,64,14d21h,2026-04-22 06:10:56
3322,50%,5297/15989MB,46%,64,14d22h,2026-04-22 06:15:56
3323,50%,4784/15989MB,46%,64,14d22h,2026-04-22 06:20:56
3324,50%,5002/15989MB,46%,64,14d22h,2026-04-22 06:25:57
3325,50%,5227/15989MB,46%,64,14d22h,2026-04-22 06:31:04
3326,50%,5175/15989MB,46%,64,14d22h,2026-04-22 06:35:56
3327,50%,5278/15989MB,46%,64,14d22h,2026-04-22 06:40:56
3328,50%,5411/15989MB,46%,66,14d22h,2026-04-22 06:45:57
3329,50%,5291/15989MB,46%,64,14d22h,2026-04-22 06:50:55
3330,50%,4801/15989MB,46%,64,14d22h,2026-04-22 06:55:56
3331,50%,5058/15989MB,46%,64,14d22h,2026-04-22 07:01:02
3332,50%,4791/15989MB,46%,64,14d22h,2026-04-22 07:05:55
3333,50%,5314/15989MB,46%,64,14d22h,2026-04-22 07:10:58
3334,50%,5325/15989MB,46%,64,14d23h,2026-04-22 07:15:59
3335,50%,5301/15989MB,46%,64,14d23h,2026-04-22 07:20:59
3336,50%,5306/15989MB,46%,64,14d23h,2026-04-22 07:25:56
3337,50%,5036/15989MB,46%,64,14d23h,2026-04-22 07:31:04
3338,50%,5316/15989MB,46%,66,14d23h,2026-04-22 07:35:56
3339,50%,5211/15989MB,46%,64,14d23h,2026-04-22 07:40:59
3340,50%,5062/15989MB,46%,64,14d23h,2026-04-22 07:45:56
3341,50%,5431/15989MB,46%,66,14d23h,2026-04-22 07:50:58
3342,50%,5293/15989MB,46%,64,14d23h,2026-04-22 07:55:55
3343,50%,5203/15989MB,46%,64,14d23h,2026-04-22 08:01:21
3344,50%,4797/15989MB,46%,64,14d23h,2026-04-22 08:05:58
3345,50%,4792/15989MB,46%,64,14d23h,2026-04-22 08:10:56
3346,50%,4891/15989MB,46%,64,15d0h,2026-04-22 08:15:57
3347,50%,5327/15989MB,46%,64,15d0h,2026-04-22 08:21:03
3348,50%,5257/15989MB,46%,64,15d0h,2026-04-22 08:25:57
3349,50%,5444/15989MB,46%,66,15d0h,2026-04-22 08:31:00
3350,50%,5249/15989MB,46%,64,15d0h,2026-04-22 08:35:56
3351,50%,5198/15989MB,46%,64,15d0h,2026-04-22 08:40:56
3352,50%,5412/15989MB,46%,66,15d0h,2026-04-22 08:45:58
3353,50%,5308/15989MB,46%,64,15d0h,2026-04-22 08:50:59
3354,50%,4787/15989MB,46%,64,15d0h,2026-04-22 08:55:57
3355,50%,5275/15989MB,46%,64,15d0h,2026-04-22 09:01:10
3356,50%,4928/15989MB,46%,64,15d0h,2026-04-22 09:05:55
3357,50%,5205/15989MB,46%,64,15d0h,2026-04-22 09:11:02
3358,50%,5322/15989MB,46%,64,15d1h,2026-04-22 09:16:01
3359,50%,4779/15989MB,46%,64,15d1h,2026-04-22 09:20:56
3360,50%,5117/15989MB,46%,64,15d1h,2026-04-22 09:25:54
3361,50%,5345/15989MB,46%,64,15d1h,2026-04-22 09:31:06
3362,50%,5319/15989MB,46%,64,15d1h,2026-04-22 09:35:55
3363,50%,5354/15989MB,46%,64,15d1h,2026-04-22 09:40:58
3364,50%,5339/15989MB,46%,64,15d1h,2026-04-22 09:45:56
3365,50%,5281/15989MB,46%,64,15d1h,2026-04-22 09:50:57
3366,50%,5314/15989MB,46%,64,15d1h,2026-04-22 09:55:54
3367,50%,5120/15989MB,46%,64,15d1h,2026-04-22 10:01:12
3368,50%,4789/15989MB,46%,64,15d1h,2026-04-22 10:05:55
3369,50%,4907/15989MB,46%,64,15d1h,2026-04-22 10:10:56
3370,50%,5086/15989MB,46%,64,15d2h,2026-04-22 10:15:55
3371,50%,5102/15989MB,46%,64,15d2h,2026-04-22 10:20:56
3372,50%,5182/15989MB,46%,64,15d2h,2026-04-22 10:25:54
3373,50%,5390/15989MB,46%,66,15d2h,2026-04-22 10:31:02
3374,50%,5203/15989MB,46%,64,15d2h,2026-04-22 10:35:53
3375,50%,5306/15989MB,46%,64,15d2h,2026-04-22 10:40:55
3376,50%,5323/15989MB,46%,64,15d2h,2026-04-22 10:45:54
3377,50%,4780/15989MB,46%,64,15d2h,2026-04-22 10:50:54
3378,50%,5319/15989MB,46%,64,15d2h,2026-04-22 10:55:53
3379,50%,5308/15989MB,46%,64,15d2h,2026-04-22 11:00:59
3380,50%,5193/15989MB,46%,64,15d2h,2026-04-22 11:05:54
3381,50%,5153/15989MB,46%,64,15d2h,2026-04-22 11:10:53
3382,50%,5265/15989MB,46%,64,15d3h,2026-04-22 11:15:53
3383,50%,5289/15989MB,46%,64,15d3h,2026-04-22 11:20:53
3384,50%,5313/15989MB,46%,64,15d3h,2026-04-22 11:25:53
3385,50%,5266/15989MB,46%,64,15d3h,2026-04-22 11:30:56
3386,50%,5412/15989MB,46%,66,15d3h,2026-04-22 11:35:53
3387,50%,5314/15989MB,46%,64,15d3h,2026-04-22 11:41:02
3388,50%,5316/15989MB,46%,64,15d3h,2026-04-22 11:45:53
3389,50%,4902/15989MB,46%,66,15d3h,2026-04-22 11:50:53
3390,50%,4820/15989MB,46%,64,15d3h,2026-04-22 11:55:53
3391,50%,5299/15989MB,46%,64,15d3h,2026-04-22 12:00:57
3392,50%,5293/15989MB,46%,64,15d3h,2026-04-22 12:05:53
3393,50%,5268/15989MB,46%,64,15d3h,2026-04-22 12:10:53
3394,50%,5303/15989MB,46%,64,15d4h,2026-04-22 12:15:54
3395,50%,5146/15989MB,46%,64,15d4h,2026-04-22 12:20:53
3396,50%,5314/15989MB,46%,64,15d4h,2026-04-22 12:25:53
3397,50%,4868/15989MB,46%,66,15d4h,2026-04-22 12:30:57
3398,50%,5318/15989MB,46%,64,15d4h,2026-04-22 12:35:53
3399,50%,5078/15989MB,46%,64,15d4h,2026-04-22 12:40:53
3400,50%,5432/15989MB,46%,66,15d4h,2026-04-22 12:45:53
3401,50%,5283/15989MB,46%,64,15d4h,2026-04-22 12:50:53
3402,50%,5293/15989MB,46%,64,15d4h,2026-04-22 12:55:53
3403,50%,4900/15989MB,46%,64,15d4h,2026-04-22 13:00:55
3404,50%,4959/15989MB,46%,64,15d4h,2026-04-22 13:05:53
3405,50%,5350/15989MB,46%,64,15d4h,2026-04-22 13:10:53
3406,50%,5310/15989MB,46%,64,15d5h,2026-04-22 13:15:53
3407,50%,5309/15989MB,46%,64,15d5h,2026-04-22 13:20:53
3408,50%,5304/15989MB,46%,64,15d5h,2026-04-22 13:25:53
3409,50%,5305/15989MB,46%,64,15d5h,2026-04-22 13:30:53
3410,50%,5398/15989MB,46%,66,15d5h,2026-04-22 13:35:53
3411,50%,4912/15989MB,46%,64,15d5h,2026-04-22 13:40:53
3412,50%,5031/15989MB,46%,64,15d5h,2026-04-22 13:45:53
3413,50%,5141/15989MB,46%,66,15d5h,2026-04-22 13:50:53
3414,50%,5163/15989MB,46%,64,15d5h,2026-04-22 13:55:53
3415,50%,5272/15989MB,46%,64,15d5h,2026-04-22 14:00:55
3416,50%,5237/15989MB,46%,64,15d5h,2026-04-22 14:05:53
3417,50%,5182/15989MB,46%,64,15d5h,2026-04-22 14:10:53
3418,50%,5314/15989MB,46%,64,15d6h,2026-04-22 14:15:53
3419,50%,4800/15989MB,46%,64,15d6h,2026-04-22 14:20:53
3420,50%,5045/15989MB,46%,64,15d6h,2026-04-22 14:25:53
3421,50%,5250/15989MB,46%,66,15d6h,2026-04-22 14:30:53
3422,50%,5163/15989MB,46%,64,15d6h,2026-04-22 14:35:53
3423,50%,5300/15989MB,46%,64,15d6h,2026-04-22 14:40:53
3424,50%,5191/15989MB,46%,64,15d6h,2026-04-22 14:45:53
3425,50%,5312/15989MB,46%,64,15d6h,2026-04-22 14:50:53
3426,50%,5330/15989MB,46%,64,15d6h,2026-04-22 14:55:53
3427,50%,5310/15989MB,46%,64,15d6h,2026-04-22 15:00:53
3428,50%,5420/15989MB,46%,66,15d6h,2026-04-22 15:05:52
3429,50%,4815/15989MB,46%,64,15d6h,2026-04-22 15:10:53
3430,50%,4989/15989MB,46%,64,15d7h,2026-04-22 15:15:53
3431,50%,5482/15989MB,46%,66,15d7h,2026-04-22 15:20:53
3432,50%,5234/15989MB,46%,64,15d7h,2026-04-22 15:25:53
3433,50%,5298/15989MB,46%,64,15d7h,2026-04-22 15:30:54
3434,50%,5318/15989MB,46%,64,15d7h,2026-04-22 15:35:53
3435,50%,4945/15989MB,46%,64,15d7h,2026-04-22 15:40:53
3436,50%,5413/15989MB,46%,66,15d7h,2026-04-22 15:45:53
3437,50%,5244/15989MB,46%,64,15d7h,2026-04-22 15:50:53
3438,1.36 1.72 1.75,5323/15989MB,46%,64,live,2026-04-22 15:55:45
3439,50%,5338/15989MB,46%,64,15d7h,2026-04-22 15:55:53
3440,50%,4815/15989MB,46%,64,15d7h,2026-04-22 16:00:53
3441,50%,5323/15989MB,46%,64,15d7h,2026-04-22 16:05:53
3442,50%,4796/15989MB,46%,64,15d7h,2026-04-22 16:10:53
3443,50%,5256/15989MB,46%,64,15d8h,2026-04-22 16:15:53
3444,50%,5412/15989MB,46%,66,15d8h,2026-04-22 16:20:53
3445,50%,5316/15989MB,46%,64,15d8h,2026-04-22 16:25:53
3446,1.66 1.57 1.78,5311/15989MB,46%,64,live,2026-04-22 16:25:57
3447,50%,5325/15989MB,46%,64,15d8h,2026-04-22 16:30:53
3448,1.32 1.41 1.64,5323/15989MB,46%,64,live,2026-04-22 16:31:55
3449,50%,4953/15989MB,46%,64,15d8h,2026-04-22 16:35:53
3450,50%,4791/15989MB,46%,64,15d8h,2026-04-22 16:40:20
3451,50%,5202/15989MB,46%,66,15d8h,2026-04-22 16:45:20
3452,50%,5370/15989MB,46%,64,15d8h,2026-04-22 16:50:20
3453,50%,5348/15989MB,46%,64,15d8h,2026-04-22 16:55:20
3454,50%,5335/15989MB,46%,64,15d8h,2026-04-22 17:00:20
3455,50%,5310/15989MB,46%,64,15d8h,2026-04-22 17:05:20
3456,50%,4802/15989MB,46%,64,15d8h,2026-04-22 17:10:20
3457,50%,5141/15989MB,46%,64,15d9h,2026-04-22 17:15:20
3458,50%,5336/15989MB,46%,64,15d9h,2026-04-22 17:20:20
3459,50%,5210/15989MB,46%,64,15d9h,2026-04-22 17:25:20
3460,50%,5298/15989MB,46%,64,15d9h,2026-04-22 17:30:20
3461,50%,5337/15989MB,46%,64,15d9h,2026-04-22 17:35:20
3462,50%,5315/15989MB,46%,64,15d9h,2026-04-22 17:40:20
3463,50%,5051/15989MB,46%,64,15d9h,2026-04-22 17:45:20
3464,1.69 1.72 1.79,4937/15989MB,46%,64,live,2026-04-22 17:46:26
3465,50%,5350/15989MB,46%,64,15d9h,2026-04-22 17:50:20
3466,50%,5431/15989MB,46%,66,15d9h,2026-04-22 17:55:20
3467,50%,4932/15989MB,46%,64,15d9h,2026-04-22 18:00:20
3468,50%,4796/15989MB,46%,64,15d9h,2026-04-22 18:05:20
3469,50%,5336/15989MB,46%,64,15d9h,2026-04-22 18:10:20
3470,50%,5304/15989MB,46%,64,15d10h,2026-04-22 18:15:20
3471,50%,5244/15989MB,46%,64,15d10h,2026-04-22 18:20:21
3472,49%,5297/15989MB,46%,64,15d10h,2026-04-22 18:25:20
3473,49%,5223/15989MB,46%,64,15d10h,2026-04-22 18:30:20
3474,49%,5298/15989MB,46%,64,15d10h,2026-04-22 18:35:20
3475,49%,5325/15989MB,46%,64,15d10h,2026-04-22 18:40:20
3476,49%,5280/15989MB,46%,64,15d10h,2026-04-22 18:45:20
3477,1.32 1.69 1.79,5166/15989MB,46%,64,live,2026-04-22 18:45:36
3478,49%,5323/15989MB,46%,64,15d10h,2026-04-22 18:50:20
3479,49%,5320/15989MB,46%,64,15d10h,2026-04-22 18:55:21
3480,49%,4881/15989MB,46%,64,15d10h,2026-04-22 19:00:26
3481,49%,4810/15989MB,46%,64,15d10h,2026-04-22 19:05:24
3482,49%,4807/15989MB,46%,64,15d10h,2026-04-22 19:10:25
3483,49%,4798/15989MB,46%,64,15d11h,2026-04-22 19:15:25
3484,49%,5054/15989MB,46%,66,15d11h,2026-04-22 19:20:25
3485,49%,5277/15989MB,46%,64,15d11h,2026-04-22 19:25:24
3486,49%,5097/15989MB,46%,64,15d11h,2026-04-22 19:30:24
3487,49%,5191/15989MB,46%,64,15d11h,2026-04-22 19:35:24
3488,49%,5195/15989MB,46%,64,15d11h,2026-04-22 19:40:25
3489,1.87 1.76 1.83,5327/15989MB,46%,64,live,2026-04-22 19:45:26
3490,49%,5354/15989MB,46%,64,15d11h,2026-04-22 19:45:26
3491,49%,4807/15989MB,46%,64,15d11h,2026-04-22 19:50:25
3492,49%,4806/15989MB,46%,64,15d11h,2026-04-22 19:55:23
3493,49%,5035/15989MB,46%,64,15d11h,2026-04-22 20:00:28
3494,49%,4944/15989MB,46%,64,15d11h,2026-04-22 20:05:24
3495,49%,5129/15989MB,46%,64,15d11h,2026-04-22 20:10:24
3496,49%,5102/15989MB,46%,64,15d12h,2026-04-22 20:15:25
3497,49%,5086/15989MB,46%,64,15d12h,2026-04-22 20:20:24
3498,49%,5302/15989MB,46%,64,15d12h,2026-04-22 20:25:23
3499,49%,5326/15989MB,46%,64,15d12h,2026-04-22 20:30:24
3500,49%,4813/15989MB,46%,64,15d12h,2026-04-22 20:35:24
3501,49%,5049/15989MB,46%,64,15d12h,2026-04-22 20:40:23
3502,1.98 2.01 1.99,5294/15989MB,46%,66,live,2026-04-22 20:45:23
3503,49%,5448/15989MB,46%,66,15d12h,2026-04-22 20:45:23
3504,49%,5331/15989MB,46%,64,15d12h,2026-04-22 20:50:23
3505,49%,5282/15989MB,46%,66,15d12h,2026-04-22 20:55:24
3506,49%,5330/15989MB,46%,64,15d12h,2026-04-22 21:00:23
3507,49%,4823/15989MB,46%,64,15d12h,2026-04-22 21:05:25
3508,49%,5315/15989MB,46%,64,15d12h,2026-04-22 21:10:25
3509,49%,5331/15989MB,46%,64,15d13h,2026-04-22 21:15:23
3510,2.22 1.66 1.68,5076/15989MB,46%,65,live,2026-04-22 21:15:56
3511,49%,5086/15989MB,46%,66,15d13h,2026-04-22 21:20:24
3512,49%,5097/15989MB,46%,64,15d13h,2026-04-22 21:25:23
3513,49%,5053/15989MB,46%,64,15d13h,2026-04-22 21:30:25
3514,49%,5403/15989MB,46%,64,15d13h,2026-04-22 21:35:23
3515,49%,4999/15989MB,46%,64,15d13h,2026-04-22 21:40:24
3516,49%,5465/15989MB,46%,66,15d13h,2026-04-22 21:45:23
3517,49%,5338/15989MB,46%,64,15d13h,2026-04-22 21:50:24
3518,49%,5427/15989MB,46%,66,15d13h,2026-04-22 21:55:24
3519,49%,5358/15989MB,46%,64,15d13h,2026-04-22 22:00:23
3520,49%,5313/15989MB,46%,64,15d13h,2026-04-22 22:05:24
3521,49%,5308/15989MB,46%,64,15d13h,2026-04-22 22:10:25
3522,49%,5341/15989MB,46%,64,15d14h,2026-04-22 22:15:24
3523,49%,5323/15989MB,46%,64,15d14h,2026-04-22 22:20:25
3524,49%,5338/15989MB,46%,64,15d14h,2026-04-22 22:25:24
3525,49%,5363/15989MB,46%,66,15d14h,2026-04-22 22:30:24
3526,49%,4835/15989MB,46%,64,15d14h,2026-04-22 22:35:24
3527,49%,5253/15989MB,46%,66,15d14h,2026-04-22 22:40:25
3528,49%,4832/15989MB,46%,64,15d14h,2026-04-22 22:45:24
3529,49%,5131/15989MB,46%,64,15d14h,2026-04-22 22:50:23
3530,49%,5260/15989MB,46%,64,15d14h,2026-04-22 22:55:23
3531,49%,5366/15989MB,46%,64,15d14h,2026-04-22 23:00:24
3532,49%,5019/15989MB,46%,66,15d14h,2026-04-22 23:05:23
3533,49%,5223/15989MB,46%,64,15d14h,2026-04-22 23:10:25
3534,49%,5347/15989MB,46%,64,15d15h,2026-04-22 23:15:23
3535,49%,5303/15989MB,46%,64,15d15h,2026-04-22 23:20:23
3536,49%,5349/15989MB,46%,64,15d15h,2026-04-22 23:25:23
3537,1.55 1.51 1.59,4849/15989MB,46%,64,live,2026-04-22 23:25:36
3538,49%,5470/15989MB,46%,66,15d15h,2026-04-22 23:30:24
3539,49%,5356/15989MB,46%,64,15d15h,2026-04-22 23:35:24
3540,49%,5270/15989MB,46%,66,15d15h,2026-04-22 23:40:24
3541,49%,5361/15989MB,46%,64,15d15h,2026-04-22 23:45:24
3542,49%,5252/15989MB,46%,64,15d15h,2026-04-22 23:50:23
3543,49%,5347/15989MB,46%,64,15d15h,2026-04-22 23:55:23
3544,49%,5417/15989MB,46%,64,15d15h,2026-04-23 00:00:25
3545,49%,5279/15989MB,45%,66,15d15h,2026-04-23 00:05:23
3546,49%,5356/15989MB,45%,65,15d15h,2026-04-23 00:10:25
3547,49%,5377/15989MB,45%,65,15d16h,2026-04-23 00:15:23
3548,49%,5373/15989MB,45%,64,15d16h,2026-04-23 00:20:24
3549,49%,5273/15989MB,45%,64,15d16h,2026-04-23 00:25:24
3550,49%,5360/15989MB,45%,64,15d16h,2026-04-23 00:30:29
3551,49%,5197/15989MB,45%,64,15d16h,2026-04-23 00:35:23
3552,49%,5360/15989MB,45%,64,15d16h,2026-04-23 00:40:24
3553,49%,5386/15989MB,45%,64,15d16h,2026-04-23 00:45:25
3554,49%,5351/15989MB,45%,64,15d16h,2026-04-23 00:50:23
3555,49%,5369/15989MB,45%,64,15d16h,2026-04-23 00:55:24
3556,49%,5370/15989MB,46%,66,15d16h,2026-04-23 01:00:24
3557,49%,4833/15989MB,45%,64,15d16h,2026-04-23 01:05:23
3558,49%,5365/15989MB,46%,66,15d16h,2026-04-23 01:10:23
3559,49%,5354/15989MB,46%,64,15d17h,2026-04-23 01:15:24
3560,49%,4940/15989MB,46%,64,15d17h,2026-04-23 01:20:23
3561,49%,5434/15989MB,46%,66,15d17h,2026-04-23 01:25:23
3562,49%,4785/15989MB,46%,64,15d17h,2026-04-23 01:30:23
3563,49%,5405/15989MB,46%,64,15d17h,2026-04-23 01:35:25
3564,49%,5317/15989MB,46%,64,15d17h,2026-04-23 01:40:23
3565,49%,5114/15989MB,46%,64,15d17h,2026-04-23 01:45:23
3566,49%,5293/15989MB,46%,64,15d17h,2026-04-23 01:50:23
3567,49%,4818/15989MB,46%,64,15d17h,2026-04-23 01:55:23
3568,49%,5302/15989MB,46%,64,15d17h,2026-04-23 02:00:24
3569,49%,5327/15989MB,46%,64,15d17h,2026-04-23 02:05:24
3570,49%,5078/15989MB,46%,64,15d17h,2026-04-23 02:10:24
3571,49%,5322/15989MB,46%,64,15d18h,2026-04-23 02:15:23
3572,49%,5107/15989MB,46%,64,15d18h,2026-04-23 02:20:24
3573,49%,5302/15989MB,46%,64,15d18h,2026-04-23 02:25:24
3574,49%,5340/15989MB,46%,64,15d18h,2026-04-23 02:30:24
3575,49%,5306/15989MB,46%,64,15d18h,2026-04-23 02:35:24
3576,49%,5277/15989MB,46%,64,15d18h,2026-04-23 02:40:23
3577,49%,5321/15989MB,46%,64,15d18h,2026-04-23 02:45:24
3578,1.92 1.73 1.70,4900/15989MB,46%,66,live,2026-04-23 02:50:08
3579,49%,5464/15989MB,46%,66,15d18h,2026-04-23 02:50:23
3580,2.04 1.83 1.74,5330/15989MB,46%,64,live,2026-04-23 02:55:04
3581,49%,5333/15989MB,46%,64,15d18h,2026-04-23 02:55:25
3582,1.83 1.75 1.72,5274/15989MB,46%,66,live,2026-04-23 03:00:23
3583,49%,5472/15989MB,46%,66,15d18h,2026-04-23 03:00:24
3584,49%,5099/15989MB,46%,64,15d18h,2026-04-23 03:05:23
3585,49%,4867/15989MB,46%,64,15d18h,2026-04-23 03:10:24
3586,49%,5222/15989MB,46%,64,15d19h,2026-04-23 03:15:24
3587,49%,4925/15989MB,46%,64,15d19h,2026-04-23 03:20:26
3588,49%,5340/15989MB,46%,65,15d19h,2026-04-23 03:25:23
3589,49%,4790/15989MB,46%,64,15d19h,2026-04-23 03:30:24
3590,1.66 2.10 2.02,5214/15989MB,46%,64,live,2026-04-23 03:35:18
3591,49%,5291/15989MB,46%,64,15d19h,2026-04-23 03:35:25
3592,1.61 1.75 1.88,5409/15989MB,46%,66,live,2026-04-23 03:40:18
3593,49%,5419/15989MB,46%,66,15d19h,2026-04-23 03:40:25
3594,1.49 1.70 1.83,4915/15989MB,46%,64,live,2026-04-23 03:45:07
3595,49%,5306/15989MB,46%,64,15d19h,2026-04-23 03:45:23
3596,3.12 2.14 1.94,5323/15989MB,46%,64,live,2026-04-23 03:50:15
3597,49%,5318/15989MB,46%,64,15d19h,2026-04-23 03:50:24
3598,1.25 1.71 1.83,4975/15989MB,46%,64,live,2026-04-23 03:55:09
3599,49%,5108/15989MB,46%,64,15d19h,2026-04-23 03:55:23
3600,49%,4846/15989MB,46%,64,15d19h,2026-04-23 04:00:24
3601,1.93 1.81 1.84,5447/15989MB,46%,66,live,2026-04-23 04:01:01
3602,2.35 2.02 1.91,5213/15989MB,46%,64,live,2026-04-23 04:05:18
3603,49%,5151/15989MB,46%,64,15d19h,2026-04-23 04:05:23
3604,1.29 1.57 1.75,5318/15989MB,46%,64,live,2026-04-23 04:10:21
3605,49%,5319/15989MB,46%,64,15d19h,2026-04-23 04:10:23
3606,1.77 1.50 1.66,4798/15989MB,46%,64,live,2026-04-23 04:15:20
3607,49%,4941/15989MB,46%,65,15d20h,2026-04-23 04:15:24
3608,2.06 1.81 1.75,5331/15989MB,46%,64,live,2026-04-23 04:20:11
3609,49%,5272/15989MB,46%,0,15d20h,2026-04-23 04:20:28
3610,2.25 1.91 1.81,4788/15989MB,46%,64,live,2026-04-23 04:25:13
3611,49%,4833/15989MB,46%,64,15d20h,2026-04-23 04:25:24
3612,49%,5166/15989MB,46%,64,15d20h,2026-04-23 04:30:22
3613,2.50 1.96 1.84,5242/15989MB,46%,65,live,2026-04-23 04:30:35
3614,2.13 1.88 1.83,5306/15989MB,46%,64,live,2026-04-23 04:35:13
3615,49%,5329/15989MB,46%,64,15d20h,2026-04-23 04:35:15
3616,1.94 1.79 1.79,4777/15989MB,46%,64,live,2026-04-23 04:40:14
3617,49%,4805/15989MB,46%,64,15d20h,2026-04-23 04:40:16
3618,49%,5407/15989MB,46%,66,15d20h,2026-04-23 04:45:16
3619,1.83 1.81 1.80,5402/15989MB,46%,66,live,2026-04-23 04:45:28
3620,2.05 1.72 1.75,4788/15989MB,46%,64,live,2026-04-23 04:50:15
3621,49%,4794/15989MB,46%,64,15d20h,2026-04-23 04:50:17
3622,1.41 1.56 1.68,5075/15989MB,46%,64,live,2026-04-23 04:55:12
3623,49%,5130/15989MB,46%,64,15d20h,2026-04-23 04:55:16
3624,49%,4950/15989MB,46%,66,15d20h,2026-04-23 05:00:25
3625,49%,4769/15989MB,46%,64,15d20h,2026-04-23 05:05:15
3626,49%,5091/15989MB,46%,64,15d20h,2026-04-23 05:10:17
3627,49%,5293/15989MB,46%,64,15d21h,2026-04-23 05:15:16
3628,49%,5104/15989MB,46%,64,15d21h,2026-04-23 05:20:17
3629,49%,5252/15989MB,46%,64,15d21h,2026-04-23 05:25:15
3630,49%,4997/15989MB,46%,64,15d21h,2026-04-23 05:30:17
3631,49%,5294/15989MB,46%,64,15d21h,2026-04-23 05:35:15
3632,49%,4878/15989MB,46%,66,15d21h,2026-04-23 05:40:17
3633,49%,5253/15989MB,46%,64,15d21h,2026-04-23 05:45:19
3634,49%,5246/15989MB,46%,64,15d21h,2026-04-23 05:50:18
3635,49%,4773/15989MB,46%,64,15d21h,2026-04-23 05:55:15
3636,49%,5191/15989MB,46%,64,15d21h,2026-04-23 06:00:21
3637,49%,5028/15989MB,46%,64,15d21h,2026-04-23 06:05:16
3638,49%,4748/15989MB,46%,64,15d21h,2026-04-23 06:10:18
3639,49%,5273/15989MB,46%,64,15d22h,2026-04-23 06:15:18
3640,49%,5417/15989MB,46%,66,15d22h,2026-04-23 06:20:17
3641,49%,5024/15989MB,46%,64,15d22h,2026-04-23 06:25:15
3642,49%,5271/15989MB,46%,64,15d22h,2026-04-23 06:30:20
3643,49%,5368/15989MB,46%,66,15d22h,2026-04-23 06:35:16
3644,49%,4751/15989MB,46%,64,15d22h,2026-04-23 06:40:19
3645,49%,5270/15989MB,46%,64,15d22h,2026-04-23 06:45:18
3646,49%,5277/15989MB,46%,64,15d22h,2026-04-23 06:50:17
3647,49%,4776/15989MB,46%,64,15d22h,2026-04-23 06:55:15
3648,49%,5261/15989MB,46%,64,15d22h,2026-04-23 07:00:33
3649,49%,5269/15989MB,46%,64,15d22h,2026-04-23 07:05:16
3650,49%,4971/15989MB,46%,64,15d22h,2026-04-23 07:10:19
3651,49%,5336/15989MB,46%,66,15d23h,2026-04-23 07:15:20
3652,49%,4757/15989MB,46%,64,15d23h,2026-04-23 07:20:17
3653,49%,5272/15989MB,46%,64,15d23h,2026-04-23 07:25:16
3654,49%,5373/15989MB,46%,66,15d23h,2026-04-23 07:30:27
3655,49%,4801/15989MB,46%,64,15d23h,2026-04-23 07:35:17
3656,49%,5254/15989MB,46%,64,15d23h,2026-04-23 07:40:19
3657,49%,5264/15989MB,46%,64,15d23h,2026-04-23 07:45:21
3658,49%,4733/15989MB,46%,64,15d23h,2026-04-23 07:50:19
3659,49%,5048/15989MB,46%,64,15d23h,2026-04-23 07:55:18
3660,49%,4938/15989MB,46%,64,15d23h,2026-04-23 08:00:37
3661,49%,4739/15989MB,46%,64,15d23h,2026-04-23 08:05:16
3662,49%,5300/15989MB,46%,64,15d23h,2026-04-23 08:10:17
3663,49%,5252/15989MB,46%,64,16d0h,2026-04-23 08:15:21
3664,49%,4892/15989MB,46%,66,16d0h,2026-04-23 08:20:19
3665,49%,5281/15989MB,46%,64,16d0h,2026-04-23 08:25:17
3666,49%,5261/15989MB,46%,64,16d0h,2026-04-23 08:30:21
3667,49%,4873/15989MB,46%,66,16d0h,2026-04-23 08:35:16
3668,49%,5021/15989MB,46%,64,16d0h,2026-04-23 08:40:18
3669,49%,5297/15989MB,46%,64,16d0h,2026-04-23 08:45:17
3670,49%,5269/15989MB,46%,64,16d0h,2026-04-23 08:50:16
3671,49%,4996/15989MB,46%,64,16d0h,2026-04-23 08:55:16
3672,49%,5288/15989MB,46%,64,16d0h,2026-04-23 09:00:39
3673,49%,5267/15989MB,46%,64,16d0h,2026-04-23 09:05:16
3674,49%,4754/15989MB,46%,64,16d0h,2026-04-23 09:10:18
3675,49%,5331/15989MB,46%,66,16d1h,2026-04-23 09:15:16
3676,49%,5288/15989MB,46%,64,16d1h,2026-04-23 09:20:19
3677,49%,4756/15989MB,46%,64,16d1h,2026-04-23 09:25:15
3678,49%,5384/15989MB,46%,66,16d1h,2026-04-23 09:30:21
3679,49%,5343/15989MB,46%,64,16d1h,2026-04-23 09:35:15
3680,49%,5272/15989MB,46%,64,16d1h,2026-04-23 09:40:18
3681,49%,4831/15989MB,46%,64,16d1h,2026-04-23 09:45:18
3682,49%,5204/15989MB,46%,64,16d1h,2026-04-23 09:50:17
3683,49%,5216/15989MB,46%,64,16d1h,2026-04-23 09:55:15
3684,49%,5279/15989MB,46%,64,16d1h,2026-04-23 10:00:25
3685,49%,5130/15989MB,46%,64,16d1h,2026-04-23 10:05:15
3686,49%,5273/15989MB,46%,64,16d1h,2026-04-23 10:10:15
3687,49%,4757/15989MB,46%,64,16d2h,2026-04-23 10:15:19
3688,49%,5044/15989MB,46%,64,16d2h,2026-04-23 10:20:18
3689,49%,5201/15989MB,46%,64,16d2h,2026-04-23 10:25:15
3690,49%,5282/15989MB,46%,64,16d2h,2026-04-23 10:30:19
3691,49%,5376/15989MB,46%,66,16d2h,2026-04-23 10:35:15
3692,49%,4867/15989MB,46%,64,16d2h,2026-04-23 10:40:14
3693,49%,5132/15989MB,46%,64,16d2h,2026-04-23 10:45:13
3694,49%,5383/15989MB,46%,66,16d2h,2026-04-23 10:50:13
3695,49%,5005/15989MB,46%,64,16d2h,2026-04-23 10:55:13
3696,49%,5258/15989MB,46%,64,16d2h,2026-04-23 11:00:14
3697,49%,5107/15989MB,46%,64,16d2h,2026-04-23 11:05:13
3698,49%,5271/15989MB,46%,64,16d2h,2026-04-23 11:10:13
3699,49%,4763/15989MB,46%,64,16d3h,2026-04-23 11:15:13
3700,49%,5304/15989MB,46%,64,16d3h,2026-04-23 11:20:13
3701,49%,5276/15989MB,46%,64,16d3h,2026-04-23 11:25:13
3702,49%,4997/15989MB,46%,64,16d3h,2026-04-23 11:30:14
3703,49%,5273/15989MB,46%,64,16d3h,2026-04-23 11:35:13
3704,49%,5254/15989MB,46%,64,16d3h,2026-04-23 11:40:13
3705,49%,4763/15989MB,46%,64,16d3h,2026-04-23 11:45:13
3706,49%,5061/15989MB,46%,64,16d3h,2026-04-23 11:50:13
3707,49%,5254/15989MB,46%,64,16d3h,2026-04-23 11:55:14
3708,49%,5246/15989MB,46%,64,16d3h,2026-04-23 12:00:14
3709,49%,4750/15989MB,46%,64,16d3h,2026-04-23 12:05:13
3710,49%,5052/15989MB,46%,64,16d3h,2026-04-23 12:10:13
3711,49%,5033/15989MB,46%,64,16d4h,2026-04-23 12:15:13
3712,1.78 1.89 1.94,4893/15989MB,46%,66,live,2026-04-23 12:15:46
3713,49%,5278/15989MB,46%,64,16d4h,2026-04-23 12:20:13
3714,49%,4993/15989MB,46%,64,16d4h,2026-04-23 12:25:13
3715,49%,5195/15989MB,46%,64,16d4h,2026-04-23 12:30:14
3716,49%,5291/15989MB,46%,64,16d4h,2026-04-23 12:35:13
3717,49%,5142/15989MB,46%,64,16d4h,2026-04-23 12:40:13
3718,49%,5151/15989MB,46%,66,16d4h,2026-04-23 12:45:13
3719,49%,5281/15989MB,46%,64,16d4h,2026-04-23 12:50:13
3720,49%,4985/15989MB,46%,64,16d4h,2026-04-23 12:55:13
3721,49%,5429/15989MB,46%,66,16d4h,2026-04-23 13:00:14
3722,49%,5260/15989MB,46%,64,16d4h,2026-04-23 13:05:13
3723,49%,5211/15989MB,46%,64,16d4h,2026-04-23 13:10:13
3724,49%,4736/15989MB,46%,64,16d5h,2026-04-23 13:15:43
3725,49%,5258/15989MB,46%,64,16d5h,2026-04-23 13:20:43
3726,49%,5264/15989MB,46%,64,16d5h,2026-04-23 13:25:43
3727,49%,4742/15989MB,46%,64,16d5h,2026-04-23 13:30:43
3728,49%,5283/15989MB,46%,64,16d5h,2026-04-23 13:35:43
3729,49%,5220/15989MB,46%,66,16d5h,2026-04-23 13:40:43
3730,49%,4745/15989MB,46%,64,16d5h,2026-04-23 13:45:43
3731,49%,5064/15989MB,46%,64,16d5h,2026-04-23 13:50:43
3732,49%,5114/15989MB,46%,64,16d5h,2026-04-23 13:55:43
3733,49%,4755/15989MB,46%,64,16d5h,2026-04-23 14:00:43
3734,49%,4906/15989MB,46%,64,16d5h,2026-04-23 14:05:44
3735,49%,5307/15989MB,46%,64,16d5h,2026-04-23 14:10:43
3736,49%,5190/15989MB,46%,64,16d6h,2026-04-23 14:15:43
3737,49%,4754/15989MB,46%,64,16d6h,2026-04-23 14:20:43
3738,49%,5218/15989MB,46%,64,16d6h,2026-04-23 14:25:43
3739,49%,5130/15989MB,46%,64,16d6h,2026-04-23 14:30:43
3740,49%,5398/15989MB,46%,66,16d6h,2026-04-23 14:35:43
3741,49%,4787/15989MB,46%,64,16d6h,2026-04-23 14:40:43
3742,49%,5051/15989MB,46%,64,16d6h,2026-04-23 14:45:43
3743,49%,5457/15989MB,46%,65,16d6h,2026-04-23 14:50:43
3744,49%,5205/15989MB,46%,64,16d6h,2026-04-23 14:55:43
3745,49%,5196/15989MB,46%,64,16d6h,2026-04-23 15:00:43
3746,49%,5218/15989MB,46%,64,16d6h,2026-04-23 15:05:43
3747,49%,5304/15989MB,46%,64,16d6h,2026-04-23 15:10:43
3748,49%,4824/15989MB,46%,64,16d7h,2026-04-23 15:15:43
3749,49%,5260/15989MB,46%,64,16d7h,2026-04-23 15:20:43
3750,49%,5303/15989MB,46%,64,16d7h,2026-04-23 15:25:43
3751,49%,4765/15989MB,46%,64,16d7h,2026-04-23 15:30:43
3752,49%,5313/15989MB,46%,64,16d7h,2026-04-23 15:35:43
3753,49%,5309/15989MB,46%,66,16d7h,2026-04-23 15:40:43
3754,49%,4916/15989MB,46%,64,16d7h,2026-04-23 15:45:43
3755,49%,5100/15989MB,46%,64,16d7h,2026-04-23 15:50:43
3756,49%,5289/15989MB,46%,64,16d7h,2026-04-23 15:55:43
3757,49%,5249/15989MB,46%,64,16d7h,2026-04-23 16:00:43
3758,49%,5135/15989MB,46%,64,16d7h,2026-04-23 16:05:43
3759,49%,5259/15989MB,46%,64,16d7h,2026-04-23 16:10:43
3760,49%,4959/15989MB,46%,64,16d8h,2026-04-23 16:15:43
3761,49%,5259/15989MB,46%,64,16d8h,2026-04-23 16:20:43
3762,49%,4890/15989MB,46%,64,16d8h,2026-04-23 16:25:43
3763,49%,5290/15989MB,46%,64,16d8h,2026-04-23 16:30:44
3764,49%,5374/15989MB,46%,66,16d8h,2026-04-23 16:35:43
3765,49%,5259/15989MB,46%,64,16d8h,2026-04-23 16:40:43
3766,49%,5286/15989MB,46%,64,16d8h,2026-04-23 16:45:43
3767,49%,4866/15989MB,46%,66,16d8h,2026-04-23 16:50:43
3768,49%,5271/15989MB,46%,64,16d8h,2026-04-23 16:55:43
3769,49%,5208/15989MB,46%,64,16d8h,2026-04-23 17:00:43
3770,49%,5255/15989MB,46%,64,16d8h,2026-04-23 17:05:44
3771,49%,4916/15989MB,46%,64,16d8h,2026-04-23 17:10:43
3772,49%,5078/15989MB,46%,64,16d9h,2026-04-23 17:15:43
3773,49%,5268/15989MB,46%,64,16d9h,2026-04-23 17:20:43
3774,49%,5122/15989MB,46%,64,16d9h,2026-04-23 17:25:43
3775,49%,5233/15989MB,46%,66,16d9h,2026-04-23 17:30:43
3776,49%,5261/15989MB,46%,64,16d9h,2026-04-23 17:35:43
3777,49%,4744/15989MB,46%,64,16d9h,2026-04-23 17:40:44
3778,49%,5280/15989MB,46%,64,16d9h,2026-04-23 17:45:43
3779,49%,5266/15989MB,46%,64,16d9h,2026-04-23 17:50:43
3780,49%,5186/15989MB,46%,64,16d9h,2026-04-23 17:55:43
3781,49%,5120/15989MB,46%,64,16d9h,2026-04-23 18:00:43
3782,49%,5275/15989MB,46%,64,16d9h,2026-04-23 18:05:43
3783,49%,4840/15989MB,46%,64,16d9h,2026-04-23 18:10:43
3784,49%,5240/15989MB,46%,64,16d10h,2026-04-23 18:15:44
3785,49%,5256/15989MB,46%,64,16d10h,2026-04-23 18:20:43
3786,49%,5141/15989MB,46%,66,16d10h,2026-04-23 18:25:43
3787,49%,5076/15989MB,46%,64,16d10h,2026-04-23 18:30:43
3788,49%,5250/15989MB,46%,64,16d10h,2026-04-23 18:35:43
3789,49%,5088/15989MB,46%,66,16d10h,2026-04-23 18:40:43
3790,49%,5279/15989MB,46%,64,16d10h,2026-04-23 18:45:43
3791,49%,5285/15989MB,46%,64,16d10h,2026-04-23 18:50:43
3792,49%,4848/15989MB,46%,64,16d10h,2026-04-23 18:55:43
3793,49%,5038/15989MB,46%,64,16d10h,2026-04-23 19:00:43
3794,49%,5251/15989MB,46%,64,16d10h,2026-04-23 19:05:43
3795,49%,5265/15989MB,46%,64,16d10h,2026-04-23 19:10:43
3796,49%,4904/15989MB,46%,64,16d11h,2026-04-23 19:15:43
3797,49%,5242/15989MB,46%,66,16d11h,2026-04-23 19:20:43
3798,49%,5293/15989MB,46%,64,16d11h,2026-04-23 19:25:43
3799,49%,5311/15989MB,46%,64,16d11h,2026-04-23 19:30:43
3800,49%,5273/15989MB,46%,64,16d11h,2026-04-23 19:35:43
3801,49%,4771/15989MB,46%,64,16d11h,2026-04-23 19:40:43
3802,49%,5297/15989MB,46%,65,16d11h,2026-04-23 19:45:43
3803,49%,5286/15989MB,46%,64,16d11h,2026-04-23 19:50:43
3804,49%,5013/15989MB,46%,64,16d11h,2026-04-23 19:55:43
3805,49%,5452/15989MB,46%,66,16d11h,2026-04-23 20:00:45
3806,49%,5289/15989MB,46%,64,16d11h,2026-04-23 20:05:43
3807,49%,4759/15989MB,46%,64,16d11h,2026-04-23 20:10:43
3808,49%,5122/15989MB,46%,64,16d12h,2026-04-23 20:15:43
3809,49%,5329/15989MB,46%,64,16d12h,2026-04-23 20:20:43
3810,49%,5237/15989MB,46%,64,16d12h,2026-04-23 20:25:43
3811,49%,4780/15989MB,46%,64,16d12h,2026-04-23 20:30:43
3812,48%,5110/15989MB,46%,64,16d12h,2026-04-23 20:35:43
3813,48%,5399/15989MB,46%,66,16d12h,2026-04-23 20:40:43
3814,48%,4772/15989MB,46%,64,16d12h,2026-04-23 20:45:43
3815,48%,5086/15989MB,46%,64,16d12h,2026-04-23 20:50:36
3816,48%,5326/15989MB,46%,66,16d12h,2026-04-23 20:55:36
3817,48%,4764/15989MB,46%,64,16d12h,2026-04-23 21:00:36
3818,48%,5253/15989MB,46%,64,16d12h,2026-04-23 21:05:36
3819,48%,5148/15989MB,46%,64,16d12h,2026-04-23 21:10:36
3820,48%,4763/15989MB,46%,64,16d13h,2026-04-23 21:15:36
3821,48%,5255/15989MB,46%,64,16d13h,2026-04-23 21:20:36
3822,48%,5277/15989MB,46%,64,16d13h,2026-04-23 21:25:36
3823,48%,4761/15989MB,46%,64,16d13h,2026-04-23 21:30:36
3824,48%,5378/15989MB,46%,66,16d13h,2026-04-23 21:35:36
3825,48%,5281/15989MB,46%,64,16d13h,2026-04-23 21:40:36
3826,48%,5146/15989MB,46%,64,16d13h,2026-04-23 21:45:36
3827,48%,5218/15989MB,46%,64,16d13h,2026-04-23 21:50:36
3828,48%,4780/15989MB,46%,64,16d13h,2026-04-23 21:55:36
3829,48%,5142/15989MB,46%,64,16d13h,2026-04-23 22:00:36
3830,48%,5272/15989MB,46%,64,16d13h,2026-04-23 22:05:36
3831,48%,4884/15989MB,46%,64,16d13h,2026-04-23 22:10:36
3832,48%,5037/15989MB,46%,64,16d14h,2026-04-23 22:15:36
3833,48%,4770/15989MB,46%,64,16d14h,2026-04-23 22:20:36
3834,48%,5137/15989MB,46%,64,16d14h,2026-04-23 22:25:36
3835,48%,4764/15989MB,46%,64,16d14h,2026-04-23 22:30:36
3836,48%,5154/15989MB,46%,64,16d14h,2026-04-23 22:35:36
3837,48%,5281/15989MB,46%,64,16d14h,2026-04-23 22:40:36
3838,48%,4994/15989MB,46%,64,16d14h,2026-04-23 22:45:36
3839,48%,5167/15989MB,46%,64,16d14h,2026-04-23 22:50:36
3840,48%,4937/15989MB,46%,66,16d14h,2026-04-23 22:55:36
3841,48%,5206/15989MB,46%,64,16d14h,2026-04-23 23:00:36
3842,48%,5274/15989MB,46%,64,16d14h,2026-04-23 23:05:36
3843,48%,4988/15989MB,46%,64,16d14h,2026-04-23 23:10:36
3844,48%,5327/15989MB,46%,64,16d15h,2026-04-23 23:15:36
3845,48%,4777/15989MB,46%,64,16d15h,2026-04-23 23:20:36
3846,48%,5081/15989MB,46%,64,16d15h,2026-04-23 23:25:36
3847,48%,4783/15989MB,46%,64,16d15h,2026-04-23 23:30:36
3848,48%,5381/15989MB,46%,66,16d15h,2026-04-23 23:35:36
3849,48%,5287/15989MB,46%,64,16d15h,2026-04-23 23:40:36
3850,48%,5166/15989MB,46%,64,16d15h,2026-04-23 23:45:36
3851,48%,5401/15989MB,46%,66,16d15h,2026-04-23 23:50:36
3852,48%,5097/15989MB,46%,64,16d15h,2026-04-23 23:55:36
3853,48%,4803/15989MB,46%,64,16d15h,2026-04-24 00:00:40
3854,48%,5170/15989MB,46%,64,16d15h,2026-04-24 00:05:36
3855,48%,5270/15989MB,46%,65,16d15h,2026-04-24 00:10:36
3856,48%,4996/15989MB,46%,65,16d16h,2026-04-24 00:15:36
3857,48%,5189/15989MB,46%,65,16d16h,2026-04-24 00:20:36
3858,48%,5119/15989MB,46%,65,16d16h,2026-04-24 00:25:36
3859,48%,5280/15989MB,46%,65,16d16h,2026-04-24 00:30:38
3860,48%,4758/15989MB,46%,64,16d16h,2026-04-24 00:35:36
3861,48%,5284/15989MB,46%,64,16d16h,2026-04-24 00:40:37
3862,48%,4764/15989MB,46%,64,16d16h,2026-04-24 00:45:36
3863,48%,5154/15989MB,46%,64,16d16h,2026-04-24 00:50:36
3864,48%,5391/15989MB,46%,66,16d16h,2026-04-24 00:55:36
3865,48%,5209/15989MB,46%,64,16d16h,2026-04-24 01:00:43
3866,48%,5135/15989MB,46%,64,16d16h,2026-04-24 01:05:36
3867,48%,4761/15989MB,46%,64,16d16h,2026-04-24 01:10:36
3868,48%,5209/15989MB,46%,64,16d17h,2026-04-24 01:15:37
3869,48%,5229/15989MB,46%,64,16d17h,2026-04-24 01:20:36
3870,48%,5272/15989MB,46%,64,16d17h,2026-04-24 01:25:36
3871,48%,5268/15989MB,46%,64,16d17h,2026-04-24 01:30:41
3872,48%,4883/15989MB,46%,66,16d17h,2026-04-24 01:35:36
3873,48%,5275/15989MB,46%,64,16d17h,2026-04-24 01:40:36
3874,48%,4765/15989MB,46%,64,16d17h,2026-04-24 01:45:37
3875,48%,5324/15989MB,46%,66,16d17h,2026-04-24 01:50:36
3876,48%,5271/15989MB,46%,64,16d17h,2026-04-24 01:55:36
3877,48%,5219/15989MB,46%,64,16d17h,2026-04-24 02:00:41
3878,48%,5107/15989MB,46%,64,16d17h,2026-04-24 02:05:36
3879,48%,4934/15989MB,46%,64,16d17h,2026-04-24 02:10:37
3880,48%,5078/15989MB,46%,64,16d18h,2026-04-24 02:15:37
3881,48%,4983/15989MB,46%,64,16d18h,2026-04-24 02:20:37
3882,48%,5110/15989MB,46%,64,16d18h,2026-04-24 02:25:36
3883,48%,4861/15989MB,46%,66,16d18h,2026-04-24 02:30:41
3884,48%,5320/15989MB,46%,64,16d18h,2026-04-24 02:35:36
3885,48%,5269/15989MB,46%,64,16d18h,2026-04-24 02:40:37
3886,48%,4994/15989MB,46%,66,16d18h,2026-04-24 02:45:38
3887,48%,5167/15989MB,46%,64,16d18h,2026-04-24 02:50:38
3888,48%,5267/15989MB,46%,64,16d18h,2026-04-24 02:55:36
3889,48%,5140/15989MB,46%,64,16d18h,2026-04-24 03:00:47
3890,48%,5217/15989MB,46%,64,16d18h,2026-04-24 03:05:36
3891,48%,4745/15989MB,46%,64,16d18h,2026-04-24 03:10:37
3892,48%,5099/15989MB,46%,64,16d19h,2026-04-24 03:15:38
3893,48%,4767/15989MB,46%,64,16d19h,2026-04-24 03:20:39
3894,48%,5397/15989MB,46%,66,16d19h,2026-04-24 03:25:37
3895,48%,4761/15989MB,46%,64,16d19h,2026-04-24 03:30:45
3896,48%,5097/15989MB,46%,64,16d19h,2026-04-24 03:35:38
3897,48%,5319/15989MB,46%,66,16d19h,2026-04-24 03:40:38
3898,48%,5292/15989MB,46%,64,16d19h,2026-04-24 03:45:40
3899,48%,5130/15989MB,46%,64,16d19h,2026-04-24 03:50:39
3900,48%,4991/15989MB,46%,64,16d19h,2026-04-24 03:55:38
3901,48%,5226/15989MB,46%,64,16d19h,2026-04-24 04:00:44
3902,48%,5283/15989MB,46%,65,16d19h,2026-04-24 04:05:44
3903,48%,4948/15989MB,46%,64,16d19h,2026-04-24 04:10:39
3904,48%,5335/15989MB,46%,64,16d20h,2026-04-24 04:15:39
3905,48%,4937/15989MB,46%,66,16d20h,2026-04-24 04:20:41
3906,48%,5210/15989MB,46%,64,16d20h,2026-04-24 04:25:38
3907,48%,5298/15989MB,46%,64,16d20h,2026-04-24 04:30:42
3908,48%,4952/15989MB,46%,66,16d20h,2026-04-24 04:35:38
3909,48%,5231/15989MB,46%,64,16d20h,2026-04-24 04:40:44
3910,48%,5290/15989MB,46%,64,16d20h,2026-04-24 04:45:43
3911,48%,4798/15989MB,46%,64,16d20h,2026-04-24 04:50:40
3912,48%,5264/15989MB,46%,64,16d20h,2026-04-24 04:55:39
3913,48%,4809/15989MB,46%,64,16d20h,2026-04-24 05:00:48
3914,48%,4793/15989MB,46%,64,16d20h,2026-04-24 05:05:39
3915,48%,5128/15989MB,46%,64,16d20h,2026-04-24 05:10:40
3916,48%,5324/15989MB,46%,64,16d21h,2026-04-24 05:15:45
3917,48%,5082/15989MB,46%,64,16d21h,2026-04-24 05:20:44
3918,48%,5322/15989MB,46%,65,16d21h,2026-04-24 05:25:39
3919,48%,4854/15989MB,46%,64,16d21h,2026-04-24 05:30:53
3920,48%,5060/15989MB,46%,64,16d21h,2026-04-24 05:35:41
3921,48%,5344/15989MB,46%,66,16d21h,2026-04-24 05:40:42
3922,48%,5315/15989MB,46%,64,16d21h,2026-04-24 05:45:43
3923,48%,5240/15989MB,46%,64,16d21h,2026-04-24 05:50:47
3924,48%,5323/15989MB,46%,64,16d21h,2026-04-24 05:55:40
3925,48%,5065/15989MB,46%,64,16d21h,2026-04-24 06:00:50
3926,48%,5178/15989MB,46%,64,16d21h,2026-04-24 06:05:42
3927,48%,5271/15989MB,46%,64,16d21h,2026-04-24 06:10:44
3928,48%,4789/15989MB,46%,64,16d22h,2026-04-24 06:15:47
3929,48%,5268/15989MB,46%,64,16d22h,2026-04-24 06:20:49
3930,1.95 1.70 1.79,5302/15989MB,46%,64,live,2026-04-24 06:21:07
3931,48%,5277/15989MB,46%,64,16d22h,2026-04-24 06:25:41
3932,48%,5027/15989MB,46%,64,16d22h,2026-04-24 06:30:47
3933,48%,5132/15989MB,46%,64,16d22h,2026-04-24 06:35:45
3934,48%,5295/15989MB,46%,64,16d22h,2026-04-24 06:40:43
3935,48%,5308/15989MB,46%,64,16d22h,2026-04-24 06:45:50
3936,48%,5257/15989MB,46%,64,16d22h,2026-04-24 06:50:46
3937,48%,4935/15989MB,46%,66,16d22h,2026-04-24 06:55:40
3938,48%,5306/15989MB,46%,64,16d22h,2026-04-24 07:01:01
3939,48%,5413/15989MB,46%,66,16d22h,2026-04-24 07:05:43
3940,48%,5147/15989MB,46%,64,16d22h,2026-04-24 07:10:47
3941,48%,5290/15989MB,46%,64,16d23h,2026-04-24 07:15:46
3942,48%,4801/15989MB,46%,64,16d23h,2026-04-24 07:20:43
3943,48%,5272/15989MB,46%,64,16d23h,2026-04-24 07:25:42
3944,48%,4773/15989MB,46%,64,16d23h,2026-04-24 07:30:46
3945,1.46 1.36 1.47,5337/15989MB,46%,64,live,2026-04-24 07:31:16
3946,48%,5293/15989MB,46%,64,16d23h,2026-04-24 07:35:45
3947,48%,5418/15989MB,46%,66,16d23h,2026-04-24 07:40:45
3948,48%,5030/15989MB,46%,64,16d23h,2026-04-24 07:45:47
3949,2.95 1.94 1.70,5367/15989MB,46%,64,live,2026-04-24 07:46:05
3950,48%,5205/15989MB,46%,64,16d23h,2026-04-24 07:50:44
3951,48%,5300/15989MB,46%,64,16d23h,2026-04-24 07:55:41
3952,48%,5310/15989MB,46%,64,16d23h,2026-04-24 08:00:55
3953,48%,5345/15989MB,46%,64,16d23h,2026-04-24 08:05:40
3954,48%,5309/15989MB,46%,64,16d23h,2026-04-24 08:10:47
3955,2.79 2.14 2.03,5296/15989MB,46%,64,live,2026-04-24 08:15:36
3956,48%,5346/15989MB,46%,64,17d0h,2026-04-24 08:15:42
3957,1.71 1.83 1.92,5310/15989MB,46%,64,live,2026-04-24 08:20:28
3958,48%,4800/15989MB,46%,64,17d0h,2026-04-24 08:20:42
3959,48%,5132/15989MB,46%,64,17d0h,2026-04-24 08:25:42
3960,48%,5282/15989MB,46%,64,17d0h,2026-04-24 08:30:42
3961,48%,5285/15989MB,46%,64,17d0h,2026-04-24 08:35:42
3962,48%,5320/15989MB,46%,66,17d0h,2026-04-24 08:40:42
3963,48%,5295/15989MB,46%,64,17d0h,2026-04-24 08:45:42
3964,48%,5298/15989MB,46%,64,17d0h,2026-04-24 08:50:42
3965,48%,4901/15989MB,46%,64,17d0h,2026-04-24 08:55:42
3966,48%,5226/15989MB,46%,64,17d0h,2026-04-24 09:00:47
3967,1.17 1.46 1.68,4789/15989MB,46%,64,live,2026-04-24 09:01:29
3968,48%,5448/15989MB,46%,66,17d0h,2026-04-24 09:05:42
3969,48%,5298/15989MB,46%,64,17d0h,2026-04-24 09:10:42
3970,1.64 1.82 1.80,5019/15989MB,46%,66,live,2026-04-24 09:15:35
3971,48%,5375/15989MB,46%,66,17d1h,2026-04-24 09:15:42
3972,48%,5221/15989MB,46%,64,17d1h,2026-04-24 09:20:42
3973,48%,5302/15989MB,46%,64,17d1h,2026-04-24 09:25:42
3974,48%,5294/15989MB,46%,64,17d1h,2026-04-24 09:30:45
3975,48%,5361/15989MB,46%,64,17d1h,2026-04-24 09:35:42
3976,48%,5311/15989MB,46%,64,17d1h,2026-04-24 09:40:42
3977,48%,5296/15989MB,46%,64,17d1h,2026-04-24 09:45:42
3978,48%,4966/15989MB,46%,66,17d1h,2026-04-24 09:50:42
3979,48%,5283/15989MB,46%,64,17d1h,2026-04-24 09:55:42
3980,48%,5306/15989MB,46%,64,17d1h,2026-04-24 10:00:48
3981,2.41 2.06 1.98,4827/15989MB,46%,64,live,2026-04-24 10:01:03
3982,48%,5313/15989MB,46%,64,17d1h,2026-04-24 10:05:42
3983,48%,4788/15989MB,46%,64,17d1h,2026-04-24 10:10:44
3984,48%,5074/15989MB,46%,64,17d2h,2026-04-24 10:15:44
3985,48%,5322/15989MB,46%,64,17d2h,2026-04-24 10:20:46
3986,48%,5305/15989MB,46%,64,17d2h,2026-04-24 10:25:42
3987,48%,5184/15989MB,46%,64,17d2h,2026-04-24 10:30:50
3988,48%,5281/15989MB,46%,64,17d2h,2026-04-24 10:35:42
3989,48%,5149/15989MB,46%,64,17d2h,2026-04-24 10:40:46
3990,1.87 1.91 1.91,5305/15989MB,46%,64,live,2026-04-24 10:45:41
3991,48%,5338/15989MB,46%,64,17d2h,2026-04-24 10:45:45
3992,48%,5314/15989MB,46%,66,17d2h,2026-04-24 10:50:48
3993,48%,5316/15989MB,46%,64,17d2h,2026-04-24 10:55:43
3994,2.12 1.89 1.91,5406/15989MB,46%,66,live,2026-04-24 11:00:47
3995,48%,4949/15989MB,46%,66,17d2h,2026-04-24 11:01:03
3996,48%,4792/15989MB,46%,64,17d2h,2026-04-24 11:05:44
3997,48%,5114/15989MB,46%,64,17d2h,2026-04-24 11:10:47
3998,48%,5171/15989MB,46%,64,17d3h,2026-04-24 11:15:49
3999,48%,4810/15989MB,46%,64,17d3h,2026-04-24 11:20:49
4000,48%,4920/15989MB,46%,66,17d3h,2026-04-24 11:25:44
4001,48%,5199/15989MB,46%,64,17d3h,2026-04-24 11:30:57
4002,48%,5197/15989MB,46%,64,17d3h,2026-04-24 11:35:46
4003,48%,5216/15989MB,46%,64,17d3h,2026-04-24 11:40:52
4004,48%,5356/15989MB,46%,66,17d3h,2026-04-24 11:45:49
4005,48%,5226/15989MB,46%,64,17d3h,2026-04-24 11:50:49
4006,48%,5299/15989MB,46%,64,17d3h,2026-04-24 11:55:45
4007,3.45 2.25 2.05,5023/15989MB,46%,64,live,2026-04-24 12:01:17
4008,48%,5162/15989MB,46%,64,17d3h,2026-04-24 12:01:18
4009,48%,5327/15989MB,46%,64,17d3h,2026-04-24 12:05:48
4010,48%,5332/15989MB,46%,64,17d3h,2026-04-24 12:10:49
4011,1.47 1.95 2.01,5310/15989MB,46%,64,live,2026-04-24 12:15:35
4012,48%,5333/15989MB,46%,64,17d4h,2026-04-24 12:15:36
4013,48%,5052/15989MB,46%,66,17d4h,2026-04-24 12:20:33
4014,48%,5068/15989MB,46%,64,17d4h,2026-04-24 12:25:33
4015,48%,5134/15989MB,46%,65,17d4h,2026-04-24 12:30:33
4016,2.50 1.98 1.96,5226/15989MB,46%,66,live,2026-04-24 12:30:43
4017,48%,5327/15989MB,46%,64,17d4h,2026-04-24 12:35:33
4018,48%,4806/15989MB,46%,64,17d4h,2026-04-24 12:40:33
4019,2.37 1.76 1.80,5109/15989MB,46%,64,live,2026-04-24 12:40:55
4020,48%,4824/15989MB,46%,64,17d4h,2026-04-24 12:45:33
4021,48%,5239/15989MB,46%,64,17d4h,2026-04-24 12:50:33
4022,48%,5208/15989MB,46%,64,17d4h,2026-04-24 12:55:33
4023,48%,5323/15989MB,46%,64,17d4h,2026-04-24 13:00:33
4024,48%,5379/15989MB,46%,66,17d4h,2026-04-24 13:05:33
4025,48%,5134/15989MB,46%,64,17d4h,2026-04-24 13:10:33
4026,48%,5410/15989MB,46%,64,17d5h,2026-04-24 13:15:33
4027,1.70 1.80 1.85,5172/15989MB,46%,64,live,2026-04-24 13:15:44
4028,1.60 1.73 1.81,5253/15989MB,46%,64,live,2026-04-24 13:20:22
4029,48%,5335/15989MB,46%,64,17d5h,2026-04-24 13:20:33
4030,48%,5076/15989MB,46%,64,17d5h,2026-04-24 13:25:33
4031,48%,5142/15989MB,46%,64,17d5h,2026-04-24 13:30:33
4032,2.38 1.96 1.83,5344/15989MB,46%,64,live,2026-04-24 13:31:10
4033,48%,5323/15989MB,46%,64,17d5h,2026-04-24 13:35:33
4034,48%,5506/15989MB,46%,66,17d5h,2026-04-24 13:40:33
4035,3.13 2.28 2.05,5333/15989MB,46%,64,live,2026-04-24 13:45:26
4036,48%,5341/15989MB,46%,64,17d5h,2026-04-24 13:45:33
4037,48%,5328/15989MB,46%,64,17d5h,2026-04-24 13:50:33
4038,48%,4800/15989MB,46%,64,17d5h,2026-04-24 13:55:33
4039,48%,5345/15989MB,46%,64,17d5h,2026-04-24 14:00:34
4040,48%,5256/15989MB,46%,64,17d5h,2026-04-24 14:05:33
4041,48%,5333/15989MB,46%,64,17d5h,2026-04-24 14:10:34
4042,2.35 2.09 1.96,5326/15989MB,46%,64,live,2026-04-24 14:15:22
4043,48%,4808/15989MB,46%,64,17d6h,2026-04-24 14:15:33
4044,48%,5164/15989MB,46%,64,17d6h,2026-04-24 14:20:33
4045,48%,5355/15989MB,46%,66,17d6h,2026-04-24 14:25:33
4046,48%,4800/15989MB,46%,64,17d6h,2026-04-24 14:30:34
4047,48%,4927/15989MB,46%,64,17d6h,2026-04-24 14:35:33
4048,48%,5179/15989MB,46%,64,17d6h,2026-04-24 14:40:33
4049,48%,5305/15989MB,46%,64,17d6h,2026-04-24 14:45:33
4050,48%,4790/15989MB,46%,64,17d6h,2026-04-24 14:50:33
4051,48%,5265/15989MB,46%,64,17d6h,2026-04-24 14:55:33
4052,48%,5486/15989MB,46%,66,17d6h,2026-04-24 15:00:34
4053,48%,5337/15989MB,46%,64,17d6h,2026-04-24 15:05:33
4054,48%,4907/15989MB,46%,64,17d6h,2026-04-24 15:10:33
4055,48%,5164/15989MB,46%,64,17d7h,2026-04-24 15:15:33
4056,48%,5330/15989MB,46%,64,17d7h,2026-04-24 15:20:33
4057,48%,5160/15989MB,46%,64,17d7h,2026-04-24 15:25:33
4058,48%,5275/15989MB,46%,64,17d7h,2026-04-24 15:30:33
4059,1.76 1.71 1.75,4936/15989MB,46%,64,live,2026-04-24 15:31:10
4060,48%,5358/15989MB,46%,65,17d7h,2026-04-24 15:35:33
4061,48%,5345/15989MB,46%,64,17d7h,2026-04-24 15:40:33
4062,48%,5281/15989MB,46%,64,17d7h,2026-04-24 15:45:33
4063,48%,4886/15989MB,46%,64,17d7h,2026-04-24 15:50:33
4064,2.72 1.92 1.84,5215/15989MB,46%,64,live,2026-04-24 15:55:25
4065,48%,5317/15989MB,46%,64,17d7h,2026-04-24 15:55:33
4066,48%,4890/15989MB,46%,64,17d7h,2026-04-24 16:00:39
4067,48%,5035/15989MB,46%,64,17d7h,2026-04-24 16:05:33
4068,48%,5205/15989MB,46%,64,17d7h,2026-04-24 16:10:33
4069,1.63 1.63 1.71,5321/15989MB,46%,64,live,2026-04-24 16:15:34
4070,48%,5348/15989MB,46%,64,17d8h,2026-04-24 16:15:34
4071,48%,5112/15989MB,46%,64,17d8h,2026-04-24 16:20:33
4072,48%,5338/15989MB,46%,64,17d8h,2026-04-24 16:25:33
4073,48%,4948/15989MB,46%,64,17d8h,2026-04-24 16:30:34
4074,2.43 1.89 1.76,5332/15989MB,46%,64,live,2026-04-24 16:31:13
4075,48%,5338/15989MB,46%,66,17d8h,2026-04-24 16:35:33
4076,48%,5085/15989MB,46%,64,17d8h,2026-04-24 16:40:33
4077,2.56 2.16 1.95,5359/15989MB,46%,64,live,2026-04-24 16:45:31
4078,48%,5370/15989MB,46%,65,17d8h,2026-04-24 16:45:33
4079,48%,5341/15989MB,46%,64,17d8h,2026-04-24 16:50:33
4080,48%,5239/15989MB,46%,64,17d8h,2026-04-24 16:55:33
4081,48%,5516/15989MB,46%,66,17d8h,2026-04-24 17:00:40
4082,1.55 1.89 1.92,5030/15989MB,46%,67,live,2026-04-24 17:02:03
4083,48%,5331/15989MB,46%,64,17d8h,2026-04-24 17:05:33
4084,3.87 2.51 2.13,5349/15989MB,46%,64,live,2026-04-24 17:05:43
4085,48%,4998/15989MB,46%,66,17d8h,2026-04-24 17:10:33
4086,48%,5152/15989MB,46%,64,17d9h,2026-04-24 17:15:33
4087,1.65 1.91 1.99,5367/15989MB,46%,64,live,2026-04-24 17:15:52
4088,48%,5282/15989MB,46%,64,17d9h,2026-04-24 17:20:33
4089,2.40 1.85 1.90,4812/15989MB,46%,64,live,2026-04-24 17:25:13
4090,48%,5419/15989MB,46%,64,17d9h,2026-04-24 17:25:33
4091,48%,5353/15989MB,46%,64,17d9h,2026-04-24 17:30:34
4092,1.58 1.77 1.86,4834/15989MB,46%,64,live,2026-04-24 17:30:38
4093,48%,5087/15989MB,46%,66,17d9h,2026-04-24 17:35:33
4094,48%,5153/15989MB,46%,64,17d9h,2026-04-24 17:40:33
4095,2.49 1.95 1.87,5333/15989MB,46%,65,live,2026-04-24 17:45:27
4096,48%,4936/15989MB,46%,66,17d9h,2026-04-24 17:45:33
4097,48%,5297/15989MB,46%,64,17d9h,2026-04-24 17:50:33
4098,1.97 1.87 1.84,5332/15989MB,46%,64,live,2026-04-24 17:55:33
4099,48%,5335/15989MB,46%,64,17d9h,2026-04-24 17:55:33
4100,48%,5320/15989MB,46%,64,17d9h,2026-04-24 18:00:44
4101,48%,5335/15989MB,46%,64,17d9h,2026-04-24 18:05:33
4102,48%,5444/15989MB,46%,66,17d9h,2026-04-24 18:10:33
4103,1.26 1.60 1.71,5093/15989MB,46%,64,live,2026-04-24 18:15:30
4104,48%,5296/15989MB,46%,64,17d10h,2026-04-24 18:15:33
4105,48%,5341/15989MB,46%,66,17d10h,2026-04-24 18:20:33
4106,1.64 1.78 1.80,4804/15989MB,46%,64,live,2026-04-24 18:25:35
4107,48%,4807/15989MB,46%,64,17d10h,2026-04-24 18:25:35
4108,48%,5259/15989MB,46%,64,17d10h,2026-04-24 18:30:36
4109,1.66 1.74 1.79,5166/15989MB,46%,64,live,2026-04-24 18:30:48
4110,48%,5337/15989MB,46%,64,17d10h,2026-04-24 18:35:33
4111,48%,4897/15989MB,46%,64,17d10h,2026-04-24 18:40:33
4112,48%,5326/15989MB,46%,64,17d10h,2026-04-24 18:45:33
4113,48%,5328/15989MB,46%,64,17d10h,2026-04-24 18:50:32
4114,2.72 2.17 1.96,5338/15989MB,46%,64,live,2026-04-24 18:50:37
4115,1.80 1.76 1.82,5318/15989MB,46%,64,live,2026-04-24 18:55:13
4116,48%,5066/15989MB,46%,64,17d10h,2026-04-24 18:55:32
4117,48%,5237/15989MB,46%,64,17d10h,2026-04-24 19:00:39
4118,48%,5230/15989MB,46%,64,17d10h,2026-04-24 19:05:32
4119,48%,4930/15989MB,46%,66,17d10h,2026-04-24 19:10:32
4120,48%,5354/15989MB,46%,64,17d11h,2026-04-24 19:15:32
4121,48%,5467/15989MB,46%,66,17d11h,2026-04-24 19:20:32
4122,1.30 1.34 1.58,4944/15989MB,46%,64,live,2026-04-24 19:25:20
4123,48%,5362/15989MB,46%,64,17d11h,2026-04-24 19:25:31
4124,48%,5330/15989MB,46%,64,17d11h,2026-04-24 19:30:34
4125,3.09 2.04 1.81,5180/15989MB,46%,64,live,2026-04-24 19:31:08
4126,48%,5029/15989MB,46%,64,17d11h,2026-04-24 19:35:32
4127,48%,5213/15989MB,46%,64,17d11h,2026-04-24 19:40:32
4128,48%,4973/15989MB,46%,66,17d11h,2026-04-24 19:45:32
4129,48%,5161/15989MB,46%,64,17d11h,2026-04-24 19:50:32
4130,48%,4811/15989MB,46%,64,17d11h,2026-04-24 19:55:32
4131,48%,5339/15989MB,46%,64,17d11h,2026-04-24 20:00:40
4132,2.53 2.04 1.93,5370/15989MB,46%,64,live,2026-04-24 20:00:58
4133,48%,5266/15989MB,46%,64,17d11h,2026-04-24 20:05:32
4134,48%,4821/15989MB,46%,64,17d11h,2026-04-24 20:10:32
4135,2.68 2.14 1.91,5119/15989MB,46%,64,live,2026-04-24 20:15:31
4136,48%,5429/15989MB,46%,64,17d12h,2026-04-24 20:15:32
4137,48%,5342/15989MB,46%,64,17d12h,2026-04-24 20:20:32
4138,48%,4990/15989MB,46%,64,17d12h,2026-04-24 20:25:32
4139,3.46 2.33 1.99,5211/15989MB,46%,66,live,2026-04-24 20:30:34
4140,48%,5213/15989MB,46%,66,17d12h,2026-04-24 20:30:33
4141,1.60 1.93 1.90,5333/15989MB,46%,64,live,2026-04-24 20:35:29
4142,48%,5375/15989MB,46%,64,17d12h,2026-04-24 20:35:32
4143,48%,5256/15989MB,46%,66,17d12h,2026-04-24 20:40:32
4144,48%,5290/15989MB,46%,64,17d12h,2026-04-24 20:45:32
4145,48%,4818/15989MB,46%,64,17d12h,2026-04-24 20:50:32
4146,1.47 1.93 1.92,5101/15989MB,46%,64,live,2026-04-24 20:55:21
4147,48%,5394/15989MB,46%,64,17d12h,2026-04-24 20:55:32
4148,2.01 2.03 1.99,5365/15989MB,46%,64,live,2026-04-24 21:00:14
4149,48%,5353/15989MB,46%,64,17d12h,2026-04-24 21:00:38
4150,48%,5537/15989MB,46%,64,17d12h,2026-04-24 21:05:32
4151,48%,5116/15989MB,46%,64,17d12h,2026-04-24 21:10:32
4152,48%,5107/15989MB,46%,64,17d13h,2026-04-24 21:15:32
4153,48%,4820/15989MB,46%,64,17d13h,2026-04-24 21:20:32
4154,48%,5204/15989MB,46%,64,17d13h,2026-04-24 21:25:32
4155,48%,5324/15989MB,46%,64,17d13h,2026-04-24 21:30:33
4156,48%,4880/15989MB,46%,64,17d13h,2026-04-24 21:35:32
4157,48%,5194/15989MB,46%,64,17d13h,2026-04-24 21:40:32
4158,48%,5316/15989MB,46%,64,17d13h,2026-04-24 21:45:32
4159,48%,5241/15989MB,46%,64,17d13h,2026-04-24 21:50:57
4160,48%,4805/15989MB,46%,64,17d13h,2026-04-24 21:55:57
4161,48%,5477/15989MB,46%,66,17d13h,2026-04-24 22:00:58
4162,48%,5323/15989MB,46%,64,17d13h,2026-04-24 22:05:58
4163,48%,4805/15989MB,46%,64,17d13h,2026-04-24 22:10:57
4164,48%,5330/15989MB,46%,64,17d14h,2026-04-24 22:15:57
4165,48%,5316/15989MB,46%,64,17d14h,2026-04-24 22:20:57
4166,48%,5317/15989MB,46%,64,17d14h,2026-04-24 22:25:57
4167,48%,5178/15989MB,46%,64,17d14h,2026-04-24 22:30:59
4168,48%,5309/15989MB,46%,64,17d14h,2026-04-24 22:35:57
4169,48%,5108/15989MB,46%,66,17d14h,2026-04-24 22:40:58
4170,48%,5243/15989MB,46%,64,17d14h,2026-04-24 22:46:05
4171,48%,5332/15989MB,46%,64,17d14h,2026-04-24 22:50:58
4172,48%,5453/15989MB,46%,66,17d14h,2026-04-24 22:55:57
4173,48%,5334/15989MB,46%,64,17d14h,2026-04-24 23:00:59
4174,48%,5338/15989MB,46%,64,17d14h,2026-04-24 23:05:57
4175,48%,5141/15989MB,46%,64,17d14h,2026-04-24 23:10:58
4176,48%,5097/15989MB,46%,64,17d15h,2026-04-24 23:15:58
4177,48%,4807/15989MB,46%,64,17d15h,2026-04-24 23:20:57
4178,48%,5246/15989MB,46%,64,17d15h,2026-04-24 23:25:57
4179,48%,5331/15989MB,46%,64,17d15h,2026-04-24 23:30:58
4180,48%,4914/15989MB,46%,64,17d15h,2026-04-24 23:35:58
4181,48%,5228/15989MB,46%,64,17d15h,2026-04-24 23:40:58
4182,48%,5327/15989MB,46%,64,17d15h,2026-04-24 23:45:59
4183,48%,5081/15989MB,46%,64,17d15h,2026-04-24 23:50:59
4184,48%,5325/15989MB,46%,64,17d15h,2026-04-24 23:55:57
4185,2.21 1.89 1.82,5326/15989MB,46%,64,live,2026-04-24 23:56:53
4186,48%,4810/15989MB,46%,64,17d15h,2026-04-25 00:00:58
4187,48%,5330/15989MB,46%,64,17d15h,2026-04-25 00:05:58
4188,48%,5214/15989MB,46%,65,17d15h,2026-04-25 00:10:59
4189,48%,4835/15989MB,46%,65,17d16h,2026-04-25 00:15:59
4190,48%,5381/15989MB,46%,64,17d16h,2026-04-25 00:20:59
4191,48%,5338/15989MB,46%,64,17d16h,2026-04-25 00:25:58
4192,48%,5101/15989MB,46%,66,17d16h,2026-04-25 00:30:59
4193,48%,5125/15989MB,46%,64,17d16h,2026-04-25 00:35:59
4194,48%,5333/15989MB,46%,64,17d16h,2026-04-25 00:40:58
4195,48%,5457/15989MB,46%,66,17d16h,2026-04-25 00:45:58
4196,48%,5322/15989MB,46%,64,17d16h,2026-04-25 00:50:59
4197,48%,4979/15989MB,46%,64,17d16h,2026-04-25 00:55:58
4198,48%,5452/15989MB,46%,64,17d16h,2026-04-25 01:00:57
4199,48%,5344/15989MB,46%,64,17d16h,2026-04-25 01:05:57
4200,48%,4817/15989MB,46%,64,17d16h,2026-04-25 01:10:59
4201,48%,5101/15989MB,46%,64,17d17h,2026-04-25 01:15:59
4202,48%,5320/15989MB,46%,64,17d17h,2026-04-25 01:20:58
4203,48%,5047/15989MB,46%,64,17d17h,2026-04-25 01:25:58
4204,48%,5331/15989MB,46%,64,17d17h,2026-04-25 01:30:59
4205,48%,4933/15989MB,46%,64,17d17h,2026-04-25 01:35:59
4206,48%,5297/15989MB,46%,66,17d17h,2026-04-25 01:40:59
4207,48%,4800/15989MB,46%,64,17d17h,2026-04-25 01:45:59
4208,48%,5097/15989MB,46%,64,17d17h,2026-04-25 01:51:01
4209,48%,4804/15989MB,46%,64,17d17h,2026-04-25 01:55:57
4210,48%,5411/15989MB,46%,64,17d17h,2026-04-25 02:00:58
4211,48%,5446/15989MB,46%,66,17d17h,2026-04-25 02:05:58
4212,48%,5318/15989MB,46%,64,17d17h,2026-04-25 02:10:59
4213,48%,5322/15989MB,46%,64,17d18h,2026-04-25 02:15:58
4214,48%,5276/15989MB,46%,66,17d18h,2026-04-25 02:20:59
4215,48%,5317/15989MB,46%,64,17d18h,2026-04-25 02:25:59
4216,48%,5215/15989MB,46%,64,17d18h,2026-04-25 02:31:00
4217,48%,5305/15989MB,46%,64,17d18h,2026-04-25 02:35:59
4218,48%,4887/15989MB,46%,64,17d18h,2026-04-25 02:40:59
4219,48%,5290/15989MB,46%,64,17d18h,2026-04-25 02:45:58
4220,48%,4806/15989MB,46%,64,17d18h,2026-04-25 02:50:59
4221,48%,5255/15989MB,46%,64,17d18h,2026-04-25 02:55:57
4222,48%,5063/15989MB,46%,66,17d18h,2026-04-25 03:00:59
4223,48%,5278/15989MB,46%,64,17d18h,2026-04-25 03:05:58
4224,48%,5324/15989MB,46%,64,17d18h,2026-04-25 03:10:59
4225,48%,5442/15989MB,46%,66,17d19h,2026-04-25 03:15:58
4226,48%,5333/15989MB,46%,64,17d19h,2026-04-25 03:21:00
4227,48%,5277/15989MB,46%,64,17d19h,2026-04-25 03:25:57
4228,48%,5340/15989MB,46%,64,17d19h,2026-04-25 03:30:58
4229,48%,5140/15989MB,46%,64,17d19h,2026-04-25 03:36:01
4230,48%,5331/15989MB,46%,64,17d19h,2026-04-25 03:40:58
4231,48%,5368/15989MB,46%,64,17d19h,2026-04-25 03:45:58
4232,48%,5324/15989MB,46%,64,17d19h,2026-04-25 03:50:59
4233,48%,5283/15989MB,46%,66,17d19h,2026-04-25 03:55:59
4234,48%,4819/15989MB,46%,64,17d19h,2026-04-25 04:01:03
4235,48%,5267/15989MB,46%,64,17d19h,2026-04-25 04:05:58
4236,48%,5474/15989MB,46%,64,17d19h,2026-04-25 04:10:59
4237,48%,4892/15989MB,46%,64,17d20h,2026-04-25 04:15:59
4238,48%,5440/15989MB,46%,64,17d20h,2026-04-25 04:20:59
4239,48%,4857/15989MB,46%,64,17d20h,2026-04-25 04:25:57
4240,47%,5376/15989MB,46%,64,17d20h,2026-04-25 04:31:01
4241,47%,4852/15989MB,46%,64,17d20h,2026-04-25 04:35:57
4242,47%,5248/15989MB,46%,64,17d20h,2026-04-25 04:40:59
4243,47%,4839/15989MB,46%,64,17d20h,2026-04-25 04:45:58
4244,47%,5189/15989MB,46%,66,17d20h,2026-04-25 04:50:57
4245,47%,4872/15989MB,46%,64,17d20h,2026-04-25 04:55:57
4246,47%,5235/15989MB,46%,64,17d20h,2026-04-25 05:01:04
4247,47%,5354/15989MB,46%,66,17d20h,2026-04-25 05:05:57
4248,47%,5321/15989MB,46%,64,17d20h,2026-04-25 05:10:59
4249,47%,5192/15989MB,46%,64,17d21h,2026-04-25 05:15:59
4250,47%,5370/15989MB,46%,64,17d21h,2026-04-25 05:21:01
4251,47%,5362/15989MB,46%,64,17d21h,2026-04-25 05:25:59
4252,47%,5369/15989MB,46%,64,17d21h,2026-04-25 05:31:00
4253,47%,5084/15989MB,46%,64,17d21h,2026-04-25 05:35:58
4254,47%,5327/15989MB,46%,64,17d21h,2026-04-25 05:40:58
4255,47%,4960/15989MB,46%,66,17d21h,2026-04-25 05:45:58
4256,47%,5323/15989MB,46%,64,17d21h,2026-04-25 05:50:59
4257,47%,5374/15989MB,46%,64,17d21h,2026-04-25 05:55:59
4258,47%,5353/15989MB,46%,66,17d21h,2026-04-25 06:01:16
4259,2.57 1.99 1.97,5015/15989MB,46%,64,live,2026-04-25 06:02:19
4260,2.01 1.94 1.95,5367/15989MB,46%,64,live,2026-04-25 06:03:46
4261,1.93 1.92 1.95,5442/15989MB,46%,64,live,2026-04-25 06:03:48
4262,1.37 1.79 1.90,4934/15989MB,46%,64,live,2026-04-25 06:04:39
4263,1.97 1.87 1.92,5368/15989MB,46%,64,live,2026-04-25 06:05:22
4264,47%,5172/15989MB,46%,64,17d21h,2026-04-25 06:05:58
4265,2.32 1.97 1.95,5208/15989MB,46%,64,live,2026-04-25 06:06:17
4266,1.83 1.88 1.92,4947/15989MB,46%,64,live,2026-04-25 06:06:58
4267,2.05 1.93 1.93,5366/15989MB,46%,64,live,2026-04-25 06:07:31
4268,1.50 1.79 1.89,4984/15989MB,46%,64,live,2026-04-25 06:08:06
4269,1.50 1.79 1.89,5016/15989MB,46%,64,live,2026-04-25 06:08:08
4270,47%,5166/15989MB,46%,64,17d21h,2026-04-25 06:10:59
4271,47%,4817/15989MB,46%,64,17d22h,2026-04-25 06:15:59
4272,47%,5257/15989MB,46%,64,17d22h,2026-04-25 06:21:06
4273,47%,5335/15989MB,46%,64,17d22h,2026-04-25 06:25:58
4274,2.46 1.94 1.88,5356/15989MB,46%,64,live,2026-04-25 06:30:28
4275,47%,5205/15989MB,46%,64,17d22h,2026-04-25 06:31:02
4276,1.46 1.82 1.86,4817/15989MB,46%,64,live,2026-04-25 06:35:13
4277,47%,5334/15989MB,46%,64,17d22h,2026-04-25 06:35:58
4278,2.48 2.10 1.95,5259/15989MB,46%,64,live,2026-04-25 06:40:09
4279,47%,4943/15989MB,46%,64,17d22h,2026-04-25 06:40:59
4280,3.84 2.33 2.03,5356/15989MB,46%,64,live,2026-04-25 06:45:08
4281,47%,5285/15989MB,46%,64,17d22h,2026-04-25 06:46:00
4282,47%,5336/15989MB,46%,64,17d22h,2026-04-25 06:51:00
4283,1.81 2.16 2.07,5281/15989MB,46%,64,live,2026-04-25 06:55:17
4284,47%,5198/15989MB,46%,64,17d22h,2026-04-25 06:55:58
4285,2.96 2.16 2.05,5353/15989MB,46%,64,live,2026-04-25 07:00:33
4286,47%,5350/15989MB,46%,64,17d22h,2026-04-25 07:01:16
4287,2.20 1.78 1.90,5353/15989MB,46%,64,live,2026-04-25 07:05:22
4288,47%,5355/15989MB,46%,64,17d22h,2026-04-25 07:05:58
4289,1.45 1.56 1.77,5180/15989MB,46%,64,live,2026-04-25 07:10:20
4290,47%,5329/15989MB,46%,64,17d22h,2026-04-25 07:11:00
4291,1.68 1.67 1.75,5053/15989MB,46%,64,live,2026-04-25 07:15:24
4292,47%,5346/15989MB,46%,64,17d23h,2026-04-25 07:15:59
4293,1.94 2.00 1.90,5323/15989MB,46%,64,live,2026-04-25 07:20:36
4294,47%,4903/15989MB,46%,64,17d23h,2026-04-25 07:20:57
4295,1.15 1.93 1.94,5337/15989MB,46%,64,live,2026-04-25 07:25:13
4296,47%,5341/15989MB,46%,64,17d23h,2026-04-25 07:25:59
4297,1.91 1.98 1.96,5393/15989MB,46%,65,live,2026-04-25 07:30:37
4298,47%,5474/15989MB,46%,66,17d23h,2026-04-25 07:31:01
4299,1.95 1.86 1.91,5374/15989MB,46%,64,live,2026-04-25 07:35:18
4300,47%,5001/15989MB,46%,64,17d23h,2026-04-25 07:35:59
4301,1.28 1.65 1.81,4822/15989MB,46%,64,live,2026-04-25 07:40:19
4302,47%,5351/15989MB,46%,64,17d23h,2026-04-25 07:40:59
4303,2.05 1.84 1.84,5399/15989MB,46%,66,live,2026-04-25 07:45:31
4304,47%,5055/15989MB,46%,68,17d23h,2026-04-25 07:45:59
4305,2.12 1.79 1.80,5332/15989MB,46%,64,live,2026-04-25 07:50:17
4306,47%,5336/15989MB,46%,64,17d23h,2026-04-25 07:50:58
4307,1.40 1.62 1.73,4876/15989MB,46%,64,live,2026-04-25 07:55:17
4308,47%,5337/15989MB,46%,64,17d23h,2026-04-25 07:55:58
4309,47%,5330/15989MB,46%,64,17d23h,2026-04-25 08:01:19
4310,47%,5063/15989MB,46%,64,17d23h,2026-04-25 08:05:58
4311,47%,5289/15989MB,46%,64,17d23h,2026-04-25 08:10:57
4312,47%,5338/15989MB,46%,64,18d0h,2026-04-25 08:15:57
4313,47%,5359/15989MB,46%,64,18d0h,2026-04-25 08:21:01
4314,47%,5336/15989MB,46%,64,18d0h,2026-04-25 08:25:58
4315,47%,5350/15989MB,46%,64,18d0h,2026-04-25 08:31:03
4316,47%,4919/15989MB,46%,64,18d0h,2026-04-25 08:35:58
4317,47%,5296/15989MB,46%,66,18d0h,2026-04-25 08:41:00
4318,47%,5334/15989MB,46%,64,18d0h,2026-04-25 08:45:59
4319,47%,5051/15989MB,46%,64,18d0h,2026-04-25 08:51:00
4320,47%,5312/15989MB,46%,64,18d0h,2026-04-25 08:55:58
4321,47%,4818/15989MB,46%,64,18d0h,2026-04-25 09:01:10
4322,47%,4817/15989MB,46%,64,18d0h,2026-04-25 09:05:57
4323,47%,5192/15989MB,46%,64,18d0h,2026-04-25 09:10:58
4324,47%,5359/15989MB,46%,64,18d1h,2026-04-25 09:15:58
4325,47%,4899/15989MB,46%,66,18d1h,2026-04-25 09:20:58
4326,47%,5053/15989MB,46%,64,18d1h,2026-04-25 09:25:36
4327,47%,5124/15989MB,46%,64,18d1h,2026-04-25 09:30:42
4328,47%,5436/15989MB,46%,66,18d1h,2026-04-25 09:35:34
4329,47%,5280/15989MB,46%,64,18d1h,2026-04-25 09:40:38
4330,47%,5158/15989MB,46%,64,18d1h,2026-04-25 09:45:37
4331,47%,5339/15989MB,46%,64,18d1h,2026-04-25 09:50:38
4332,47%,4942/15989MB,46%,64,18d1h,2026-04-25 09:55:36
4333,47%,5197/15989MB,46%,64,18d1h,2026-04-25 10:00:47
4334,47%,5330/15989MB,46%,64,18d1h,2026-04-25 10:05:36
4335,47%,5251/15989MB,46%,64,18d1h,2026-04-25 10:10:38
4336,47%,5286/15989MB,46%,64,18d2h,2026-04-25 10:15:38
4337,47%,5367/15989MB,46%,64,18d2h,2026-04-25 10:20:37
4338,47%,5342/15989MB,46%,64,18d2h,2026-04-25 10:25:36
4339,47%,5066/15989MB,46%,66,18d2h,2026-04-25 10:30:41
4340,47%,4887/15989MB,46%,64,18d2h,2026-04-25 10:35:38
4341,47%,5332/15989MB,46%,64,18d2h,2026-04-25 10:40:41
4342,47%,5368/15989MB,46%,66,18d2h,2026-04-25 10:45:39
4343,47%,5345/15989MB,46%,64,18d2h,2026-04-25 10:50:40
4344,47%,4808/15989MB,46%,64,18d2h,2026-04-25 10:55:36
4345,47%,5130/15989MB,46%,64,18d2h,2026-04-25 11:00:49
4346,47%,5087/15989MB,46%,64,18d2h,2026-04-25 11:05:39
4347,47%,4820/15989MB,46%,64,18d2h,2026-04-25 11:10:42
4348,47%,5346/15989MB,46%,64,18d3h,2026-04-25 11:15:41
4349,47%,5168/15989MB,46%,64,18d3h,2026-04-25 11:20:42
4350,47%,4920/15989MB,46%,66,18d3h,2026-04-25 11:25:37
4351,47%,5268/15989MB,46%,64,18d3h,2026-04-25 11:30:51
4352,47%,5329/15989MB,46%,64,18d3h,2026-04-25 11:35:39
4353,47%,5420/15989MB,46%,66,18d3h,2026-04-25 11:40:43
4354,47%,5205/15989MB,46%,64,18d3h,2026-04-25 11:45:43
4355,47%,5333/15989MB,46%,64,18d3h,2026-04-25 11:50:41
4356,47%,4824/15989MB,46%,64,18d3h,2026-04-25 11:55:41
4357,47%,5213/15989MB,46%,64,18d3h,2026-04-25 12:01:03
4358,47%,5193/15989MB,46%,64,18d3h,2026-04-25 12:05:41
4359,47%,5346/15989MB,46%,64,18d3h,2026-04-25 12:10:43
4360,47%,4832/15989MB,46%,64,18d4h,2026-04-25 12:15:44
4361,47%,5422/15989MB,46%,66,18d4h,2026-04-25 12:20:41
4362,47%,5227/15989MB,46%,64,18d4h,2026-04-25 12:25:40
4363,47%,5246/15989MB,46%,64,18d4h,2026-04-25 12:30:55
4364,47%,5279/15989MB,46%,65,18d4h,2026-04-25 12:35:40
4365,47%,4816/15989MB,46%,64,18d4h,2026-04-25 12:40:46
4366,47%,5343/15989MB,46%,64,18d4h,2026-04-25 12:45:42
4367,47%,5307/15989MB,46%,64,18d4h,2026-04-25 12:50:40
4368,47%,4829/15989MB,46%,64,18d4h,2026-04-25 12:55:42
4369,47%,5113/15989MB,46%,64,18d4h,2026-04-25 13:01:01
4370,47%,5233/15989MB,46%,64,18d4h,2026-04-25 13:05:33
4371,47%,4840/15989MB,46%,64,18d4h,2026-04-25 13:10:36
4372,47%,5403/15989MB,46%,66,18d5h,2026-04-25 13:15:35
4373,47%,5372/15989MB,46%,64,18d5h,2026-04-25 13:20:35
4374,47%,4933/15989MB,46%,64,18d5h,2026-04-25 13:25:33
4375,47%,5500/15989MB,46%,66,18d5h,2026-04-25 13:30:33
4376,47%,5277/15989MB,46%,64,18d5h,2026-04-25 13:35:33
4377,47%,4837/15989MB,46%,64,18d5h,2026-04-25 13:40:35
4378,47%,5356/15989MB,46%,64,18d5h,2026-04-25 13:45:36
4379,47%,5349/15989MB,46%,64,18d5h,2026-04-25 13:50:33
4380,47%,5081/15989MB,46%,64,18d5h,2026-04-25 13:55:33
4381,47%,5249/15989MB,46%,64,18d5h,2026-04-25 14:00:41
4382,47%,5375/15989MB,46%,64,18d5h,2026-04-25 14:05:34
4383,47%,5343/15989MB,46%,64,18d5h,2026-04-25 14:10:35
4384,47%,4941/15989MB,46%,64,18d6h,2026-04-25 14:15:36
4385,47%,5281/15989MB,46%,64,18d6h,2026-04-25 14:20:35
4386,47%,5352/15989MB,46%,64,18d6h,2026-04-25 14:25:34
4387,47%,5177/15989MB,46%,64,18d6h,2026-04-25 14:30:40
4388,47%,5356/15989MB,46%,64,18d6h,2026-04-25 14:35:35
4389,47%,5334/15989MB,46%,64,18d6h,2026-04-25 14:40:36
4390,47%,5010/15989MB,46%,65,18d6h,2026-04-25 14:45:37
4391,47%,5164/15989MB,46%,64,18d6h,2026-04-25 14:50:39
4392,47%,5346/15989MB,46%,64,18d6h,2026-04-25 14:55:34
4393,47%,5264/15989MB,46%,66,18d6h,2026-04-25 15:00:42
4394,47%,5300/15989MB,46%,64,18d6h,2026-04-25 15:05:33
4395,47%,5384/15989MB,46%,64,18d6h,2026-04-25 15:10:38
4396,47%,5332/15989MB,46%,64,18d7h,2026-04-25 15:15:37
4397,47%,5152/15989MB,46%,64,18d7h,2026-04-25 15:20:39
4398,47%,5456/15989MB,46%,66,18d7h,2026-04-25 15:25:37
4399,47%,4929/15989MB,46%,64,18d7h,2026-04-25 15:30:39
4400,47%,5167/15989MB,46%,64,18d7h,2026-04-25 15:35:33
4401,47%,5312/15989MB,46%,64,18d7h,2026-04-25 15:40:37
4402,47%,4909/15989MB,46%,64,18d7h,2026-04-25 15:45:38
4403,47%,5343/15989MB,46%,66,18d7h,2026-04-25 15:50:36
4404,47%,5420/15989MB,46%,64,18d7h,2026-04-25 15:55:33
4405,47%,4829/15989MB,46%,64,18d7h,2026-04-25 16:00:51
4406,47%,4833/15989MB,46%,64,18d7h,2026-04-25 16:05:35
4407,47%,5145/15989MB,46%,64,18d7h,2026-04-25 16:10:38
4408,47%,5476/15989MB,46%,66,18d8h,2026-04-25 16:15:39
4409,47%,5016/15989MB,46%,64,18d8h,2026-04-25 16:20:40
4410,47%,5355/15989MB,46%,64,18d8h,2026-04-25 16:25:35
4411,47%,5056/15989MB,46%,64,18d8h,2026-04-25 16:30:44
4412,47%,5293/15989MB,46%,64,18d8h,2026-04-25 16:35:36
4413,47%,5347/15989MB,46%,64,18d8h,2026-04-25 16:40:40
4414,47%,5232/15989MB,46%,64,18d8h,2026-04-25 16:45:38
4415,47%,5273/15989MB,46%,64,18d8h,2026-04-25 16:50:39
4416,47%,5106/15989MB,46%,64,18d8h,2026-04-25 16:55:36
4417,47%,5353/15989MB,46%,64,18d8h,2026-04-25 17:00:55
4418,47%,5355/15989MB,46%,64,18d8h,2026-04-25 17:05:39
4419,47%,5049/15989MB,46%,64,18d8h,2026-04-25 17:10:39
4420,47%,5211/15989MB,46%,64,18d9h,2026-04-25 17:15:35
4421,47%,5105/15989MB,46%,64,18d9h,2026-04-25 17:20:43
4422,47%,5278/15989MB,46%,64,18d9h,2026-04-25 17:25:36
4423,47%,5318/15989MB,46%,66,18d9h,2026-04-25 17:30:43
4424,47%,5276/15989MB,46%,64,18d9h,2026-04-25 17:35:35
4425,47%,4827/15989MB,46%,64,18d9h,2026-04-25 17:40:41
4426,47%,5355/15989MB,46%,64,18d9h,2026-04-25 17:45:37
4427,47%,5330/15989MB,46%,64,18d9h,2026-04-25 17:50:39
4428,47%,5245/15989MB,46%,66,18d9h,2026-04-25 17:55:38
4429,47%,5333/15989MB,46%,64,18d9h,2026-04-25 18:00:50
4430,47%,5351/15989MB,46%,64,18d9h,2026-04-25 18:05:36
4431,47%,5345/15989MB,46%,64,18d9h,2026-04-25 18:10:41
4432,47%,5276/15989MB,46%,64,18d10h,2026-04-25 18:15:40
4433,47%,4844/15989MB,46%,64,18d10h,2026-04-25 18:20:40
4434,47%,5309/15989MB,46%,64,18d10h,2026-04-25 18:25:36
4435,47%,4961/15989MB,46%,66,18d10h,2026-04-25 18:30:48
4436,47%,5182/15989MB,46%,64,18d10h,2026-04-25 18:35:34
4437,47%,5373/15989MB,46%,66,18d10h,2026-04-25 18:40:38
4438,47%,4844/15989MB,46%,64,18d10h,2026-04-25 18:45:42
4439,47%,5239/15989MB,46%,64,18d10h,2026-04-25 18:50:40
4440,47%,5459/15989MB,46%,66,18d10h,2026-04-25 18:55:34
4441,47%,5287/15989MB,46%,64,18d10h,2026-04-25 19:00:48
4442,47%,5408/15989MB,46%,64,18d10h,2026-04-25 19:05:36
4443,47%,4847/15989MB,46%,64,18d10h,2026-04-25 19:10:36
4444,47%,5372/15989MB,46%,64,18d11h,2026-04-25 19:15:37
4445,47%,5462/15989MB,46%,66,18d11h,2026-04-25 19:20:40
4446,47%,5372/15989MB,46%,64,18d11h,2026-04-25 19:25:34
4447,47%,5322/15989MB,46%,64,18d11h,2026-04-25 19:30:40
4448,47%,5201/15989MB,46%,64,18d11h,2026-04-25 19:35:39
4449,47%,4974/15989MB,46%,64,18d11h,2026-04-25 19:40:38
4450,2.15 1.84 1.87,5342/15989MB,46%,66,live,2026-04-25 19:45:29
4451,47%,5484/15989MB,46%,66,18d11h,2026-04-25 19:45:36
4452,47%,5366/15989MB,46%,64,18d11h,2026-04-25 19:50:37
4453,47%,5415/15989MB,46%,66,18d11h,2026-04-25 19:55:34
4454,47%,5375/15989MB,46%,64,18d11h,2026-04-25 20:00:43
4455,47%,5361/15989MB,46%,64,18d11h,2026-04-25 20:05:37
4456,47%,5178/15989MB,46%,64,18d11h,2026-04-25 20:10:40
4457,47%,5381/15989MB,46%,64,18d12h,2026-04-25 20:15:36
4458,47%,4978/15989MB,46%,66,18d12h,2026-04-25 20:20:38
4459,47%,5356/15989MB,46%,64,18d12h,2026-04-25 20:25:35
4460,47%,5478/15989MB,46%,66,18d12h,2026-04-25 20:30:45
4461,47%,5361/15989MB,46%,64,18d12h,2026-04-25 20:35:36
4462,47%,5061/15989MB,46%,64,18d12h,2026-04-25 20:40:37
4463,47%,5251/15989MB,46%,66,18d12h,2026-04-25 20:45:40
4464,47%,5354/15989MB,46%,64,18d12h,2026-04-25 20:50:37
4465,47%,5208/15989MB,46%,64,18d12h,2026-04-25 20:55:35
4466,47%,5143/15989MB,46%,64,18d12h,2026-04-25 21:00:50
4467,47%,5394/15989MB,46%,64,18d12h,2026-04-25 21:05:34
4468,47%,5366/15989MB,46%,64,18d12h,2026-04-25 21:10:35
4469,47%,5262/15989MB,46%,64,18d13h,2026-04-25 21:15:35
4470,47%,5397/15989MB,46%,64,18d13h,2026-04-25 21:20:42
4471,1.46 1.64 1.82,5362/15989MB,46%,64,live,2026-04-25 21:25:30
4472,47%,4866/15989MB,46%,64,18d13h,2026-04-25 21:25:36
4473,47%,5498/15989MB,46%,66,18d13h,2026-04-25 21:30:35
4474,47%,5504/15989MB,46%,66,18d13h,2026-04-25 21:30:42
4475,47%,5350/15989MB,46%,64,18d13h,2026-04-25 21:35:33
4476,47%,5317/15989MB,46%,64,18d13h,2026-04-25 21:40:37
4477,47%,5131/15989MB,46%,64,18d13h,2026-04-25 21:45:36
4478,47%,5190/15989MB,46%,64,18d13h,2026-04-25 21:50:37
4479,47%,4961/15989MB,46%,66,18d13h,2026-04-25 21:55:34
4480,47%,5362/15989MB,46%,64,18d13h,2026-04-25 22:00:38
4481,47%,5315/15989MB,46%,66,18d13h,2026-04-25 22:05:34
4482,47%,5294/15989MB,46%,64,18d13h,2026-04-25 22:10:36
4483,47%,5245/15989MB,46%,64,18d14h,2026-04-25 22:15:36
4484,47%,5317/15989MB,46%,67,18d14h,2026-04-25 22:20:37
4485,47%,5313/15989MB,46%,64,18d14h,2026-04-25 22:25:34
4486,47%,5383/15989MB,46%,64,18d14h,2026-04-25 22:30:38
4487,47%,5337/15989MB,46%,64,18d14h,2026-04-25 22:35:34
4488,47%,5081/15989MB,46%,64,18d14h,2026-04-25 22:40:37
4489,47%,5360/15989MB,46%,64,18d14h,2026-04-25 22:45:36
4490,1.55 1.53 1.70,5256/15989MB,46%,64,live,2026-04-25 22:46:21
4491,47%,4817/15989MB,46%,64,18d14h,2026-04-25 22:50:36
4492,47%,5341/15989MB,46%,66,18d14h,2026-04-25 22:55:34
4493,47%,4902/15989MB,46%,64,18d14h,2026-04-25 23:00:40
4494,47%,5237/15989MB,46%,64,18d14h,2026-04-25 23:05:34
4495,47%,5350/15989MB,46%,64,18d14h,2026-04-25 23:10:37
4496,47%,5189/15989MB,46%,64,18d15h,2026-04-25 23:15:37
4497,47%,5140/15989MB,46%,64,18d15h,2026-04-25 23:20:37
4498,47%,4887/15989MB,46%,64,18d15h,2026-04-25 23:25:35
4499,47%,5495/15989MB,46%,66,18d15h,2026-04-25 23:30:36
4500,1.36 1.47 1.59,5505/15989MB,46%,66,live,2026-04-25 23:31:46
4501,47%,4839/15989MB,46%,64,18d15h,2026-04-25 23:35:34
4502,47%,5155/15989MB,46%,64,18d15h,2026-04-25 23:40:37
4503,47%,5374/15989MB,46%,64,18d15h,2026-04-25 23:45:36
4504,47%,5166/15989MB,46%,64,18d15h,2026-04-25 23:50:37
4505,47%,5270/15989MB,46%,66,18d15h,2026-04-25 23:55:34
4506,47%,5069/15989MB,46%,64,18d15h,2026-04-26 00:00:44
4507,47%,5447/15989MB,45%,65,18d15h,2026-04-26 00:05:34
4508,47%,5361/15989MB,45%,65,18d15h,2026-04-26 00:10:36
4509,47%,5287/15989MB,45%,65,18d16h,2026-04-26 00:15:37
4510,47%,5351/15989MB,45%,65,18d16h,2026-04-26 00:20:35
4511,47%,5361/15989MB,45%,65,18d16h,2026-04-26 00:25:34
4512,47%,5456/15989MB,45%,67,18d16h,2026-04-26 00:30:41
4513,47%,5031/15989MB,45%,64,18d16h,2026-04-26 00:35:34
4514,47%,5323/15989MB,45%,64,18d16h,2026-04-26 00:40:37
4515,47%,5066/15989MB,45%,64,18d16h,2026-04-26 00:45:36
4516,47%,5134/15989MB,45%,64,18d16h,2026-04-26 00:50:38
4517,47%,5081/15989MB,45%,64,18d16h,2026-04-26 00:55:34
4518,47%,5270/15989MB,45%,64,18d16h,2026-04-26 01:00:43
4519,47%,5355/15989MB,45%,64,18d16h,2026-04-26 01:05:34
4520,47%,5396/15989MB,45%,64,18d16h,2026-04-26 01:10:37
4521,47%,5337/15989MB,45%,64,18d17h,2026-04-26 01:15:36
4522,47%,5355/15989MB,45%,64,18d17h,2026-04-26 01:20:36
4523,47%,4992/15989MB,45%,64,18d17h,2026-04-26 01:25:34
4524,47%,5345/15989MB,45%,64,18d17h,2026-04-26 01:30:39
4525,47%,5051/15989MB,45%,64,18d17h,2026-04-26 01:35:34
4526,47%,5421/15989MB,45%,66,18d17h,2026-04-26 01:40:40
4527,47%,5395/15989MB,45%,64,18d17h,2026-04-26 01:45:39
4528,47%,5347/15989MB,45%,64,18d17h,2026-04-26 01:50:35
4529,47%,5409/15989MB,45%,64,18d17h,2026-04-26 01:55:35
4530,47%,4822/15989MB,45%,64,18d17h,2026-04-26 02:00:42
4531,47%,4843/15989MB,45%,64,18d17h,2026-04-26 02:05:34
4532,47%,5427/15989MB,45%,64,18d17h,2026-04-26 02:10:36
4533,47%,5358/15989MB,45%,64,18d18h,2026-04-26 02:15:40
4534,47%,5178/15989MB,45%,64,18d18h,2026-04-26 02:20:38
4535,47%,5110/15989MB,45%,64,18d18h,2026-04-26 02:25:34
4536,47%,4830/15989MB,45%,64,18d18h,2026-04-26 02:30:42
4537,47%,5189/15989MB,45%,64,18d18h,2026-04-26 02:35:35
4538,47%,5334/15989MB,45%,64,18d18h,2026-04-26 02:40:40
4539,47%,5333/15989MB,45%,64,18d18h,2026-04-26 02:45:38
4540,47%,5343/15989MB,45%,64,18d18h,2026-04-26 02:50:41
4541,47%,5352/15989MB,45%,64,18d18h,2026-04-26 02:55:35
4542,47%,4830/15989MB,45%,64,18d18h,2026-04-26 03:00:45
4543,47%,4918/15989MB,45%,65,18d18h,2026-04-26 03:05:35
4544,47%,5341/15989MB,45%,65,18d18h,2026-04-26 03:10:38
4545,47%,4998/15989MB,45%,65,18d19h,2026-04-26 03:15:39
4546,47%,5464/15989MB,45%,67,18d19h,2026-04-26 03:20:41
4547,47%,5192/15989MB,45%,65,18d19h,2026-04-26 03:25:35
4548,47%,4823/15989MB,45%,65,18d19h,2026-04-26 03:30:44
4549,47%,5395/15989MB,45%,64,18d19h,2026-04-26 03:35:35
4550,47%,5171/15989MB,45%,64,18d19h,2026-04-26 03:40:39
4551,47%,5341/15989MB,45%,64,18d19h,2026-04-26 03:45:39
4552,47%,5270/15989MB,45%,64,18d19h,2026-04-26 03:50:41
4553,47%,4825/15989MB,45%,64,18d19h,2026-04-26 03:55:35
4554,47%,5216/15989MB,45%,64,18d19h,2026-04-26 04:00:45
4555,47%,4840/15989MB,45%,64,18d19h,2026-04-26 04:05:35
4556,47%,5477/15989MB,45%,66,18d19h,2026-04-26 04:10:40
4557,47%,5109/15989MB,45%,64,18d20h,2026-04-26 04:15:36
4558,47%,5500/15989MB,45%,66,18d20h,2026-04-26 04:20:40
4559,47%,5445/15989MB,45%,64,18d20h,2026-04-26 04:25:35
4560,47%,4878/15989MB,45%,64,18d20h,2026-04-26 04:30:39
4561,47%,5549/15989MB,45%,66,18d20h,2026-04-26 04:35:36
4562,47%,5421/15989MB,45%,64,18d20h,2026-04-26 04:40:40
4563,47%,5519/15989MB,45%,66,18d20h,2026-04-26 04:45:41
4564,1.24 1.86 2.10,5429/15989MB,45%,64,live,2026-04-26 04:46:58
4565,47%,4876/15989MB,45%,64,18d20h,2026-04-26 04:50:38
4566,47%,5395/15989MB,45%,64,18d20h,2026-04-26 04:55:38
4567,47%,5355/15989MB,45%,64,18d20h,2026-04-26 05:00:57
4568,47%,5193/15989MB,45%,64,18d20h,2026-04-26 05:05:37
4569,47%,4838/15989MB,45%,64,18d20h,2026-04-26 05:10:42
4570,47%,5437/15989MB,45%,64,18d21h,2026-04-26 05:15:38
4571,47%,5429/15989MB,45%,64,18d21h,2026-04-26 05:20:41
4572,47%,5409/15989MB,45%,64,18d21h,2026-04-26 05:25:35
4573,47%,5039/15989MB,45%,66,18d21h,2026-04-26 05:30:42
4574,47%,5354/15989MB,46%,64,18d21h,2026-04-26 05:35:36
4575,47%,4861/15989MB,46%,64,18d21h,2026-04-26 05:40:43
4576,47%,5272/15989MB,46%,64,18d21h,2026-04-26 05:45:41
4577,47%,4877/15989MB,46%,64,18d21h,2026-04-26 05:50:42
4578,47%,5453/15989MB,46%,66,18d21h,2026-04-26 05:55:37
4579,1.19 1.61 1.89,5300/15989MB,46%,64,live,2026-04-26 06:00:44
4580,47%,5266/15989MB,46%,64,18d21h,2026-04-26 06:00:56
4581,2.18 2.01 2.00,5098/15989MB,46%,66,live,2026-04-26 06:05:04
4582,47%,5522/15989MB,46%,66,18d21h,2026-04-26 06:05:38
4583,1.73 1.66 1.85,5340/15989MB,46%,64,live,2026-04-26 06:10:04
4584,47%,5036/15989MB,46%,64,18d21h,2026-04-26 06:10:44
4585,1.51 1.60 1.76,5202/15989MB,45%,66,live,2026-04-26 06:15:12
4586,47%,5491/15989MB,45%,66,18d22h,2026-04-26 06:15:42
4587,47%,4997/15989MB,45%,64,18d22h,2026-04-26 06:20:38
4588,47%,5218/15989MB,45%,64,18d22h,2026-04-26 06:25:37
4589,47%,5413/15989MB,45%,64,18d22h,2026-04-26 06:30:44
4590,?,NaN/NaNMB,45%,0,live,2026-04-26 06:35:33
4591,47%,5432/15989MB,45%,64,18d22h,2026-04-26 06:35:39
4592,47%,5515/15989MB,45%,66,18d22h,2026-04-26 06:40:40
4593,2.49 1.86 1.76,4949/15989MB,45%,64,live,2026-04-26 06:45:18
4594,47%,5418/15989MB,45%,64,18d22h,2026-04-26 06:45:39
4595,1.97 1.84 1.78,5364/15989MB,45%,64,live,2026-04-26 06:50:14
4596,47%,4889/15989MB,45%,64,18d22h,2026-04-26 06:50:40
4597,2.00 1.83 1.77,4883/15989MB,45%,64,live,2026-04-26 06:55:05
4598,47%,5313/15989MB,45%,64,18d22h,2026-04-26 06:55:38
4599,1.65 1.64 1.69,4858/15989MB,45%,64,live,2026-04-26 07:00:40
4600,47%,5384/15989MB,45%,64,18d22h,2026-04-26 07:00:56
4601,1.91 1.74 1.73,4890/15989MB,45%,64,live,2026-04-26 07:05:14
4602,47%,5358/15989MB,45%,64,18d22h,2026-04-26 07:05:38
4603,2.82 2.22 1.94,5255/15989MB,45%,64,live,2026-04-26 07:10:17
4604,47%,5391/15989MB,45%,64,18d22h,2026-04-26 07:10:44
4605,1.13 1.69 1.80,5251/15989MB,45%,64,live,2026-04-26 07:15:29
4606,47%,5394/15989MB,45%,64,18d23h,2026-04-26 07:15:40
4607,47%,5427/15989MB,48%,66,18d23h,2026-04-26 07:20:44
4608,1.79 2.23 2.09,5321/15989MB,48%,64,live,2026-04-26 07:25:17
4609,47%,4867/15989MB,48%,64,18d23h,2026-04-26 07:25:37
4610,1.81 1.83 1.94,4942/15989MB,48%,64,live,2026-04-26 07:30:19
4611,47%,5265/15989MB,48%,64,18d23h,2026-04-26 07:30:42
4612,2.47 1.82 1.88,5480/15989MB,48%,66,live,2026-04-26 07:35:14
4613,47%,5370/15989MB,48%,64,18d23h,2026-04-26 07:35:39
4614,2.76 2.38 2.11,4834/15989MB,48%,64,live,2026-04-26 07:40:25
4615,47%,5253/15989MB,48%,64,18d23h,2026-04-26 07:40:40
4616,1.20 1.63 1.86,5141/15989MB,48%,64,live,2026-04-26 07:45:25
4617,47%,5359/15989MB,48%,64,18d23h,2026-04-26 07:45:39
4618,2.27 1.93 1.94,5428/15989MB,48%,64,live,2026-04-26 07:50:18
4619,47%,5367/15989MB,48%,64,18d23h,2026-04-26 07:50:44
4620,2.29 1.87 1.88,5380/15989MB,48%,64,live,2026-04-26 07:55:14
4621,47%,5095/15989MB,48%,64,18d23h,2026-04-26 07:55:38
4622,1.93 1.66 1.77,5175/15989MB,48%,65,live,2026-04-26 08:00:30
4623,47%,5340/15989MB,48%,66,18d23h,2026-04-26 08:00:48
4624,1.69 1.98 1.90,5133/15989MB,48%,64,live,2026-04-26 08:05:07
4625,47%,5365/15989MB,48%,64,18d23h,2026-04-26 08:05:40
4626,2.26 2.13 1.99,5301/15989MB,48%,64,live,2026-04-26 08:10:15
4627,47%,5385/15989MB,48%,64,18d23h,2026-04-26 08:10:34
4628,47%,4858/15989MB,48%,64,18d23h,2026-04-26 08:10:42
4629,47%,5195/15989MB,48%,66,19d0h,2026-04-26 08:15:33
4630,47%,5386/15989MB,48%,64,19d0h,2026-04-26 08:20:31
4631,47%,5191/15989MB,48%,64,19d0h,2026-04-26 08:25:32
4632,47%,5383/15989MB,48%,64,19d0h,2026-04-26 08:30:35
4633,47%,5273/15989MB,48%,64,19d0h,2026-04-26 08:35:31
4634,47%,5205/15989MB,48%,64,19d0h,2026-04-26 08:40:32
4635,47%,5018/15989MB,48%,64,19d0h,2026-04-26 08:45:33
4636,47%,5124/15989MB,48%,64,19d0h,2026-04-26 08:50:33
4637,47%,5074/15989MB,48%,66,19d0h,2026-04-26 08:55:31
4638,47%,5181/15989MB,48%,64,19d0h,2026-04-26 09:00:32
4639,47%,5376/15989MB,48%,64,19d0h,2026-04-26 09:05:31
4640,47%,5317/15989MB,48%,64,19d0h,2026-04-26 09:10:34
4641,47%,5406/15989MB,48%,64,19d1h,2026-04-26 09:15:35
4642,47%,4863/15989MB,48%,64,19d1h,2026-04-26 09:20:31
4643,47%,5337/15989MB,48%,64,19d1h,2026-04-26 09:25:31
4644,47%,4856/15989MB,48%,64,19d1h,2026-04-26 09:30:31
4645,47%,5303/15989MB,48%,64,19d1h,2026-04-26 09:35:31
4646,47%,5365/15989MB,48%,64,19d1h,2026-04-26 09:40:32
4647,47%,5283/15989MB,48%,64,19d1h,2026-04-26 09:45:32
4648,47%,5466/15989MB,48%,66,19d1h,2026-04-26 09:50:35
4649,47%,5378/15989MB,48%,64,19d1h,2026-04-26 09:55:31
4650,47%,5394/15989MB,48%,64,19d1h,2026-04-26 10:00:32
4651,47%,4852/15989MB,48%,64,19d1h,2026-04-26 10:05:31
4652,47%,5235/15989MB,48%,64,19d1h,2026-04-26 10:10:31
4653,47%,5224/15989MB,48%,64,19d2h,2026-04-26 10:15:34
4654,47%,4849/15989MB,48%,64,19d2h,2026-04-26 10:20:31
4655,47%,5209/15989MB,48%,64,19d2h,2026-04-26 10:25:31
4656,47%,5018/15989MB,48%,64,19d2h,2026-04-26 10:30:36
4657,47%,5360/15989MB,48%,64,19d2h,2026-04-26 10:35:31
4658,47%,5076/15989MB,48%,64,19d2h,2026-04-26 10:40:34
4659,47%,5478/15989MB,48%,66,19d2h,2026-04-26 10:45:34
4660,47%,5245/15989MB,48%,64,19d2h,2026-04-26 10:50:33
4661,47%,5369/15989MB,48%,64,19d2h,2026-04-26 10:55:31
4662,47%,5311/15989MB,48%,66,19d2h,2026-04-26 11:00:39
4663,47%,5383/15989MB,48%,64,19d2h,2026-04-26 11:05:31
4664,47%,5026/15989MB,48%,64,19d2h,2026-04-26 11:10:35
4665,47%,5309/15989MB,48%,64,19d3h,2026-04-26 11:15:34
4666,47%,5368/15989MB,48%,64,19d3h,2026-04-26 11:20:33
4667,47%,5225/15989MB,48%,64,19d3h,2026-04-26 11:25:31
4668,47%,5380/15989MB,48%,64,19d3h,2026-04-26 11:30:31
4669,47%,5080/15989MB,48%,64,19d3h,2026-04-26 11:35:33
4670,47%,5130/15989MB,48%,64,19d3h,2026-04-26 11:40:34
4671,47%,4928/15989MB,48%,64,19d3h,2026-04-26 11:45:32
4672,47%,5379/15989MB,48%,64,19d3h,2026-04-26 11:50:34
4673,47%,4871/15989MB,48%,64,19d3h,2026-04-26 11:55:31
4674,47%,5182/15989MB,48%,64,19d3h,2026-04-26 12:00:33
4675,47%,5377/15989MB,48%,64,19d3h,2026-04-26 12:05:31
4676,47%,4857/15989MB,48%,64,19d3h,2026-04-26 12:10:35
4677,47%,5378/15989MB,48%,64,19d4h,2026-04-26 12:15:33
4678,1.84 1.79 1.82,4874/15989MB,48%,64,live,2026-04-26 12:18:21
4679,47%,5379/15989MB,48%,64,19d4h,2026-04-26 12:20:34
4680,47%,5385/15989MB,48%,64,19d4h,2026-04-26 12:25:31
4681,47%,5399/15989MB,48%,64,19d4h,2026-04-26 12:30:31
4682,47%,5170/15989MB,48%,64,19d4h,2026-04-26 12:35:33
4683,47%,5387/15989MB,48%,64,19d4h,2026-04-26 12:40:34
4684,47%,5351/15989MB,48%,66,19d4h,2026-04-26 12:45:35
4685,47%,5272/15989MB,48%,64,19d4h,2026-04-26 12:50:33
4686,47%,5009/15989MB,48%,64,19d4h,2026-04-26 12:55:31
4687,47%,5469/15989MB,48%,64,19d4h,2026-04-26 13:00:35
4688,47%,4866/15989MB,48%,64,19d4h,2026-04-26 13:05:29
4689,47%,5282/15989MB,48%,64,19d4h,2026-04-26 13:10:32
4690,47%,5398/15989MB,48%,64,19d5h,2026-04-26 13:15:31
4691,47%,5074/15989MB,48%,64,19d5h,2026-04-26 13:20:35
4692,47%,5237/15989MB,48%,64,19d5h,2026-04-26 13:25:32
4693,47%,5113/15989MB,48%,64,19d5h,2026-04-26 13:30:34
4694,47%,5126/15989MB,48%,64,19d5h,2026-04-26 13:35:29
4695,47%,5379/15989MB,48%,64,19d5h,2026-04-26 13:40:32
4696,47%,5386/15989MB,48%,64,19d5h,2026-04-26 13:45:32
4697,47%,5522/15989MB,48%,66,19d5h,2026-04-26 13:50:32
4698,47%,5372/15989MB,48%,64,19d5h,2026-04-26 13:55:30
4699,47%,5273/15989MB,48%,64,19d5h,2026-04-26 14:00:35
4700,47%,5181/15989MB,48%,64,19d5h,2026-04-26 14:05:29
4701,47%,5409/15989MB,48%,64,19d5h,2026-04-26 14:10:32
4702,47%,4846/15989MB,48%,64,19d6h,2026-04-26 14:15:31
4703,47%,5377/15989MB,48%,64,19d6h,2026-04-26 14:20:32
4704,47%,5380/15989MB,48%,64,19d6h,2026-04-26 14:25:31
4705,1.51 1.66 1.75,5368/15989MB,48%,64,live,2026-04-26 14:26:16
4706,47%,5204/15989MB,48%,66,19d6h,2026-04-26 14:30:30
4707,47%,5365/15989MB,48%,64,19d6h,2026-04-26 14:35:31
4708,47%,4991/15989MB,48%,64,19d6h,2026-04-26 14:40:33
4709,47%,5503/15989MB,48%,66,19d6h,2026-04-26 14:45:32
4710,47%,5382/15989MB,48%,64,19d6h,2026-04-26 14:50:33
4711,47%,5361/15989MB,48%,64,19d6h,2026-04-26 14:55:29
4712,47%,5388/15989MB,48%,64,19d6h,2026-04-26 15:00:31
4713,47%,5245/15989MB,48%,64,19d6h,2026-04-26 15:05:29
4714,47%,5391/15989MB,48%,64,19d6h,2026-04-26 15:10:33
4715,47%,5017/15989MB,48%,64,19d7h,2026-04-26 15:15:32
4716,47%,5256/15989MB,48%,64,19d7h,2026-04-26 15:20:30
4717,47%,4981/15989MB,48%,66,19d7h,2026-04-26 15:25:31
4718,47%,5192/15989MB,48%,64,19d7h,2026-04-26 15:30:35
4719,47%,5384/15989MB,48%,64,19d7h,2026-04-26 15:35:31
4720,47%,5194/15989MB,48%,66,19d7h,2026-04-26 15:40:32
4721,47%,5390/15989MB,48%,64,19d7h,2026-04-26 15:45:32
4722,47%,4887/15989MB,48%,64,19d7h,2026-04-26 15:50:30
4723,47%,5399/15989MB,48%,64,19d7h,2026-04-26 15:55:31
4724,47%,5071/15989MB,48%,64,19d7h,2026-04-26 16:00:35
4725,47%,5359/15989MB,48%,64,19d7h,2026-04-26 16:05:30
4726,47%,4859/15989MB,48%,64,19d7h,2026-04-26 16:10:33
4727,47%,5391/15989MB,48%,64,19d8h,2026-04-26 16:15:33
4728,47%,5004/15989MB,48%,66,19d8h,2026-04-26 16:20:33
4729,47%,5397/15989MB,48%,64,19d8h,2026-04-26 16:25:32
4730,47%,4850/15989MB,48%,64,19d8h,2026-04-26 16:30:36
4731,47%,5521/15989MB,48%,66,19d8h,2026-04-26 16:35:31
4732,47%,5395/15989MB,48%,64,19d8h,2026-04-26 16:40:31
4733,47%,5018/15989MB,48%,64,19d8h,2026-04-26 16:45:33
4734,47%,5262/15989MB,48%,64,19d8h,2026-04-26 16:50:31
4735,47%,4858/15989MB,48%,64,19d8h,2026-04-26 16:55:30
4736,47%,5209/15989MB,48%,64,19d8h,2026-04-26 17:00:38
4737,47%,5248/15989MB,48%,64,19d8h,2026-04-26 17:05:31
4738,47%,5002/15989MB,48%,64,19d8h,2026-04-26 17:10:31
4739,46%,5315/15989MB,48%,65,19d9h,2026-04-26 17:15:33
4740,46%,4871/15989MB,48%,64,19d9h,2026-04-26 17:20:34
4741,46%,5401/15989MB,48%,64,19d9h,2026-04-26 17:25:31
4742,46%,4994/15989MB,48%,66,19d9h,2026-04-26 17:30:36
4743,46%,5178/15989MB,48%,64,19d9h,2026-04-26 17:35:32
4744,46%,5405/15989MB,48%,64,19d9h,2026-04-26 17:40:34
4745,46%,5274/15989MB,48%,64,19d9h,2026-04-26 17:45:33
4746,46%,5386/15989MB,48%,64,19d9h,2026-04-26 17:50:35
4747,46%,5235/15989MB,48%,64,19d9h,2026-04-26 17:55:32
4748,46%,4882/15989MB,48%,64,19d9h,2026-04-26 18:00:40
4749,46%,5303/15989MB,48%,64,19d9h,2026-04-26 18:05:32
4750,46%,5313/15989MB,48%,66,19d9h,2026-04-26 18:10:32
4751,46%,4878/15989MB,48%,64,19d10h,2026-04-26 18:15:33
4752,46%,5298/15989MB,48%,64,19d10h,2026-04-26 18:20:36
4753,46%,5393/15989MB,48%,64,19d10h,2026-04-26 18:25:31
4754,46%,5369/15989MB,48%,64,19d10h,2026-04-26 18:30:37
4755,46%,5392/15989MB,48%,64,19d10h,2026-04-26 18:35:32
4756,46%,5415/15989MB,48%,64,19d10h,2026-04-26 18:40:34
4757,46%,5384/15989MB,48%,64,19d10h,2026-04-26 18:45:34
4758,46%,5269/15989MB,48%,64,19d10h,2026-04-26 18:50:34
4759,46%,5333/15989MB,48%,64,19d10h,2026-04-26 18:55:32
4760,46%,5378/15989MB,48%,64,19d10h,2026-04-26 19:00:47
4761,46%,5387/15989MB,48%,64,19d10h,2026-04-26 19:05:31
4762,46%,5414/15989MB,48%,64,19d10h,2026-04-26 19:10:31
4763,46%,5425/15989MB,48%,66,19d11h,2026-04-26 19:15:33
4764,46%,5078/15989MB,48%,64,19d11h,2026-04-26 19:20:34
4765,46%,5400/15989MB,48%,64,19d11h,2026-04-26 19:25:32
4766,46%,5055/15989MB,48%,64,19d11h,2026-04-26 19:30:39
4767,46%,5424/15989MB,48%,64,19d11h,2026-04-26 19:35:33
4768,46%,4868/15989MB,48%,64,19d11h,2026-04-26 19:40:31
4769,46%,5301/15989MB,48%,64,19d11h,2026-04-26 19:45:33
4770,46%,4873/15989MB,48%,64,19d11h,2026-04-26 19:50:35
4771,46%,5341/15989MB,48%,64,19d11h,2026-04-26 19:55:31
4772,46%,4909/15989MB,48%,64,19d11h,2026-04-26 20:00:44
4773,46%,5369/15989MB,48%,64,19d11h,2026-04-26 20:05:31
4774,46%,5198/15989MB,48%,64,19d11h,2026-04-26 20:10:35
4775,46%,5382/15989MB,48%,64,19d12h,2026-04-26 20:15:34
4776,46%,5418/15989MB,48%,66,19d12h,2026-04-26 20:20:35
4777,46%,5331/15989MB,48%,64,19d12h,2026-04-26 20:25:29
4778,46%,5230/15989MB,48%,64,19d12h,2026-04-26 20:30:42
4779,2.41 1.93 1.82,5294/15989MB,48%,64,live,2026-04-26 20:32:09
4780,46%,5296/15989MB,48%,64,19d12h,2026-04-26 20:35:32
4781,46%,4863/15989MB,48%,64,19d12h,2026-04-26 20:40:34
4782,46%,5482/15989MB,48%,66,19d12h,2026-04-26 20:45:37
4783,46%,5381/15989MB,48%,64,19d12h,2026-04-26 20:50:35
4784,46%,5394/15989MB,48%,64,19d12h,2026-04-26 20:55:30
4785,46%,5568/15989MB,48%,66,19d12h,2026-04-26 21:00:43
4786,46%,5212/15989MB,48%,64,19d12h,2026-04-26 21:05:32
4787,46%,5395/15989MB,48%,64,19d12h,2026-04-26 21:10:37
4788,46%,5191/15989MB,48%,64,19d13h,2026-04-26 21:15:36
4789,46%,5264/15989MB,48%,64,19d13h,2026-04-26 21:20:38
4790,46%,5377/15989MB,48%,64,19d13h,2026-04-26 21:25:32
4791,46%,5212/15989MB,48%,64,19d13h,2026-04-26 21:30:34
4792,46%,5142/15989MB,48%,64,19d13h,2026-04-26 21:35:32
4793,46%,4993/15989MB,48%,66,19d13h,2026-04-26 21:40:36
4794,46%,5370/15989MB,48%,64,19d13h,2026-04-26 21:45:34
4795,2.20 1.79 1.72,5395/15989MB,48%,64,live,2026-04-26 21:46:00
4796,46%,5389/15989MB,48%,64,19d13h,2026-04-26 21:50:35
4797,46%,5403/15989MB,48%,64,19d13h,2026-04-26 21:55:32
4798,46%,4869/15989MB,48%,64,19d13h,2026-04-26 22:00:42
4799,46%,5409/15989MB,48%,64,19d13h,2026-04-26 22:05:29
4800,46%,5405/15989MB,48%,64,19d13h,2026-04-26 22:10:36
4801,46%,5386/15989MB,48%,64,19d14h,2026-04-26 22:15:42
4802,46%,5498/15989MB,48%,66,19d14h,2026-04-26 22:20:36
4803,46%,5164/15989MB,48%,64,19d14h,2026-04-26 22:25:32
4804,46%,5390/15989MB,48%,64,19d14h,2026-04-26 22:30:37
4805,46%,5228/15989MB,48%,64,19d14h,2026-04-26 22:35:32
4806,46%,5401/15989MB,48%,64,19d14h,2026-04-26 22:40:36
4807,46%,5366/15989MB,48%,64,19d14h,2026-04-26 22:45:35
4808,46%,4880/15989MB,48%,64,19d14h,2026-04-26 22:50:32
4809,46%,5364/15989MB,48%,64,19d14h,2026-04-26 22:55:30
4810,46%,5410/15989MB,48%,66,19d14h,2026-04-26 23:00:38
4811,46%,5395/15989MB,48%,64,19d14h,2026-04-26 23:05:32
4812,46%,5248/15989MB,48%,64,19d14h,2026-04-26 23:10:35
4813,46%,5404/15989MB,48%,64,19d15h,2026-04-26 23:15:34
4814,46%,5156/15989MB,48%,64,19d15h,2026-04-26 23:20:35
4815,46%,4873/15989MB,48%,64,19d15h,2026-04-26 23:25:32
4816,46%,5280/15989MB,48%,64,19d15h,2026-04-26 23:30:38
4817,46%,4993/15989MB,48%,64,19d15h,2026-04-26 23:35:32
4818,46%,5494/15989MB,48%,66,19d15h,2026-04-26 23:40:36
4819,46%,5156/15989MB,48%,64,19d15h,2026-04-26 23:45:34
4820,46%,4864/15989MB,48%,64,19d15h,2026-04-26 23:50:35
4821,46%,5572/15989MB,48%,66,19d15h,2026-04-26 23:55:31
4822,46%,5529/15989MB,48%,64,19d15h,2026-04-27 00:00:59
4823,46%,5153/15989MB,45%,65,19d15h,2026-04-27 00:05:31
4824,46%,5104/15989MB,45%,65,19d15h,2026-04-27 00:10:36
4825,46%,5328/15989MB,45%,65,19d16h,2026-04-27 00:15:33
4826,46%,5115/15989MB,45%,64,19d16h,2026-04-27 00:20:35
4827,46%,5186/15989MB,45%,64,19d16h,2026-04-27 00:25:31
4828,46%,5318/15989MB,45%,64,19d16h,2026-04-27 00:30:41
4829,1.02 1.54 1.61,4886/15989MB,45%,64,live,2026-04-27 00:31:26
4830,46%,5385/15989MB,45%,64,19d16h,2026-04-27 00:35:31
4831,46%,5182/15989MB,45%,64,19d16h,2026-04-27 00:40:35
4832,46%,4990/15989MB,45%,66,19d16h,2026-04-27 00:45:34
4833,46%,5235/15989MB,45%,64,19d16h,2026-04-27 00:50:35
4834,46%,4875/15989MB,45%,64,19d16h,2026-04-27 00:55:32
4835,46%,5559/15989MB,45%,66,19d16h,2026-04-27 01:00:44
4836,46%,4886/15989MB,45%,64,19d16h,2026-04-27 01:05:31
4837,46%,5366/15989MB,45%,64,19d16h,2026-04-27 01:10:34
4838,46%,4974/15989MB,45%,64,19d17h,2026-04-27 01:15:33
4839,46%,5378/15989MB,46%,64,19d17h,2026-04-27 01:20:31
4840,46%,5246/15989MB,46%,64,19d17h,2026-04-27 01:25:30
4841,46%,4883/15989MB,46%,64,19d17h,2026-04-27 01:30:38
4842,46%,5202/15989MB,46%,64,19d17h,2026-04-27 01:35:32
4843,46%,5520/15989MB,46%,66,19d17h,2026-04-27 01:40:32
4844,46%,5395/15989MB,46%,64,19d17h,2026-04-27 01:45:33
4845,46%,5378/15989MB,46%,64,19d17h,2026-04-27 01:50:31
4846,46%,5357/15989MB,46%,66,19d17h,2026-04-27 01:55:30
4847,46%,5404/15989MB,46%,64,19d17h,2026-04-27 02:00:41
4848,46%,4872/15989MB,46%,64,19d17h,2026-04-27 02:05:32
4849,46%,5442/15989MB,46%,64,19d17h,2026-04-27 02:10:31
4850,46%,5399/15989MB,46%,64,19d18h,2026-04-27 02:15:32
4851,46%,5387/15989MB,45%,64,19d18h,2026-04-27 02:20:34
4852,46%,5394/15989MB,45%,64,19d18h,2026-04-27 02:25:32
4853,46%,5384/15989MB,45%,64,19d18h,2026-04-27 02:30:30
4854,46%,5395/15989MB,45%,64,19d18h,2026-04-27 02:35:31
4855,46%,5368/15989MB,45%,64,19d18h,2026-04-27 02:40:33
4856,46%,5536/15989MB,45%,66,19d18h,2026-04-27 02:45:32
4857,46%,4864/15989MB,45%,64,19d18h,2026-04-27 02:50:31
4858,46%,5470/15989MB,45%,64,19d18h,2026-04-27 02:55:32
4859,46%,5553/15989MB,45%,66,19d18h,2026-04-27 03:00:34
4860,46%,4866/15989MB,45%,64,19d18h,2026-04-27 03:05:32
4861,46%,5313/15989MB,45%,64,19d18h,2026-04-27 03:10:30
4862,46%,5403/15989MB,45%,64,19d19h,2026-04-27 03:15:32
4863,46%,5410/15989MB,45%,64,19d19h,2026-04-27 03:20:33
4864,46%,5402/15989MB,45%,64,19d19h,2026-04-27 03:25:31
4865,46%,5411/15989MB,45%,64,19d19h,2026-04-27 03:30:32
4866,46%,5388/15989MB,45%,64,19d19h,2026-04-27 03:35:31
4867,46%,5406/15989MB,46%,64,19d19h,2026-04-27 03:40:33
4868,46%,4874/15989MB,46%,64,19d19h,2026-04-27 03:45:32
4869,46%,5466/15989MB,46%,66,19d19h,2026-04-27 03:50:33
4870,46%,5141/15989MB,46%,64,19d19h,2026-04-27 03:55:32
4871,46%,5394/15989MB,46%,64,19d19h,2026-04-27 04:00:41
4872,46%,5271/15989MB,46%,66,19d19h,2026-04-27 04:05:33
4873,46%,5396/15989MB,46%,64,19d19h,2026-04-27 04:10:37
4874,46%,5386/15989MB,46%,64,19d20h,2026-04-27 04:15:36
4875,46%,4891/15989MB,46%,64,19d20h,2026-04-27 04:20:38
4876,46%,5345/15989MB,46%,64,19d20h,2026-04-27 04:25:32
4877,46%,5396/15989MB,46%,64,19d20h,2026-04-27 04:30:48
4878,46%,5471/15989MB,46%,68,19d20h,2026-04-27 04:35:32
4879,46%,5072/15989MB,46%,64,19d20h,2026-04-27 04:40:35
4880,46%,5262/15989MB,46%,64,19d20h,2026-04-27 04:45:38
4881,46%,5435/15989MB,46%,64,19d20h,2026-04-27 04:50:36
4882,46%,5363/15989MB,46%,66,19d20h,2026-04-27 04:55:34
4883,46%,5444/15989MB,46%,64,19d20h,2026-04-27 05:00:45
4884,46%,5033/15989MB,46%,64,19d20h,2026-04-27 05:05:35
4885,46%,5546/15989MB,46%,66,19d20h,2026-04-27 05:10:39
4886,46%,5437/15989MB,46%,64,19d21h,2026-04-27 05:15:37
4887,46%,5435/15989MB,46%,64,19d21h,2026-04-27 05:20:39
4888,46%,5265/15989MB,46%,64,19d21h,2026-04-27 05:25:36
4889,46%,5169/15989MB,46%,64,19d21h,2026-04-27 05:30:50
4890,46%,5341/15989MB,46%,64,19d21h,2026-04-27 05:35:36
4891,46%,4902/15989MB,46%,64,19d21h,2026-04-27 05:40:38
4892,46%,5440/15989MB,46%,64,19d21h,2026-04-27 05:45:44
4893,46%,4975/15989MB,46%,66,19d21h,2026-04-27 05:50:38
4894,46%,5218/15989MB,46%,64,19d21h,2026-04-27 05:55:35
4895,1.22 1.66 1.83,5442/15989MB,46%,64,live,2026-04-27 06:00:10
4896,1.49 1.68 1.83,5093/15989MB,46%,64,live,2026-04-27 06:00:36
4897,46%,5452/15989MB,46%,64,19d21h,2026-04-27 06:00:50
4898,1.34 1.60 1.77,5116/15989MB,46%,66,live,2026-04-27 06:05:14
4899,46%,5462/15989MB,46%,64,19d21h,2026-04-27 06:05:37
4900,3.43 2.15 1.91,5424/15989MB,46%,64,live,2026-04-27 06:10:24
4901,46%,4916/15989MB,46%,64,19d21h,2026-04-27 06:10:44
4902,1.01 1.53 1.71,5012/15989MB,46%,66,live,2026-04-27 06:15:13
4903,46%,5300/15989MB,46%,66,19d22h,2026-04-27 06:15:38
4904,2.13 1.89 1.81,5371/15989MB,46%,64,live,2026-04-27 06:20:14
4905,46%,4929/15989MB,46%,64,19d22h,2026-04-27 06:20:39
4906,2.05 1.76 1.75,4918/15989MB,46%,64,live,2026-04-27 06:25:03
4907,46%,5604/15989MB,46%,66,19d22h,2026-04-27 06:25:36
4908,1.25 1.60 1.70,4932/15989MB,46%,64,live,2026-04-27 06:30:38
4909,46%,5355/15989MB,46%,66,19d22h,2026-04-27 06:30:48
4910,46%,5428/15989MB,46%,64,19d22h,2026-04-27 06:35:37
4911,2.34 1.92 1.84,5418/15989MB,46%,64,live,2026-04-27 06:40:13
4912,46%,5254/15989MB,46%,64,19d22h,2026-04-27 06:40:41
4913,1.69 1.95 1.89,5353/15989MB,46%,64,live,2026-04-27 06:45:03
4914,46%,5422/15989MB,46%,64,19d22h,2026-04-27 06:45:38
4915,46%,5380/15989MB,46%,64,19d22h,2026-04-27 06:50:37
4916,2.19 2.07 2.00,5367/15989MB,46%,64,live,2026-04-27 06:55:10
4917,46%,5202/15989MB,46%,64,19d22h,2026-04-27 06:55:39
4918,46%,5348/15989MB,46%,64,19d22h,2026-04-27 07:00:56
4919,1.49 1.86 1.95,4893/15989MB,46%,64,live,2026-04-27 07:05:08
4920,46%,5482/15989MB,46%,64,19d22h,2026-04-27 07:05:38
4921,2.26 1.92 1.93,5436/15989MB,46%,64,live,2026-04-27 07:10:13
4922,46%,5404/15989MB,46%,64,19d22h,2026-04-27 07:10:40
4923,1.76 1.72 1.83,5397/15989MB,46%,64,live,2026-04-27 07:15:16
4924,46%,5137/15989MB,46%,64,19d23h,2026-04-27 07:15:39
4925,1.70 1.68 1.79,5209/15989MB,46%,66,live,2026-04-27 07:20:16
4926,46%,5475/15989MB,46%,66,19d23h,2026-04-27 07:20:40
4927,2.14 2.14 1.97,5234/15989MB,46%,64,live,2026-04-27 07:25:13
4928,46%,5404/15989MB,46%,64,19d23h,2026-04-27 07:25:38
4929,1.57 1.71 1.82,5417/15989MB,46%,64,live,2026-04-27 07:30:29
4930,46%,5271/15989MB,46%,64,19d23h,2026-04-27 07:30:37
4931,46%,5392/15989MB,46%,64,19d23h,2026-04-27 07:35:38
4932,1.56 1.77 1.80,5413/15989MB,46%,64,live,2026-04-27 07:40:15
4933,46%,5009/15989MB,46%,64,19d23h,2026-04-27 07:40:39
4934,1.62 1.62 1.71,5011/15989MB,46%,64,live,2026-04-27 07:45:15
4935,46%,5429/15989MB,46%,64,19d23h,2026-04-27 07:45:40
4936,2.44 1.87 1.77,5363/15989MB,46%,64,live,2026-04-27 07:50:23
4937,46%,5404/15989MB,46%,64,19d23h,2026-04-27 07:50:39
4938,1.58 1.92 1.84,5379/15989MB,46%,64,live,2026-04-27 07:55:19
4939,46%,4901/15989MB,46%,64,19d23h,2026-04-27 07:55:38
4940,46%,5484/15989MB,46%,66,19d23h,2026-04-27 08:00:41
4941,46%,5471/15989MB,46%,64,19d23h,2026-04-27 08:05:38
4942,46%,5394/15989MB,46%,64,19d23h,2026-04-27 08:10:37
4943,46%,4918/15989MB,46%,64,20d0h,2026-04-27 08:15:40
4944,46%,5290/15989MB,46%,64,20d0h,2026-04-27 08:20:37
4945,46%,5402/15989MB,46%,64,20d0h,2026-04-27 08:25:37
4946,46%,5410/15989MB,46%,64,20d0h,2026-04-27 08:30:41
4947,46%,5379/15989MB,46%,64,20d0h,2026-04-27 08:35:38
4948,46%,5389/15989MB,46%,64,20d0h,2026-04-27 08:40:39
4949,46%,5040/15989MB,46%,64,20d0h,2026-04-27 08:45:39
4950,46%,5298/15989MB,46%,64,20d0h,2026-04-27 08:50:40
4951,46%,5451/15989MB,46%,64,20d0h,2026-04-27 08:55:38
4952,46%,5400/15989MB,46%,64,20d0h,2026-04-27 09:00:43
4953,46%,5015/15989MB,46%,64,20d0h,2026-04-27 09:05:38
4954,46%,5437/15989MB,46%,66,20d0h,2026-04-27 09:10:38
4955,46%,5404/15989MB,46%,64,20d1h,2026-04-27 09:15:40
4956,46%,5026/15989MB,46%,64,20d1h,2026-04-27 09:20:41
4957,46%,5155/15989MB,46%,64,20d1h,2026-04-27 09:25:37
4958,46%,5396/15989MB,46%,64,20d1h,2026-04-27 09:30:42
4959,46%,4915/15989MB,46%,64,20d1h,2026-04-27 09:35:37
4960,46%,5299/15989MB,46%,64,20d1h,2026-04-27 09:40:38
4961,46%,5415/15989MB,46%,64,20d1h,2026-04-27 09:45:39
4962,46%,4900/15989MB,46%,64,20d1h,2026-04-27 09:50:38
4963,46%,5421/15989MB,46%,64,20d1h,2026-04-27 09:55:38
4964,46%,5255/15989MB,46%,64,20d1h,2026-04-27 10:00:42
4965,46%,5443/15989MB,46%,66,20d1h,2026-04-27 10:05:38
4966,46%,4907/15989MB,46%,64,20d1h,2026-04-27 10:10:38
4967,46%,5444/15989MB,46%,64,20d2h,2026-04-27 10:15:41
4968,46%,5370/15989MB,46%,64,20d2h,2026-04-27 10:20:43
4969,46%,4883/15989MB,46%,64,20d2h,2026-04-27 10:25:38
4970,46%,5444/15989MB,46%,64,20d2h,2026-04-27 10:30:42
4971,46%,4876/15989MB,46%,64,20d2h,2026-04-27 10:35:39
4972,46%,5301/15989MB,46%,64,20d2h,2026-04-27 10:40:42
4973,46%,5402/15989MB,46%,64,20d2h,2026-04-27 10:45:41
4974,46%,5219/15989MB,46%,64,20d2h,2026-04-27 10:50:43
4975,46%,5256/15989MB,46%,64,20d2h,2026-04-27 10:55:38
4976,46%,4886/15989MB,46%,64,20d2h,2026-04-27 11:00:48
4977,46%,5524/15989MB,46%,66,20d2h,2026-04-27 11:05:39
4978,46%,5514/15989MB,46%,66,20d2h,2026-04-27 11:10:41
4979,46%,4888/15989MB,46%,64,20d3h,2026-04-27 11:15:43
4980,46%,5344/15989MB,46%,64,20d3h,2026-04-27 11:20:39
4981,46%,5407/15989MB,46%,64,20d3h,2026-04-27 11:25:39
4982,46%,5403/15989MB,46%,64,20d3h,2026-04-27 11:30:51
4983,46%,5009/15989MB,46%,66,20d3h,2026-04-27 11:35:40
4984,46%,5430/15989MB,46%,64,20d3h,2026-04-27 11:40:46
4985,46%,5278/15989MB,46%,64,20d3h,2026-04-27 11:45:43
4986,46%,5504/15989MB,46%,66,20d3h,2026-04-27 11:50:45
4987,46%,4890/15989MB,46%,64,20d3h,2026-04-27 11:55:41
4988,46%,5287/15989MB,46%,64,20d3h,2026-04-27 12:00:46
4989,46%,5165/15989MB,46%,64,20d3h,2026-04-27 12:05:40
4990,46%,5402/15989MB,46%,64,20d3h,2026-04-27 12:10:45
4991,46%,5198/15989MB,46%,64,20d4h,2026-04-27 12:15:47
4992,46%,5400/15989MB,46%,64,20d4h,2026-04-27 12:20:48
4993,46%,5000/15989MB,46%,64,20d4h,2026-04-27 12:25:41
4994,46%,5573/15989MB,46%,66,20d4h,2026-04-27 12:30:46
4995,46%,5423/15989MB,46%,64,20d4h,2026-04-27 12:35:41
4996,46%,5362/15989MB,46%,64,20d4h,2026-04-27 12:40:44
4997,46%,5340/15989MB,46%,66,20d4h,2026-04-27 12:45:43
4998,46%,5420/15989MB,46%,64,20d4h,2026-04-27 12:50:46
4999,46%,5390/15989MB,46%,64,20d4h,2026-04-27 12:55:41
5000,46%,5420/15989MB,46%,64,20d4h,2026-04-27 13:00:56
5001,46%,5424/15989MB,46%,64,20d4h,2026-04-27 13:05:42
5002,46%,5405/15989MB,46%,64,20d4h,2026-04-27 13:10:47
5003,46%,5403/15989MB,46%,64,20d5h,2026-04-27 13:15:48
5004,46%,5416/15989MB,46%,64,20d5h,2026-04-27 13:20:45
5005,46%,5092/15989MB,46%,66,20d5h,2026-04-27 13:25:47
5006,46%,5409/15989MB,46%,64,20d5h,2026-04-27 13:30:54
5007,46%,5414/15989MB,46%,64,20d5h,2026-04-27 13:35:44
5008,46%,5499/15989MB,46%,66,20d5h,2026-04-27 13:40:46
5009,46%,4888/15989MB,46%,64,20d5h,2026-04-27 13:45:45
5010,46%,5245/15989MB,46%,64,20d5h,2026-04-27 13:50:45
5011,46%,5368/15989MB,46%,64,20d5h,2026-04-27 13:55:46
5012,46%,4868/15989MB,46%,64,20d5h,2026-04-27 14:00:53
5013,46%,4974/15989MB,46%,64,20d5h,2026-04-27 14:05:39
5014,46%,5348/15989MB,46%,64,20d5h,2026-04-27 14:10:46
5015,46%,5339/15989MB,46%,64,20d6h,2026-04-27 14:15:47
5016,46%,4974/15989MB,46%,66,20d6h,2026-04-27 14:20:53
5017,46%,5112/15989MB,46%,64,20d6h,2026-04-27 14:25:45
5018,46%,5399/15989MB,46%,64,20d6h,2026-04-27 14:31:05
5019,46%,5378/15989MB,46%,0,20d6h,2026-04-27 14:36:00
5020,46%,5402/15989MB,46%,64,20d6h,2026-04-27 14:40:48
5021,46%,5391/15989MB,46%,64,20d6h,2026-04-27 14:45:52
5022,46%,4889/15989MB,46%,64,20d6h,2026-04-27 14:50:54
5023,46%,5378/15989MB,46%,64,20d6h,2026-04-27 14:55:43
5024,46%,5399/15989MB,46%,64,20d6h,2026-04-27 15:01:05
5025,46%,4885/15989MB,46%,64,20d6h,2026-04-27 15:05:47
5026,46%,5288/15989MB,46%,64,20d6h,2026-04-27 15:10:56
5027,46%,5506/15989MB,46%,66,20d7h,2026-04-27 15:15:51
5028,46%,5339/15989MB,46%,64,20d7h,2026-04-27 15:20:54
5029,46%,5420/15989MB,46%,64,20d7h,2026-04-27 15:25:42
5030,46%,5531/15989MB,46%,66,20d7h,2026-04-27 15:30:55
5031,46%,5478/15989MB,46%,64,20d7h,2026-04-27 15:35:45
5032,46%,4917/15989MB,46%,64,20d7h,2026-04-27 15:40:43
5033,46%,5170/15989MB,46%,64,20d7h,2026-04-27 15:45:45
5034,46%,4894/15989MB,46%,64,20d7h,2026-04-27 15:50:47
5035,46%,5216/15989MB,46%,64,20d7h,2026-04-27 15:55:44
5036,46%,5403/15989MB,46%,64,20d7h,2026-04-27 16:01:06
5037,46%,5289/15989MB,46%,64,20d7h,2026-04-27 16:05:41
5038,46%,4910/15989MB,46%,64,20d7h,2026-04-27 16:10:54
5039,46%,5392/15989MB,46%,64,20d8h,2026-04-27 16:15:46
5040,46%,5138/15989MB,46%,64,20d8h,2026-04-27 16:20:50
5041,1.93 1.68 1.70,5391/15989MB,46%,64,live,2026-04-27 16:21:09
5042,1.36 1.63 1.70,5273/15989MB,46%,64,live,2026-04-27 16:25:43
5043,46%,5410/15989MB,46%,64,20d8h,2026-04-27 16:25:44
5044,46%,5266/15989MB,46%,64,20d8h,2026-04-27 16:30:57
5045,46%,5410/15989MB,46%,64,20d8h,2026-04-27 16:35:43
5046,46%,5229/15989MB,46%,64,20d8h,2026-04-27 16:40:47
5047,46%,4909/15989MB,46%,64,20d8h,2026-04-27 16:45:47
5048,46%,5305/15989MB,46%,64,20d8h,2026-04-27 16:50:52
5049,46%,4901/15989MB,46%,64,20d8h,2026-04-27 16:55:44
5050,46%,5362/15989MB,46%,66,20d8h,2026-04-27 17:00:57
5051,46%,4880/15989MB,46%,64,20d8h,2026-04-27 17:05:47
5052,46%,5444/15989MB,46%,64,20d8h,2026-04-27 17:10:51
5053,46%,5150/15989MB,46%,64,20d9h,2026-04-27 17:15:44
5054,46%,5413/15989MB,46%,64,20d9h,2026-04-27 17:20:43
5055,46%,5383/15989MB,46%,66,20d9h,2026-04-27 17:25:42
5056,46%,4903/15989MB,46%,64,20d9h,2026-04-27 17:31:00
5057,46%,5366/15989MB,46%,64,20d9h,2026-04-27 17:35:40
5058,46%,5402/15989MB,46%,64,20d9h,2026-04-27 17:40:41
5059,46%,5424/15989MB,46%,64,20d9h,2026-04-27 17:45:45
5060,46%,5228/15989MB,46%,66,20d9h,2026-04-27 17:50:50
5061,46%,5410/15989MB,46%,64,20d9h,2026-04-27 17:55:41
5062,46%,5356/15989MB,46%,64,20d9h,2026-04-27 18:00:52
5063,1.43 1.73 1.67,5449/15989MB,46%,64,live,2026-04-27 18:01:57
5064,46%,5420/15989MB,46%,64,20d9h,2026-04-27 18:05:44
5065,46%,5452/15989MB,46%,64,20d9h,2026-04-27 18:10:49
5066,46%,5260/15989MB,46%,64,20d10h,2026-04-27 18:15:50
5067,46%,4908/15989MB,46%,64,20d10h,2026-04-27 18:20:52
5068,46%,5448/15989MB,46%,64,20d10h,2026-04-27 18:25:38
5069,46%,5445/15989MB,46%,64,20d10h,2026-04-27 18:30:58
5070,46%,4926/15989MB,46%,64,20d10h,2026-04-27 18:35:40
5071,46%,5428/15989MB,46%,64,20d10h,2026-04-27 18:40:46
5072,46%,5504/15989MB,46%,64,20d10h,2026-04-27 18:45:47
5073,46%,5425/15989MB,46%,64,20d10h,2026-04-27 18:50:49
5074,46%,5560/15989MB,46%,66,20d10h,2026-04-27 18:55:44
5075,46%,5354/15989MB,46%,64,20d10h,2026-04-27 19:00:56
5076,46%,5517/15989MB,46%,66,20d10h,2026-04-27 19:05:42
5077,46%,5299/15989MB,46%,64,20d10h,2026-04-27 19:10:47
5078,46%,5055/15989MB,46%,64,20d11h,2026-04-27 19:15:50
5079,46%,5368/15989MB,46%,64,20d11h,2026-04-27 19:20:47
5080,46%,5208/15989MB,46%,64,20d11h,2026-04-27 19:25:44
5081,46%,4961/15989MB,46%,64,20d11h,2026-04-27 19:30:56
5082,46%,5496/15989MB,46%,64,20d11h,2026-04-27 19:35:42
5083,1.28 1.48 1.61,4924/15989MB,46%,65,live,2026-04-27 19:40:22
5084,46%,5574/15989MB,46%,66,20d11h,2026-04-27 19:40:47
5085,46%,4914/15989MB,46%,64,20d11h,2026-04-27 19:45:45
5086,46%,5393/15989MB,46%,64,20d11h,2026-04-27 19:50:47
5087,46%,5425/15989MB,46%,64,20d11h,2026-04-27 19:55:42
5088,46%,5480/15989MB,46%,64,20d11h,2026-04-27 20:00:52
5089,46%,5512/15989MB,46%,66,20d11h,2026-04-27 20:05:41
5090,46%,5211/15989MB,46%,64,20d11h,2026-04-27 20:10:47
5091,46%,4907/15989MB,46%,64,20d12h,2026-04-27 20:15:46
5092,46%,5340/15989MB,46%,64,20d12h,2026-04-27 20:20:40
5093,46%,5347/15989MB,46%,64,20d12h,2026-04-27 20:25:38
5094,46%,5534/15989MB,46%,66,20d12h,2026-04-27 20:30:51
5095,46%,5449/15989MB,46%,64,20d12h,2026-04-27 20:35:37
5096,46%,5300/15989MB,46%,64,20d12h,2026-04-27 20:40:47
5097,46%,5423/15989MB,46%,64,20d12h,2026-04-27 20:45:47
5098,46%,5226/15989MB,46%,64,20d12h,2026-04-27 20:50:46
5099,46%,5060/15989MB,46%,64,20d12h,2026-04-27 20:55:41
5100,46%,5433/15989MB,46%,64,20d12h,2026-04-27 21:00:58
5101,46%,5010/15989MB,46%,64,20d12h,2026-04-27 21:05:41
5102,46%,5460/15989MB,46%,64,20d12h,2026-04-27 21:10:33
5103,46%,5153/15989MB,46%,64,20d13h,2026-04-27 21:15:27
5104,46%,5421/15989MB,46%,64,20d13h,2026-04-27 21:20:33
5105,46%,5356/15989MB,46%,64,20d13h,2026-04-27 21:25:29
5106,46%,5456/15989MB,46%,65,20d13h,2026-04-27 21:30:32
5107,46%,4908/15989MB,46%,64,20d13h,2026-04-27 21:35:30
5108,46%,5430/15989MB,46%,64,20d13h,2026-04-27 21:40:33
5109,46%,5432/15989MB,46%,64,20d13h,2026-04-27 21:45:26
5110,46%,5141/15989MB,46%,64,20d13h,2026-04-27 21:50:33
5111,46%,5538/15989MB,46%,66,20d13h,2026-04-27 21:55:26
5112,46%,5434/15989MB,46%,64,20d13h,2026-04-27 22:00:37
5113,46%,4914/15989MB,46%,64,20d13h,2026-04-27 22:05:29
5114,46%,5426/15989MB,46%,64,20d13h,2026-04-27 22:10:26
5115,46%,5479/15989MB,46%,64,20d14h,2026-04-27 22:15:27
5116,46%,5010/15989MB,46%,66,20d14h,2026-04-27 22:20:26
5117,46%,5418/15989MB,46%,64,20d14h,2026-04-27 22:25:27
5118,46%,5317/15989MB,46%,64,20d14h,2026-04-27 22:30:34
5119,46%,5144/15989MB,46%,64,20d14h,2026-04-27 22:35:26
5120,46%,4931/15989MB,46%,64,20d14h,2026-04-27 22:40:33
5121,46%,5424/15989MB,46%,64,20d14h,2026-04-27 22:45:27
5122,1.69 1.65 1.69,5408/15989MB,46%,64,live,2026-04-27 22:46:24
5123,46%,5225/15989MB,46%,64,20d14h,2026-04-27 22:50:27
5124,46%,5436/15989MB,46%,64,20d14h,2026-04-27 22:55:29
5125,46%,5033/15989MB,46%,64,20d14h,2026-04-27 23:00:28
5126,46%,5380/15989MB,46%,64,20d14h,2026-04-27 23:05:30
5127,46%,5237/15989MB,46%,64,20d14h,2026-04-27 23:10:27
5128,46%,5005/15989MB,46%,64,20d15h,2026-04-27 23:15:31
5129,46%,5515/15989MB,46%,66,20d15h,2026-04-27 23:20:31
5130,46%,5310/15989MB,46%,64,20d15h,2026-04-27 23:25:30
5131,46%,5313/15989MB,46%,64,20d15h,2026-04-27 23:30:35
5132,46%,4894/15989MB,46%,64,20d15h,2026-04-27 23:35:30
5133,46%,5412/15989MB,46%,64,20d15h,2026-04-27 23:40:26
5134,46%,5331/15989MB,46%,64,20d15h,2026-04-27 23:45:31
5135,1.51 1.56 1.60,5426/15989MB,46%,64,live,2026-04-27 23:46:42
5136,46%,5436/15989MB,46%,64,20d15h,2026-04-27 23:50:27
5137,46%,5305/15989MB,46%,66,20d15h,2026-04-27 23:55:29
5138,46%,5047/15989MB,46%,64,20d15h,2026-04-28 00:00:43
5139,46%,5462/15989MB,45%,66,20d15h,2026-04-28 00:05:26
5140,46%,5334/15989MB,45%,65,20d15h,2026-04-28 00:10:26
5141,46%,4900/15989MB,45%,65,20d16h,2026-04-28 00:15:27
5142,46%,5361/15989MB,45%,65,20d16h,2026-04-28 00:20:33
5143,46%,5336/15989MB,45%,65,20d16h,2026-04-28 00:25:29
5144,1.32 1.52 1.61,5457/15989MB,45%,65,live,2026-04-28 00:25:41
5145,46%,5167/15989MB,45%,67,20d16h,2026-04-28 00:30:29
5146,46%,5417/15989MB,45%,64,20d16h,2026-04-28 00:35:32
5147,46%,5283/15989MB,45%,64,20d16h,2026-04-28 00:40:27
5148,46%,5342/15989MB,45%,64,20d16h,2026-04-28 00:45:34
5149,46%,5014/15989MB,45%,64,20d16h,2026-04-28 00:50:29
5150,46%,5418/15989MB,45%,64,20d16h,2026-04-28 00:55:33
5151,46%,5420/15989MB,45%,64,20d16h,2026-04-28 01:00:33
5152,46%,5470/15989MB,45%,66,20d16h,2026-04-28 01:05:31
5153,46%,4905/15989MB,45%,64,20d16h,2026-04-28 01:10:33
5154,46%,5407/15989MB,45%,64,20d17h,2026-04-28 01:15:27
5155,46%,5422/15989MB,45%,64,20d17h,2026-04-28 01:20:28
5156,46%,5100/15989MB,45%,64,20d17h,2026-04-28 01:25:27
5157,46%,5517/15989MB,45%,66,20d17h,2026-04-28 01:30:38
5158,46%,5310/15989MB,45%,64,20d17h,2026-04-28 01:35:26
5159,46%,4891/15989MB,45%,64,20d17h,2026-04-28 01:40:27
5160,46%,5489/15989MB,45%,64,20d17h,2026-04-28 01:45:27
5161,46%,4881/15989MB,45%,64,20d17h,2026-04-28 01:50:35
5162,46%,5262/15989MB,45%,64,20d17h,2026-04-28 01:55:27
5163,46%,5071/15989MB,45%,64,20d17h,2026-04-28 02:00:33
5164,46%,5426/15989MB,45%,64,20d17h,2026-04-28 02:05:26
5165,46%,4896/15989MB,45%,64,20d17h,2026-04-28 02:10:27
5166,46%,5471/15989MB,45%,64,20d18h,2026-04-28 02:15:27
5167,46%,4889/15989MB,45%,64,20d18h,2026-04-28 02:20:33
5168,46%,5538/15989MB,45%,66,20d18h,2026-04-28 02:25:27
5169,46%,5338/15989MB,45%,64,20d18h,2026-04-28 02:30:38
5170,46%,5500/15989MB,45%,64,20d18h,2026-04-28 02:35:29
5171,46%,5267/15989MB,45%,64,20d18h,2026-04-28 02:40:34
5172,46%,5435/15989MB,45%,64,20d18h,2026-04-28 02:45:32
5173,46%,5309/15989MB,45%,64,20d18h,2026-04-28 02:50:27
5174,46%,4900/15989MB,45%,64,20d18h,2026-04-28 02:55:30
5175,46%,5579/15989MB,45%,66,20d18h,2026-04-28 03:00:36
5176,46%,4957/15989MB,45%,64,20d18h,2026-04-28 03:05:30
5177,46%,5411/15989MB,45%,64,20d18h,2026-04-28 03:10:32
5178,46%,5442/15989MB,45%,64,20d19h,2026-04-28 03:15:32
5179,46%,5004/15989MB,45%,64,20d19h,2026-04-28 03:20:33
5180,1.24 1.35 1.56,5444/15989MB,45%,64,live,2026-04-28 03:21:19
5181,46%,5415/15989MB,45%,64,20d19h,2026-04-28 03:25:30
5182,46%,5287/15989MB,45%,64,20d19h,2026-04-28 03:30:34
5183,46%,5414/15989MB,45%,64,20d19h,2026-04-28 03:35:30
5184,46%,5403/15989MB,45%,64,20d19h,2026-04-28 03:40:27
5185,46%,4903/15989MB,45%,64,20d19h,2026-04-28 03:45:31
5186,1.37 1.60 1.75,5173/15989MB,45%,65,live,2026-04-28 03:45:44
5187,46%,5410/15989MB,45%,64,20d19h,2026-04-28 03:50:27
5188,46%,5237/15989MB,45%,64,20d19h,2026-04-28 03:55:28
5189,46%,5137/15989MB,45%,64,20d19h,2026-04-28 04:00:40
5190,46%,5279/15989MB,45%,64,20d19h,2026-04-28 04:05:30
5191,46%,5162/15989MB,45%,64,20d19h,2026-04-28 04:10:29
5192,1.48 1.79 1.78,5421/15989MB,45%,64,live,2026-04-28 04:15:27
5193,46%,5425/15989MB,45%,64,20d20h,2026-04-28 04:15:32
5194,46%,5238/15989MB,45%,64,20d20h,2026-04-28 04:20:30
5195,46%,5411/15989MB,45%,64,20d20h,2026-04-28 04:25:26
5196,46%,5440/15989MB,45%,64,20d20h,2026-04-28 04:30:33
5197,46%,5268/15989MB,45%,66,20d20h,2026-04-28 04:35:29
5198,46%,5391/15989MB,45%,64,20d20h,2026-04-28 04:40:34
5199,46%,5312/15989MB,45%,64,20d20h,2026-04-28 04:45:29
5200,1.80 1.89 1.80,5152/15989MB,45%,64,live,2026-04-28 04:46:22
5201,46%,4885/15989MB,45%,64,20d20h,2026-04-28 04:50:34
5202,46%,5339/15989MB,45%,64,20d20h,2026-04-28 04:55:28
5203,46%,5137/15989MB,45%,66,20d20h,2026-04-28 05:00:34
5204,46%,5277/15989MB,45%,65,20d20h,2026-04-28 05:05:29
5205,3.18 2.33 2.01,5491/15989MB,46%,64,live,2026-04-28 05:06:03
5206,46%,5442/15989MB,46%,64,20d20h,2026-04-28 05:10:31
5207,46%,5291/15989MB,46%,64,20d21h,2026-04-28 05:15:35
5208,2.13 1.97 1.90,5630/15989MB,46%,68,live,2026-04-28 05:16:52
5209,46%,5442/15989MB,46%,64,20d21h,2026-04-28 05:20:35
5210,46%,5033/15989MB,46%,64,20d21h,2026-04-28 05:25:30
5211,46%,5459/15989MB,46%,64,20d21h,2026-04-28 05:30:34
5212,46%,5267/15989MB,46%,66,20d21h,2026-04-28 05:35:31
5213,46%,5432/15989MB,46%,64,20d21h,2026-04-28 05:40:34
5214,46%,5433/15989MB,46%,64,20d21h,2026-04-28 05:45:38
5215,46%,5441/15989MB,46%,64,20d21h,2026-04-28 05:50:38
5216,46%,5269/15989MB,46%,64,20d21h,2026-04-28 05:55:29
5217,3.23 2.18 1.96,5636/15989MB,46%,66,live,2026-04-28 06:00:19
5218,46%,5111/15989MB,46%,66,20d21h,2026-04-28 06:00:50
5219,1.84 1.86 1.87,5349/15989MB,46%,64,live,2026-04-28 06:05:03
5220,46%,4965/15989MB,46%,64,20d21h,2026-04-28 06:05:27
5221,2.84 2.18 2.00,5576/15989MB,46%,68,live,2026-04-28 06:10:05
5222,46%,5524/15989MB,46%,69,20d21h,2026-04-28 06:10:39
5223,3.02 3.19 2.52,5419/15989MB,47%,68,live,2026-04-28 06:15:09
5224,46%,5582/15989MB,47%,66,20d22h,2026-04-28 06:15:35
5225,46%,5426/15989MB,47%,67,20d22h,2026-04-28 06:20:39
5226,46%,5457/15989MB,47%,64,20d22h,2026-04-28 06:25:31
5227,46%,4938/15989MB,47%,64,20d22h,2026-04-28 06:30:43
5228,1.04 1.67 2.31,5066/15989MB,47%,64,live,2026-04-28 06:35:08
5229,46%,5464/15989MB,47%,64,20d22h,2026-04-28 06:35:31
5230,1.58 1.74 2.17,5366/15989MB,47%,64,live,2026-04-28 06:40:06
5231,46%,5449/15989MB,47%,64,20d22h,2026-04-28 06:40:31
5232,1.48 1.57 1.96,5110/15989MB,47%,64,live,2026-04-28 06:45:17
5233,46%,5470/15989MB,47%,64,20d22h,2026-04-28 06:45:31
5234,2.19 1.76 1.92,5481/15989MB,47%,65,live,2026-04-28 06:50:15
5235,46%,5031/15989MB,47%,66,20d22h,2026-04-28 06:50:35
5236,1.46 1.59 1.80,4936/15989MB,47%,64,live,2026-04-28 06:55:04
5237,46%,5356/15989MB,47%,64,20d22h,2026-04-28 06:55:29
5238,1.61 1.55 1.72,5464/15989MB,47%,64,live,2026-04-28 07:00:14
5239,46%,5101/15989MB,47%,64,20d22h,2026-04-28 07:00:42
5240,46%,5404/15989MB,47%,64,20d22h,2026-04-28 07:05:30
5241,46%,5443/15989MB,47%,64,20d22h,2026-04-28 07:10:30
5242,46%,5374/15989MB,47%,64,20d23h,2026-04-28 07:15:37
5243,46%,5464/15989MB,47%,64,20d23h,2026-04-28 07:20:38
5244,46%,5203/15989MB,47%,64,20d23h,2026-04-28 07:25:30
5245,46%,5439/15989MB,47%,64,20d23h,2026-04-28 07:30:43
5246,46%,5287/15989MB,47%,64,20d23h,2026-04-28 07:35:32
5247,2.61 2.07 1.88,5429/15989MB,47%,64,live,2026-04-28 07:40:14
5248,46%,5459/15989MB,47%,64,20d23h,2026-04-28 07:40:33
5249,1.84 1.71 1.76,5440/15989MB,47%,64,live,2026-04-28 07:45:08
5250,46%,5093/15989MB,47%,64,20d23h,2026-04-28 07:45:37
5251,46%,5333/15989MB,47%,64,20d23h,2026-04-28 07:50:37
5252,1.36 1.38 1.56,5465/15989MB,47%,64,live,2026-04-28 07:55:10
5253,46%,5455/15989MB,47%,64,20d23h,2026-04-28 07:55:31
5254,1.66 1.59 1.60,5130/15989MB,47%,65,live,2026-04-28 08:00:32
5255,46%,5623/15989MB,47%,66,20d23h,2026-04-28 08:00:49
5256,46%,5048/15989MB,47%,66,20d23h,2026-04-28 08:05:33
5257,1.38 1.59 1.62,5429/15989MB,47%,64,live,2026-04-28 08:10:14
5258,46%,5064/15989MB,47%,64,20d23h,2026-04-28 08:10:31
5259,1.94 1.68 1.65,5071/15989MB,47%,65,live,2026-04-28 08:15:20
5260,46%,5348/15989MB,47%,66,21d0h,2026-04-28 08:15:36
5261,2.00 1.78 1.69,5494/15989MB,47%,69,live,2026-04-28 08:20:17
5262,46%,5568/15989MB,47%,68,21d0h,2026-04-28 08:20:30
5263,46%,5246/15989MB,48%,64,21d0h,2026-04-28 08:25:32
5264,46%,5436/15989MB,48%,64,21d0h,2026-04-28 08:30:39
5265,46%,4906/15989MB,48%,64,21d0h,2026-04-28 08:35:30
5266,46%,5300/15989MB,48%,67,21d0h,2026-04-28 08:40:33
5267,46%,5541/15989MB,48%,65,21d0h,2026-04-28 08:45:33
5268,46%,5205/15989MB,48%,64,21d0h,2026-04-28 08:50:38
5269,46%,5440/15989MB,48%,64,21d0h,2026-04-28 08:55:30
5270,46%,5465/15989MB,48%,64,21d0h,2026-04-28 09:00:47
5271,46%,5414/15989MB,48%,68,21d0h,2026-04-28 09:05:31
5272,46%,5264/15989MB,49%,66,21d0h,2026-04-28 09:10:31
5273,46%,5685/15989MB,49%,67,21d1h,2026-04-28 09:15:38
5274,46%,5449/15989MB,50%,64,21d1h,2026-04-28 09:20:39
5275,46%,5684/15989MB,50%,66,21d1h,2026-04-28 09:25:28
5276,46%,5431/15989MB,50%,64,21d1h,2026-04-28 09:30:45
5277,46%,5559/15989MB,50%,64,21d1h,2026-04-28 09:35:31
5278,46%,5544/15989MB,50%,68,21d1h,2026-04-28 09:40:37
5279,46%,5124/15989MB,51%,69,21d1h,2026-04-28 09:45:31
5280,46%,5108/15989MB,51%,65,21d1h,2026-04-28 09:50:31
5281,46%,5527/15989MB,51%,65,21d1h,2026-04-28 09:55:28
5282,46%,5525/15989MB,51%,65,21d1h,2026-04-28 10:00:44
5283,46%,5470/15989MB,51%,65,21d1h,2026-04-28 10:05:28
5284,2.84 2.20 2.36,5560/15989MB,51%,67,live,2026-04-28 10:06:02
5285,46%,5406/15989MB,51%,64,21d1h,2026-04-28 10:10:36
5286,46%,5388/15989MB,51%,65,21d2h,2026-04-28 10:15:32
5287,46%,4985/15989MB,51%,65,21d2h,2026-04-28 10:20:34
5288,46%,5373/15989MB,51%,65,21d2h,2026-04-28 10:25:28
5289,46%,5005/15989MB,51%,65,21d2h,2026-04-28 10:30:39
5290,46%,5197/15989MB,52%,67,21d2h,2026-04-28 10:35:29
5291,46%,5291/15989MB,53%,68,21d2h,2026-04-28 10:40:37
5292,46%,5639/15989MB,54%,68,21d2h,2026-04-28 10:45:32
5293,46%,5520/15989MB,55%,64,21d2h,2026-04-28 10:50:35
5294,1.37 2.58 2.98,5338/15989MB,55%,64,live,2026-04-28 10:52:43
5295,46%,5523/15989MB,55%,64,21d2h,2026-04-28 10:55:29
5296,46%,5947/15989MB,55%,67,21d2h,2026-04-28 11:00:40
5297,46%,5671/15989MB,56%,68,21d2h,2026-04-28 11:05:29
5298,46%,5487/15989MB,56%,65,21d2h,2026-04-28 11:10:30
5299,46%,5389/15989MB,56%,65,21d3h,2026-04-28 11:15:30
5300,46%,4968/15989MB,56%,65,21d3h,2026-04-28 11:20:29
5301,46%,5421/15989MB,56%,65,21d3h,2026-04-28 11:25:31
5302,46%,5152/15989MB,56%,67,21d3h,2026-04-28 11:30:40
5303,46%,5386/15989MB,56%,69,21d3h,2026-04-28 11:35:31
5304,46%,5674/15989MB,57%,68,21d3h,2026-04-28 11:40:36
5305,46%,5284/15989MB,57%,64,21d3h,2026-04-28 11:45:31
5306,46%,5031/15989MB,57%,64,21d3h,2026-04-28 11:50:41
5307,46%,5204/15989MB,57%,64,21d3h,2026-04-28 11:55:29
5308,46%,5554/15989MB,57%,66,21d3h,2026-04-28 12:00:58
5309,46%,5511/15989MB,57%,64,21d3h,2026-04-28 12:05:36
5310,46%,4996/15989MB,57%,64,21d3h,2026-04-28 12:10:33
5311,46%,5518/15989MB,57%,64,21d4h,2026-04-28 12:20:39
5312,46%,5505/15989MB,57%,64,21d4h,2026-04-28 12:25:30
5313,46%,5503/15989MB,57%,64,21d4h,2026-04-28 12:30:50
5314,46%,5264/15989MB,57%,64,21d4h,2026-04-28 12:35:30
5315,46%,5559/15989MB,57%,64,21d4h,2026-04-28 12:40:40
5316,1.98 1.87 1.91,5493/15989MB,57%,64,live,2026-04-28 12:40:52
5317,46%,4989/15989MB,57%,64,21d4h,2026-04-28 12:45:32
5318,46%,5437/15989MB,57%,64,21d4h,2026-04-28 12:50:40
5319,45%,5469/15989MB,57%,64,21d4h,2026-04-28 12:55:33
5320,45%,5232/15989MB,57%,64,21d4h,2026-04-28 13:00:47
5321,45%,5487/15989MB,57%,64,21d4h,2026-04-28 13:05:31
5322,45%,5492/15989MB,57%,64,21d4h,2026-04-28 13:10:37
5323,45%,5504/15989MB,57%,64,21d5h,2026-04-28 13:15:30
5324,45%,4987/15989MB,57%,64,21d5h,2026-04-28 13:20:37
5325,45%,5271/15989MB,57%,64,21d5h,2026-04-28 13:25:28
5326,45%,5552/15989MB,57%,64,21d5h,2026-04-28 13:30:36
5327,45%,5443/15989MB,57%,64,21d5h,2026-04-28 13:35:32
5328,45%,5397/15989MB,57%,64,21d5h,2026-04-28 13:40:35
5329,45%,5330/15989MB,57%,64,21d5h,2026-04-28 13:45:33
5330,45%,5481/15989MB,57%,64,21d5h,2026-04-28 13:50:30
5331,45%,5008/15989MB,57%,64,21d5h,2026-04-28 13:55:31
5332,45%,5293/15989MB,57%,64,21d5h,2026-04-28 14:00:46
5333,45%,5505/15989MB,57%,64,21d5h,2026-04-28 14:05:29
5334,45%,5330/15989MB,57%,64,21d5h,2026-04-28 14:10:41
5335,45%,5322/15989MB,57%,64,21d6h,2026-04-28 14:15:29
5336,45%,5006/15989MB,57%,64,21d6h,2026-04-28 14:20:42
5337,45%,5397/15989MB,57%,64,21d6h,2026-04-28 14:25:29
5338,45%,5505/15989MB,57%,64,21d6h,2026-04-28 14:30:40
5339,45%,4983/15989MB,57%,64,21d6h,2026-04-28 14:35:34
5340,45%,5441/15989MB,57%,64,21d6h,2026-04-28 14:40:39
5341,45%,5335/15989MB,57%,64,21d6h,2026-04-28 14:45:33
5342,2.20 2.08 2.02,5510/15989MB,57%,64,live,2026-04-28 14:45:51
5343,45%,5492/15989MB,57%,64,21d6h,2026-04-28 14:50:35
5344,45%,4992/15989MB,57%,64,21d6h,2026-04-28 14:55:32
5345,45%,5606/15989MB,57%,64,21d6h,2026-04-28 15:00:56
5346,45%,5380/15989MB,57%,64,21d6h,2026-04-28 15:05:32
5347,45%,5512/15989MB,57%,64,21d6h,2026-04-28 15:10:37
5348,45%,5503/15989MB,57%,64,21d7h,2026-04-28 15:15:37
5349,45%,5521/15989MB,57%,64,21d7h,2026-04-28 15:20:39
5350,45%,5564/15989MB,57%,66,21d7h,2026-04-28 15:25:27
5351,45%,5154/15989MB,57%,64,21d7h,2026-04-28 15:30:34
5352,45%,5539/15989MB,57%,64,21d7h,2026-04-28 15:35:26
5353,45%,5117/15989MB,57%,64,21d7h,2026-04-28 15:40:36
5354,45%,5505/15989MB,57%,64,21d7h,2026-04-28 15:45:35
5355,45%,4988/15989MB,57%,64,21d7h,2026-04-28 15:50:37
5356,45%,5402/15989MB,57%,64,21d7h,2026-04-28 15:55:33
5357,45%,5277/15989MB,57%,66,21d7h,2026-04-28 16:01:09
5358,45%,4987/15989MB,57%,64,21d7h,2026-04-28 16:05:32
5359,45%,5450/15989MB,57%,64,21d7h,2026-04-28 16:10:29
5360,45%,4996/15989MB,57%,64,21d8h,2026-04-28 16:15:34
5361,45%,5501/15989MB,57%,64,21d8h,2026-04-28 16:20:39
5362,45%,5505/15989MB,57%,64,21d8h,2026-04-28 16:25:29
5363,45%,5527/15989MB,57%,64,21d8h,2026-04-28 16:30:34
5364,45%,4982/15989MB,57%,64,21d8h,2026-04-28 16:35:34
5365,45%,5374/15989MB,57%,64,21d8h,2026-04-28 16:40:29
5366,45%,5510/15989MB,57%,64,21d8h,2026-04-28 16:45:39
5367,45%,5399/15989MB,57%,64,21d8h,2026-04-28 16:50:35
5368,45%,5504/15989MB,57%,64,21d8h,2026-04-28 16:55:28
5369,45%,5514/15989MB,57%,64,21d8h,2026-04-28 17:00:46
5370,45%,5532/15989MB,57%,65,21d8h,2026-04-28 17:05:29
5371,45%,5258/15989MB,57%,64,21d8h,2026-04-28 17:10:38
5372,45%,5507/15989MB,57%,64,21d9h,2026-04-28 17:15:35
5373,45%,5511/15989MB,57%,64,21d9h,2026-04-28 17:20:36
5374,45%,4986/15989MB,57%,64,21d9h,2026-04-28 17:25:28
5375,45%,5518/15989MB,57%,64,21d9h,2026-04-28 17:30:40
5376,45%,4977/15989MB,57%,64,21d9h,2026-04-28 17:35:30
5377,45%,5510/15989MB,57%,64,21d9h,2026-04-28 17:40:56
5378,45%,5507/15989MB,57%,64,21d9h,2026-04-28 17:45:31
5379,45%,5501/15989MB,57%,64,21d9h,2026-04-28 17:50:32
5380,45%,5515/15989MB,57%,64,21d9h,2026-04-28 17:55:30
5381,45%,5496/15989MB,57%,66,21d9h,2026-04-28 18:00:55
5382,45%,5498/15989MB,57%,64,21d9h,2026-04-28 18:05:33
5383,45%,5595/15989MB,57%,64,21d9h,2026-04-28 18:10:39
5384,45%,5512/15989MB,57%,64,21d10h,2026-04-28 18:15:31
5385,45%,5159/15989MB,57%,64,21d10h,2026-04-28 18:20:30
5386,45%,5518/15989MB,57%,64,21d10h,2026-04-28 18:25:32
5387,45%,5313/15989MB,57%,64,21d10h,2026-04-28 18:30:35
5388,45%,5512/15989MB,57%,64,21d10h,2026-04-28 18:35:29
5389,45%,5240/15989MB,57%,64,21d10h,2026-04-28 18:40:36
5390,45%,5566/15989MB,57%,64,21d10h,2026-04-28 18:45:34
5391,45%,5518/15989MB,57%,64,21d10h,2026-04-28 18:50:39
5392,45%,4998/15989MB,57%,64,21d10h,2026-04-28 18:55:31
5393,45%,5509/15989MB,57%,64,21d10h,2026-04-28 19:00:57
5394,45%,5298/15989MB,57%,64,21d10h,2026-04-28 19:05:36
5395,45%,4990/15989MB,57%,64,21d10h,2026-04-28 19:10:39
5396,45%,5214/15989MB,57%,64,21d11h,2026-04-28 19:15:31
5397,45%,5389/15989MB,57%,64,21d11h,2026-04-28 19:20:32
5398,45%,5500/15989MB,57%,64,21d11h,2026-04-28 19:25:27
5399,45%,5360/15989MB,57%,64,21d11h,2026-04-28 19:30:39
5400,45%,5651/15989MB,57%,66,21d11h,2026-04-28 19:35:34
5401,45%,5515/15989MB,57%,64,21d11h,2026-04-28 19:40:29
5402,45%,4992/15989MB,58%,64,21d11h,2026-04-28 19:45:36
5403,45%,5583/15989MB,58%,66,21d11h,2026-04-28 19:50:41
5404,45%,5417/15989MB,58%,64,21d11h,2026-04-28 19:55:28
5405,45%,5376/15989MB,58%,64,21d11h,2026-04-28 20:00:59
5406,45%,5001/15989MB,58%,64,21d11h,2026-04-28 20:05:14
5407,45%,5252/15989MB,58%,64,21d11h,2026-04-28 20:10:18
5408,45%,5554/15989MB,58%,64,21d12h,2026-04-28 20:15:13
5409,45%,5389/15989MB,58%,64,21d12h,2026-04-28 20:20:10
5410,45%,5519/15989MB,58%,64,21d12h,2026-04-28 20:25:13
5411,45%,5368/15989MB,58%,66,21d12h,2026-04-28 20:30:10
5412,45%,5349/15989MB,58%,64,21d12h,2026-04-28 20:35:13
5413,45%,5512/15989MB,58%,64,21d12h,2026-04-28 20:40:09
5414,45%,5519/15989MB,58%,66,21d12h,2026-04-28 20:45:17
5415,45%,5417/15989MB,58%,64,21d12h,2026-04-28 20:50:11
5416,45%,5510/15989MB,58%,64,21d12h,2026-04-28 20:55:14
5417,45%,5131/15989MB,58%,64,21d12h,2026-04-28 21:00:14
5418,45%,5307/15989MB,58%,64,21d12h,2026-04-28 21:05:15
5419,45%,5333/15989MB,58%,64,21d12h,2026-04-28 21:10:09
5420,45%,5499/15989MB,58%,64,21d13h,2026-04-28 21:15:10
5421,45%,5017/15989MB,58%,64,21d13h,2026-04-28 21:20:11
5422,45%,5640/15989MB,58%,66,21d13h,2026-04-28 21:25:14
5423,45%,5490/15989MB,58%,64,21d13h,2026-04-28 21:30:08
5424,45%,4998/15989MB,58%,64,21d13h,2026-04-28 21:35:12
5425,45%,5388/15989MB,58%,64,21d13h,2026-04-28 21:40:10
5426,45%,5539/15989MB,58%,64,21d13h,2026-04-28 21:45:12
5427,45%,5520/15989MB,58%,64,21d13h,2026-04-28 21:50:09
5428,45%,5219/15989MB,58%,64,21d13h,2026-04-28 21:55:11
5429,45%,5535/15989MB,58%,64,21d13h,2026-04-28 22:00:22
5430,1.82 1.86 1.85,5479/15989MB,58%,64,live,2026-04-28 22:01:27
5431,45%,5614/15989MB,58%,66,21d13h,2026-04-28 22:05:13
5432,45%,4995/15989MB,58%,64,21d13h,2026-04-28 22:10:19
5433,45%,5512/15989MB,58%,64,21d14h,2026-04-28 22:15:16
5434,45%,5678/15989MB,58%,66,21d14h,2026-04-28 22:20:17
5435,45%,4994/15989MB,58%,64,21d14h,2026-04-28 22:25:09
5436,45%,5321/15989MB,58%,64,21d14h,2026-04-28 22:30:20
5437,45%,5504/15989MB,58%,64,21d14h,2026-04-28 22:35:09
5438,45%,5431/15989MB,58%,64,21d14h,2026-04-28 22:40:10
5439,45%,4995/15989MB,58%,64,21d14h,2026-04-28 22:45:10
5440,45%,5284/15989MB,58%,64,21d14h,2026-04-28 22:50:10
5441,45%,4990/15989MB,58%,64,21d14h,2026-04-28 22:55:10
5442,45%,5685/15989MB,58%,66,21d14h,2026-04-28 23:00:13
5443,45%,4997/15989MB,58%,64,21d14h,2026-04-28 23:05:16
5444,45%,5333/15989MB,58%,64,21d14h,2026-04-28 23:10:17
5445,45%,5462/15989MB,58%,64,21d15h,2026-04-28 23:15:16
5446,45%,5095/15989MB,58%,64,21d15h,2026-04-28 23:20:09
5447,45%,5496/15989MB,58%,64,21d15h,2026-04-28 23:25:10
5448,45%,5216/15989MB,58%,64,21d15h,2026-04-28 23:30:09
5449,45%,5506/15989MB,58%,64,21d15h,2026-04-28 23:35:10
5450,45%,5435/15989MB,58%,64,21d15h,2026-04-28 23:40:18
5451,45%,4988/15989MB,58%,64,21d15h,2026-04-28 23:45:16
5452,45%,5628/15989MB,58%,66,21d15h,2026-04-28 23:50:18
5453,45%,5071/15989MB,58%,64,21d15h,2026-04-28 23:55:09
5454,45%,5567/15989MB,58%,64,21d15h,2026-04-29 00:00:26
5455,45%,5618/15989MB,46%,66,21d15h,2026-04-29 00:05:08
5456,45%,4980/15989MB,46%,65,21d15h,2026-04-29 00:10:19
5457,45%,5454/15989MB,46%,65,21d16h,2026-04-29 00:15:16
5458,45%,5504/15989MB,46%,64,21d16h,2026-04-29 00:20:16
5459,45%,4970/15989MB,46%,64,21d16h,2026-04-29 00:25:12
5460,45%,5482/15989MB,46%,64,21d16h,2026-04-29 00:30:10
5461,45%,5184/15989MB,46%,64,21d16h,2026-04-29 00:35:10
5462,45%,5487/15989MB,46%,64,21d16h,2026-04-29 00:40:10
5463,45%,5320/15989MB,46%,64,21d16h,2026-04-29 00:45:09
5464,45%,5477/15989MB,46%,64,21d16h,2026-04-29 00:50:10
5465,45%,5619/15989MB,46%,66,21d16h,2026-04-29 00:55:10
5466,45%,5127/15989MB,46%,64,21d16h,2026-04-29 01:00:25
5467,45%,5351/15989MB,46%,64,21d16h,2026-04-29 01:05:13
5468,45%,5074/15989MB,46%,66,21d16h,2026-04-29 01:10:10
5469,45%,5420/15989MB,46%,64,21d17h,2026-04-29 01:15:10
5470,45%,5482/15989MB,46%,64,21d17h,2026-04-29 01:20:17
5471,45%,5490/15989MB,46%,64,21d17h,2026-04-29 01:25:11
5472,45%,5502/15989MB,46%,64,21d17h,2026-04-29 01:30:09
5473,45%,5335/15989MB,46%,64,21d17h,2026-04-29 01:35:13
5474,45%,5479/15989MB,46%,64,21d17h,2026-04-29 01:40:09
5475,45%,5168/15989MB,46%,64,21d17h,2026-04-29 01:45:14
5476,45%,5476/15989MB,46%,64,21d17h,2026-04-29 01:50:10
5477,45%,4971/15989MB,46%,64,21d17h,2026-04-29 01:55:13
5478,45%,5348/15989MB,46%,64,21d17h,2026-04-29 02:00:16
5479,45%,5244/15989MB,47%,66,21d17h,2026-04-29 02:05:13
5480,45%,5480/15989MB,46%,64,21d17h,2026-04-29 02:10:17
5481,45%,5477/15989MB,46%,64,21d18h,2026-04-29 02:15:16
5482,45%,5493/15989MB,46%,64,21d18h,2026-04-29 02:20:13
5483,45%,5008/15989MB,46%,64,21d18h,2026-04-29 02:25:14
5484,45%,5461/15989MB,46%,64,21d18h,2026-04-29 02:30:10
5485,45%,5482/15989MB,46%,64,21d18h,2026-04-29 02:35:12
5486,45%,5003/15989MB,46%,64,21d18h,2026-04-29 02:40:18
5487,45%,5436/15989MB,46%,66,21d18h,2026-04-29 02:45:14
5488,45%,5502/15989MB,46%,64,21d18h,2026-04-29 02:50:19
5489,45%,5192/15989MB,46%,64,21d18h,2026-04-29 02:55:09
5490,45%,5658/15989MB,46%,66,21d18h,2026-04-29 03:00:15
5491,45%,5483/15989MB,46%,64,21d18h,2026-04-29 03:05:11
5492,45%,5115/15989MB,46%,64,21d18h,2026-04-29 03:10:16
5493,45%,5513/15989MB,46%,64,21d19h,2026-04-29 03:15:15
5494,45%,5504/15989MB,46%,64,21d19h,2026-04-29 03:20:09
5495,45%,4972/15989MB,46%,64,21d19h,2026-04-29 03:25:12
5496,45%,5240/15989MB,46%,64,21d19h,2026-04-29 03:30:13
5497,45%,4966/15989MB,46%,64,21d19h,2026-04-29 03:35:13
5498,45%,5647/15989MB,46%,66,21d19h,2026-04-29 03:40:10
5499,45%,5510/15989MB,46%,64,21d19h,2026-04-29 03:45:13
5500,45%,5484/15989MB,46%,64,21d19h,2026-04-29 03:50:18
5501,45%,5488/15989MB,46%,64,21d19h,2026-04-29 03:55:15
5502,45%,5219/15989MB,46%,64,21d19h,2026-04-29 04:00:15
5503,45%,5428/15989MB,46%,64,21d19h,2026-04-29 04:05:13
5504,45%,5454/15989MB,46%,64,21d19h,2026-04-29 04:10:13
5505,45%,5510/15989MB,46%,64,21d20h,2026-04-29 04:15:10
5506,45%,5513/15989MB,46%,64,21d20h,2026-04-29 04:20:13
5507,45%,5446/15989MB,46%,64,21d20h,2026-04-29 04:25:15
5508,45%,5507/15989MB,46%,64,21d20h,2026-04-29 04:30:20
5509,45%,5166/15989MB,46%,66,21d20h,2026-04-29 04:35:12
5510,45%,5514/15989MB,46%,64,21d20h,2026-04-29 04:40:10
5511,45%,5008/15989MB,46%,64,21d20h,2026-04-29 04:45:14
5512,45%,5216/15989MB,47%,66,21d20h,2026-04-29 04:50:16
5513,45%,5427/15989MB,47%,64,21d20h,2026-04-29 04:55:13
5514,45%,5502/15989MB,47%,64,21d20h,2026-04-29 05:00:14
5515,45%,5109/15989MB,47%,66,21d20h,2026-04-29 05:05:10
5516,45%,5260/15989MB,47%,64,21d20h,2026-04-29 05:10:10
5517,45%,5516/15989MB,47%,64,21d21h,2026-04-29 05:15:14
5518,45%,5507/15989MB,47%,64,21d21h,2026-04-29 05:20:15
5519,45%,5518/15989MB,47%,64,21d21h,2026-04-29 05:25:10
5520,45%,5852/15989MB,48%,67,21d21h,2026-04-29 05:30:15
5521,45%,5379/15989MB,49%,68,21d21h,2026-04-29 05:35:15
5522,45%,5246/15989MB,53%,68,21d21h,2026-04-29 05:40:17
5523,45%,5268/15989MB,53%,68,21d21h,2026-04-29 05:45:13
5524,45%,5429/15989MB,53%,64,21d21h,2026-04-29 05:50:11
5525,45%,5380/15989MB,53%,64,21d21h,2026-04-29 05:55:12
5526,45%,5216/15989MB,53%,64,21d21h,2026-04-29 06:00:20
5527,45%,5328/15989MB,53%,64,21d21h,2026-04-29 06:05:12
5528,2.57 1.78 2.09,5526/15989MB,53%,64,live,2026-04-29 06:10:04
5529,45%,5460/15989MB,53%,64,21d21h,2026-04-29 06:10:16
5530,1.72 1.66 1.95,5575/15989MB,53%,64,live,2026-04-29 06:15:06
5531,45%,5524/15989MB,53%,64,21d22h,2026-04-29 06:15:13
5532,45%,5725/15989MB,53%,65,21d22h,2026-04-29 06:20:11
5533,45%,5518/15989MB,53%,64,21d22h,2026-04-29 06:25:12
5534,45%,5631/15989MB,53%,64,21d22h,2026-04-29 06:30:17
5535,45%,5648/15989MB,53%,66,21d22h,2026-04-29 06:35:13
5536,45%,5093/15989MB,53%,65,21d22h,2026-04-29 06:40:11
5537,45%,5647/15989MB,53%,67,21d22h,2026-04-29 06:45:14
5538,1.91 1.84 1.94,5562/15989MB,53%,65,live,2026-04-29 06:50:11
5539,45%,5556/15989MB,53%,65,21d22h,2026-04-29 06:50:17
5540,1.74 1.81 1.89,5024/15989MB,53%,64,live,2026-04-29 06:55:09
5541,45%,5015/15989MB,53%,64,21d22h,2026-04-29 06:55:12
5542,1.48 1.58 1.77,5478/15989MB,53%,64,live,2026-04-29 07:00:12
5543,45%,5499/15989MB,53%,64,21d22h,2026-04-29 07:00:15
5544,45%,5548/15989MB,53%,64,21d22h,2026-04-29 07:05:12
5545,1.42 1.66 1.78,5477/15989MB,53%,64,live,2026-04-29 07:05:13
5546,45%,5518/15989MB,53%,64,21d22h,2026-04-29 07:10:12
5547,1.52 1.78 1.81,5298/15989MB,53%,64,live,2026-04-29 07:10:46
5548,45%,5016/15989MB,53%,64,21d23h,2026-04-29 07:15:15
5549,2.42 1.87 1.82,5025/15989MB,53%,64,live,2026-04-29 07:15:13
5550,45%,5242/15989MB,53%,64,21d23h,2026-04-29 07:20:16
5551,1.37 1.76 1.79,5431/15989MB,53%,64,live,2026-04-29 07:20:17
5552,45%,5311/15989MB,53%,64,21d23h,2026-04-29 07:25:13
5553,1.47 1.71 1.77,5502/15989MB,53%,64,live,2026-04-29 07:25:19
5554,45%,5357/15989MB,53%,64,21d23h,2026-04-29 07:30:19
5555,45%,5524/15989MB,53%,64,21d23h,2026-04-29 07:35:11
5556,2.02 1.95 1.89,5521/15989MB,53%,64,live,2026-04-29 07:35:16
5557,45%,5009/15989MB,53%,64,21d23h,2026-04-29 07:40:10
5558,1.59 1.90 1.89,5027/15989MB,53%,64,live,2026-04-29 07:40:16
5559,45%,5543/15989MB,53%,64,21d23h,2026-04-29 07:45:15
5560,3.26 2.22 2.01,5481/15989MB,53%,66,live,2026-04-29 07:45:23
5561,45%,5537/15989MB,53%,64,21d23h,2026-04-29 07:50:16
5562,2.86 2.25 2.04,5570/15989MB,53%,64,live,2026-04-29 07:50:18
5563,45%,5326/15989MB,53%,64,21d23h,2026-04-29 07:55:13
5564,2.68 2.22 2.09,5541/15989MB,53%,64,live,2026-04-29 07:55:18
5565,45%,5685/15989MB,53%,66,21d23h,2026-04-29 08:00:10
5566,2.47 2.21 2.11,5707/15989MB,53%,66,live,2026-04-29 08:00:22
5567,45%,5238/15989MB,53%,64,21d23h,2026-04-29 08:05:13
5568,2.60 2.41 2.23,5330/15989MB,53%,64,live,2026-04-29 08:05:15
5569,2.82 2.37 2.24,5181/15989MB,53%,64,live,2026-04-29 08:10:05
5570,45%,5262/15989MB,53%,64,21d23h,2026-04-29 08:10:10
5571,1.89 2.10 2.16,5565/15989MB,53%,64,live,2026-04-29 08:15:11
5572,45%,5568/15989MB,53%,64,22d0h,2026-04-29 08:15:14
5573,45%,5306/15989MB,53%,64,22d0h,2026-04-29 08:20:16
5574,45%,5560/15989MB,53%,66,22d0h,2026-04-29 08:25:11
5575,45%,5300/15989MB,53%,64,22d0h,2026-04-29 08:30:19
5576,45%,5519/15989MB,53%,64,22d0h,2026-04-29 08:35:13
5577,45%,5533/15989MB,53%,64,22d0h,2026-04-29 08:40:09
5578,45%,5542/15989MB,53%,64,22d0h,2026-04-29 08:45:12
5579,45%,5539/15989MB,53%,64,22d0h,2026-04-29 08:45:39
5580,45%,5432/15989MB,53%,64,22d0h,2026-04-29 08:50:40
5581,45%,5553/15989MB,53%,64,22d0h,2026-04-29 08:55:42
5582,45%,5539/15989MB,53%,64,22d0h,2026-04-29 09:00:48
5583,45%,5471/15989MB,53%,64,22d0h,2026-04-29 09:05:43
5584,45%,5015/15989MB,53%,64,22d0h,2026-04-29 09:10:39
5585,45%,5121/15989MB,53%,66,22d1h,2026-04-29 09:15:46
5586,45%,5530/15989MB,53%,64,22d1h,2026-04-29 09:20:46
5587,45%,5519/15989MB,53%,64,22d1h,2026-04-29 09:25:43
5588,45%,5530/15989MB,53%,64,22d1h,2026-04-29 09:30:49
5589,45%,5526/15989MB,53%,64,22d1h,2026-04-29 09:35:39
5590,45%,5533/15989MB,53%,64,22d1h,2026-04-29 09:40:40
5591,45%,5547/15989MB,53%,64,22d1h,2026-04-29 09:45:39
5592,45%,5528/15989MB,53%,64,22d1h,2026-04-29 09:50:46
5593,45%,5516/15989MB,53%,64,22d1h,2026-04-29 09:55:43
5594,45%,5520/15989MB,53%,64,22d1h,2026-04-29 10:00:49
5595,45%,5536/15989MB,53%,64,22d1h,2026-04-29 10:05:39
5596,45%,5003/15989MB,53%,64,22d1h,2026-04-29 10:10:38
5597,45%,5168/15989MB,53%,64,22d2h,2026-04-29 10:15:46
5598,45%,5656/15989MB,53%,66,22d2h,2026-04-29 10:20:48
5599,45%,5607/15989MB,53%,64,22d2h,2026-04-29 10:25:40
5600,45%,5519/15989MB,53%,64,22d2h,2026-04-29 10:30:49
5601,45%,5160/15989MB,53%,64,22d2h,2026-04-29 10:35:43
5602,45%,5287/15989MB,53%,64,22d2h,2026-04-29 10:40:47
5603,45%,5526/15989MB,53%,64,22d2h,2026-04-29 10:45:39
5604,45%,5540/15989MB,53%,64,22d2h,2026-04-29 10:50:48
5605,45%,5018/15989MB,53%,64,22d2h,2026-04-29 10:55:40
5606,45%,5491/15989MB,53%,64,22d2h,2026-04-29 11:00:40
5607,45%,5534/15989MB,53%,64,22d2h,2026-04-29 11:05:40
5608,45%,5526/15989MB,53%,64,22d2h,2026-04-29 11:10:48
5609,45%,5017/15989MB,53%,64,22d3h,2026-04-29 11:15:42
5610,45%,5284/15989MB,53%,64,22d3h,2026-04-29 11:20:47
5611,45%,5543/15989MB,53%,64,22d3h,2026-04-29 11:25:40
5612,45%,5529/15989MB,53%,64,22d3h,2026-04-29 11:30:40
5613,45%,5560/15989MB,53%,64,22d3h,2026-04-29 11:35:40
5614,45%,6324/15989MB,54%,66,22d3h,2026-04-29 11:40:44
5615,45%,7225/15989MB,56%,67,22d3h,2026-04-29 11:45:45
5616,45%,6035/15989MB,58%,67,22d3h,2026-04-29 11:50:49
5617,45%,6887/15989MB,61%,67,22d3h,2026-04-29 11:55:42
5618,45%,5862/15989MB,61%,64,22d3h,2026-04-29 12:00:42
5619,45%,5360/15989MB,61%,64,22d3h,2026-04-29 12:05:39
5620,45%,5403/15989MB,61%,64,22d3h,2026-04-29 12:10:39
5621,45%,5606/15989MB,61%,64,22d4h,2026-04-29 12:15:40
5622,45%,6056/15989MB,61%,66,22d4h,2026-04-29 12:20:40
5623,45%,5890/15989MB,61%,64,22d4h,2026-04-29 12:25:46
5624,45%,5818/15989MB,61%,64,22d4h,2026-04-29 12:30:50
5625,45%,5875/15989MB,61%,64,22d4h,2026-04-29 12:35:45
5626,45%,5880/15989MB,61%,64,22d4h,2026-04-29 12:40:48
5627,45%,5669/15989MB,61%,64,22d4h,2026-04-29 12:45:41
5628,45%,5549/15989MB,61%,64,22d4h,2026-04-29 12:50:39
5629,45%,5734/15989MB,61%,64,22d4h,2026-04-29 12:55:44
5630,45%,5712/15989MB,61%,64,22d4h,2026-04-29 13:00:54
5631,45%,5747/15989MB,61%,64,22d4h,2026-04-29 13:05:44
5632,45%,5751/15989MB,61%,64,22d4h,2026-04-29 13:10:48
5633,45%,5774/15989MB,61%,64,22d5h,2026-04-29 13:15:39
5634,45%,5390/15989MB,61%,64,22d5h,2026-04-29 13:20:46
5635,45%,5383/15989MB,61%,64,22d5h,2026-04-29 13:25:41
5636,45%,5518/15989MB,61%,64,22d5h,2026-04-29 13:30:56
5637,45%,5464/15989MB,61%,64,22d5h,2026-04-29 13:35:39
5638,45%,5566/15989MB,61%,64,22d5h,2026-04-29 13:40:41
5639,1.68 1.70 1.82,5516/15989MB,61%,64,live,2026-04-29 13:41:25
5640,45%,5553/15989MB,61%,64,22d5h,2026-04-29 13:45:48
5641,45%,5568/15989MB,61%,64,22d5h,2026-04-29 13:50:41
5642,45%,5150/15989MB,61%,66,22d5h,2026-04-29 13:55:41
5643,45%,5299/15989MB,61%,64,22d5h,2026-04-29 14:00:41
5644,45%,5582/15989MB,61%,64,22d5h,2026-04-29 14:05:43
5645,45%,5593/15989MB,61%,64,22d5h,2026-04-29 14:10:51
5646,45%,5354/15989MB,61%,64,22d6h,2026-04-29 14:15:43
5647,45%,5573/15989MB,61%,64,22d6h,2026-04-29 14:20:40
5648,45%,5166/15989MB,61%,64,22d6h,2026-04-29 14:25:42
5649,45%,5575/15989MB,61%,64,22d6h,2026-04-29 14:30:44
5650,45%,5568/15989MB,61%,64,22d6h,2026-04-29 14:35:48
5651,45%,5355/15989MB,61%,64,22d6h,2026-04-29 14:40:40
5652,45%,5619/15989MB,61%,64,22d6h,2026-04-29 14:45:41
5653,45%,5554/15989MB,61%,64,22d6h,2026-04-29 14:50:40
5654,45%,5559/15989MB,61%,64,22d6h,2026-04-29 14:55:45
5655,45%,5035/15989MB,61%,64,22d6h,2026-04-29 15:00:41
5656,45%,5347/15989MB,61%,64,22d6h,2026-04-29 15:05:45
5657,45%,5573/15989MB,61%,64,22d6h,2026-04-29 15:10:41
5658,45%,5553/15989MB,61%,64,22d7h,2026-04-29 15:15:40
5659,45%,5050/15989MB,61%,64,22d7h,2026-04-29 15:20:43
5660,45%,5527/15989MB,61%,64,22d7h,2026-04-29 15:25:40
5661,45%,5574/15989MB,61%,65,22d7h,2026-04-29 15:30:51
5662,45%,5051/15989MB,61%,64,22d7h,2026-04-29 15:35:42
5663,45%,5472/15989MB,61%,64,22d7h,2026-04-29 15:40:43
5664,45%,5435/15989MB,61%,64,22d7h,2026-04-29 15:45:43
5665,45%,5565/15989MB,61%,64,22d7h,2026-04-29 15:50:39
5666,45%,5305/15989MB,61%,64,22d7h,2026-04-29 15:55:40
5667,45%,5392/15989MB,61%,64,22d7h,2026-04-29 16:00:41
5668,45%,5575/15989MB,61%,64,22d7h,2026-04-29 16:05:45
5669,45%,5567/15989MB,61%,64,22d7h,2026-04-29 16:10:50
5670,45%,5050/15989MB,61%,64,22d8h,2026-04-29 16:15:47
5671,45%,5505/15989MB,61%,64,22d8h,2026-04-29 16:20:42
5672,45%,5623/15989MB,61%,64,22d8h,2026-04-29 16:25:40
5673,45%,5576/15989MB,61%,64,22d8h,2026-04-29 16:30:40
5674,45%,5099/15989MB,61%,65,22d8h,2026-04-29 16:35:44
5675,45%,5544/15989MB,61%,64,22d8h,2026-04-29 16:40:40
5676,45%,5572/15989MB,61%,64,22d8h,2026-04-29 16:45:44
5677,45%,5180/15989MB,61%,64,22d8h,2026-04-29 16:50:39
5678,45%,5575/15989MB,61%,64,22d8h,2026-04-29 16:55:41
5679,45%,5490/15989MB,61%,64,22d8h,2026-04-29 17:00:42
5680,45%,5591/15989MB,61%,64,22d8h,2026-04-29 17:05:43
5681,45%,5557/15989MB,61%,64,22d8h,2026-04-29 17:10:49
5682,45%,5302/15989MB,61%,64,22d9h,2026-04-29 17:15:51
5683,45%,5531/15989MB,61%,64,22d9h,2026-04-29 17:20:44
5684,45%,5585/15989MB,61%,64,22d9h,2026-04-29 17:25:42
5685,45%,5380/15989MB,61%,66,22d9h,2026-04-29 17:30:41
5686,45%,5380/15989MB,61%,64,22d9h,2026-04-29 17:35:44
5687,45%,5368/15989MB,61%,64,22d9h,2026-04-29 17:40:43
5688,45%,5166/15989MB,61%,66,22d9h,2026-04-29 17:45:50
5689,45%,5605/15989MB,61%,64,22d9h,2026-04-29 17:50:48
5690,45%,5505/15989MB,61%,64,22d9h,2026-04-29 17:55:41
5691,45%,5058/15989MB,61%,64,22d9h,2026-04-29 18:00:49
5692,45%,5615/15989MB,61%,64,22d9h,2026-04-29 18:05:42
5693,45%,5426/15989MB,61%,64,22d9h,2026-04-29 18:10:44
5694,45%,5569/15989MB,61%,64,22d10h,2026-04-29 18:20:49
5695,45%,5172/15989MB,61%,66,22d10h,2026-04-29 18:25:40
5696,45%,5598/15989MB,61%,64,22d10h,2026-04-29 18:30:53
5697,45%,5570/15989MB,61%,64,22d10h,2026-04-29 18:35:40
5698,45%,5385/15989MB,61%,66,22d10h,2026-04-29 18:40:45
5699,45%,5585/15989MB,61%,64,22d10h,2026-04-29 18:45:44
5700,1.91 1.71 1.72,5362/15989MB,61%,66,live,2026-04-29 18:46:16
5701,45%,5071/15989MB,61%,64,22d10h,2026-04-29 18:50:40
5702,45%,5431/15989MB,61%,64,22d10h,2026-04-29 18:55:40
5703,45%,5588/15989MB,61%,64,22d10h,2026-04-29 19:00:55
5704,45%,5307/15989MB,61%,64,22d10h,2026-04-29 19:05:44
5705,45%,5629/15989MB,61%,64,22d10h,2026-04-29 19:10:45
5706,45%,5065/15989MB,61%,64,22d11h,2026-04-29 19:15:48
5707,45%,5634/15989MB,61%,64,22d11h,2026-04-29 19:20:42
5708,45%,5050/15989MB,61%,64,22d11h,2026-04-29 19:25:44
5709,45%,5595/15989MB,61%,64,22d11h,2026-04-29 19:30:51
5710,45%,5064/15989MB,61%,64,22d11h,2026-04-29 19:35:40
5711,2.74 2.17 2.03,5596/15989MB,48%,65,live,2026-04-30 00:15:51
5712,1.73 1.55 1.63,5589/15989MB,48%,64,live,2026-04-30 01:25:35
5713,1.88 1.79 1.66,5567/15989MB,48%,64,live,2026-04-30 01:40:20
5714,1.47 1.48 1.56,5601/15989MB,48%,64,live,2026-04-30 01:51:11
5715,1.46 1.83 1.82,5503/15989MB,48%,66,live,2026-04-30 03:20:42
5716,4.03 3.32 3.05,5974/15989MB,49%,68,live,2026-04-30 06:00:54
5717,4.03 3.32 3.05,5974/15989MB,49%,68,live,2026-04-30 06:00:57
5718,2.07 2.78 2.90,5162/15989MB,49%,66,live,2026-04-30 06:05:14
5719,3.22 3.15 3.02,5561/15989MB,49%,64,live,2026-04-30 06:15:10
5720,2.90 3.16 3.16,5898/15989MB,49%,68,live,2026-04-30 06:40:44
5721,1.97 2.92 3.09,5149/15989MB,49%,64,live,2026-04-30 06:45:06
5722,4.38 2.98 3.00,5725/15989MB,49%,64,live,2026-04-30 06:50:13
5723,2.19 2.75 2.90,5811/15989MB,49%,66,live,2026-04-30 06:55:10
5724,2.44 2.75 2.89,5653/15989MB,49%,65,live,2026-04-30 07:00:27
5725,2.30 2.58 2.79,5805/15989MB,49%,66,live,2026-04-30 07:05:21
5726,2.48 3.03 2.95,5691/15989MB,49%,65,live,2026-04-30 07:15:23
5727,2.62 2.83 2.88,5214/15989MB,50%,66,live,2026-04-30 07:20:43
5728,2.21 2.81 2.88,5664/15989MB,50%,64,live,2026-04-30 07:25:15
5729,1.99 2.37 2.67,5649/15989MB,50%,66,live,2026-04-30 07:30:56
5730,2.31 2.57 2.71,5583/15989MB,50%,67,live,2026-04-30 07:35:20
5731,2.26 2.75 2.77,5534/15989MB,50%,64,live,2026-04-30 07:45:20
5732,4.09 3.22 2.94,5544/15989MB,50%,65,live,2026-04-30 07:50:14
5733,2.61 3.06 2.97,5707/15989MB,50%,66,live,2026-04-30 07:55:13
5734,2.07 2.25 2.27,5136/15989MB,49%,64,live,2026-04-30 13:50:13
5735,1.45 2.03 2.18,5238/15989MB,49%,64,live,2026-04-30 13:55:06
5736,1.95 1.87 2.00,5681/15989MB,49%,64,live,2026-04-30 14:05:23
5737,1.25 1.55 1.83,5637/15989MB,49%,64,live,2026-04-30 14:10:21
5738,1.64 1.88 1.92,5682/15989MB,48%,64,live,2026-04-30 14:15:17
5739,2.52 2.15 1.99,5658/15989MB,48%,64,live,2026-04-30 14:20:48
5740,2.05 1.81 1.87,5469/15989MB,48%,64,live,2026-04-30 14:25:19
5741,1.75 1.79 1.85,5636/15989MB,48%,64,live,2026-04-30 14:30:23
5742,1.66 1.93 1.92,5563/15989MB,48%,64,live,2026-04-30 14:35:18
5743,1.66 1.84 1.87,5240/15989MB,48%,66,live,2026-04-30 14:40:47
5744,2.17 1.86 1.87,5636/15989MB,48%,64,live,2026-04-30 14:45:21
5745,1.42 1.67 1.78,5628/15989MB,48%,64,live,2026-04-30 14:50:21
5746,1.63 1.89 1.87,5125/15989MB,48%,64,live,2026-04-30 14:55:18
5747,1.79 1.76 1.82,5490/15989MB,48%,64,live,2026-04-30 15:00:26
5748,2.60 1.84 1.81,5672/15989MB,48%,64,live,2026-04-30 15:05:12
5749,4.01 2.41 2.01,5683/15989MB,48%,66,live,2026-04-30 15:10:06
5750,2.32 2.41 2.14,5241/15989MB,48%,64,live,2026-04-30 15:15:10
5751,1.63 2.23 2.15,5742/15989MB,48%,66,live,2026-04-30 15:20:50
5752,1.72 1.76 1.96,5631/15989MB,48%,64,live,2026-04-30 15:25:15
5753,1.95 1.71 1.88,5355/15989MB,48%,64,live,2026-04-30 15:30:18
5754,2.16 1.78 1.84,5668/15989MB,48%,64,live,2026-04-30 15:35:15
5755,1.59 1.61 1.74,5122/15989MB,48%,64,live,2026-04-30 15:40:21
5756,?,5496/15989MB,?%,64,live,2026-04-30 15:45:29
5757,2.03 1.69 1.71,5646/15989MB,48%,64,live,2026-04-30 15:50:16
5758,1.79 1.80 1.75,5665/15989MB,48%,64,live,2026-04-30 15:55:19
5759,1.62 1.66 1.74,5621/15989MB,49%,65,live,2026-05-01 22:01:03
5760,1.45 1.87 1.84,5706/15989MB,49%,64,live,2026-05-01 22:32:42
5761,1.36 1.57 1.66,5545/15989MB,49%,64,live,2026-05-01 23:20:36
5762,1.63 1.48 1.56,5718/15989MB,49%,64,live,2026-05-01 23:45:36
5763,2.98 2.09 1.78,5611/15989MB,49%,64,live,2026-05-02 00:00:55
5764,1.28 1.73 1.85,5527/15989MB,49%,64,live,2026-05-02 00:40:42
5765,0.88 1.31 1.64,5293/15989MB,49%,64,live,2026-05-02 00:45:34
5766,1.61 1.73 1.69,5838/15989MB,49%,66,live,2026-05-02 01:00:55
5767,2.28 1.67 1.55,5805/15989MB,49%,66,live,2026-05-02 01:25:51
5768,1.32 1.55 1.64,5689/15989MB,49%,64,live,2026-05-02 02:20:32
5769,1.21 1.68 1.69,5293/15989MB,49%,66,live,2026-05-02 02:40:49
5770,1.59 1.73 1.71,5678/15989MB,49%,64,live,2026-05-02 03:02:01
5771,1.66 1.65 1.74,5161/15989MB,49%,64,live,2026-05-02 03:20:54
5772,1.16 1.39 1.52,5670/15989MB,49%,64,live,2026-05-02 03:45:31
5773,1.70 1.58 1.60,5628/15989MB,49%,64,live,2026-05-02 04:20:52
5774,2.48 1.75 1.61,5617/15989MB,49%,65,live,2026-05-02 04:45:38
5775,2.44 2.02 1.85,5544/15989MB,49%,66,live,2026-05-02 05:15:26
5776,1.67 1.82 1.81,5572/15989MB,49%,64,live,2026-05-02 05:20:25
5777,1.57 1.58 1.70,5335/15989MB,49%,64,live,2026-05-02 05:25:33
5778,1.72 1.88 1.80,5545/15989MB,49%,64,live,2026-05-02 05:31:14
5779,1.30 1.55 1.65,5523/15989MB,49%,64,live,2026-05-02 06:20:50
5780,3.36 2.02 1.77,5511/15989MB,49%,64,live,2026-05-02 06:30:46
5781,1.80 1.95 1.82,5724/15989MB,49%,64,live,2026-05-02 06:40:45
5782,2.06 1.69 1.63,5189/15989MB,49%,64,live,2026-05-02 07:40:36
5783,1.19 1.27 1.44,5690/15989MB,49%,64,live,2026-05-02 08:00:54
5784,1.11 1.47 1.52,5739/15989MB,49%,64,live,2026-05-02 08:10:35
5785,1.88 1.85 1.67,5705/15989MB,49%,64,live,2026-05-02 08:15:26
5786,1.72 1.81 1.72,5576/15989MB,49%,64,live,2026-05-02 09:01:13
5787,2.42 2.01 1.79,5809/15989MB,49%,67,live,2026-05-02 09:15:36
5788,2.29 1.99 1.82,5267/15989MB,49%,64,live,2026-05-02 09:31:18
5789,1.68 1.78 1.83,5656/15989MB,49%,64,live,2026-05-02 10:32:06
5790,2.79 2.09 1.81,5642/15989MB,49%,64,live,2026-05-02 11:40:37
5791,2.36 1.88 1.76,5431/15989MB,49%,64,live,2026-05-02 11:45:43
5792,4.13 2.78 2.16,5865/15989MB,49%,66,live,2026-05-02 13:45:43
5793,2.97 2.98 2.70,5623/15989MB,49%,64,live,2026-05-02 14:00:10
5794,3.09 3.08 2.94,5399/15989MB,49%,66,live,2026-05-02 14:20:19
5795,4.14 3.36 3.07,5719/15989MB,49%,64,live,2026-05-02 14:25:10
